employee_id,leave_type,start_date,end_date,days,status
EMP1000,Casual,2026-05-12,2026-05-16,5,Approved
EMP1000,Unpaid,2026-07-14,2026-07-18,5,Approved
EMP1000,Earned,2026-07-06,2026-07-08,3,Approved
EMP1000,Casual,2026-08-20,2026-08-22,3,Approved
EMP1002,Sick,2026-04-30,2026-05-04,5,Approved
EMP1002,Casual,2026-07-13,2026-07-13,1,Approved
EMP1002,Earned,2026-07-09,2026-07-13,5,Rejected
EMP1002,Unpaid,2026-06-19,2026-06-20,2,Approved
EMP1002,Unpaid,2026-06-14,2026-06-16,3,Approved
EMP1004,Casual,2026-05-09,2026-05-13,5,Approved
EMP1004,Earned,2026-08-21,2026-08-23,3,Approved
EMP1004,Casual,2026-06-26,2026-06-28,3,Approved
EMP1004,Unpaid,2026-05-02,2026-05-04,3,Approved
EMP1004,Earned,2026-07-06,2026-07-06,1,Rejected
EMP1004,Earned,2026-07-01,2026-07-02,2,Approved
EMP1006,Unpaid,2026-07-12,2026-07-12,1,Approved
EMP1006,Sick,2026-07-17,2026-07-17,1,Approved
EMP1006,Earned,2026-07-31,2026-08-04,5,Approved
EMP1006,Earned,2026-05-20,2026-05-22,3,Approved
EMP1006,Casual,2026-08-17,2026-08-19,3,Approved
EMP1006,Earned,2026-06-15,2026-06-16,2,Approved
EMP1006,Sick,2026-07-13,2026-07-13,1,Rejected
EMP1007,Casual,2026-08-19,2026-08-20,2,Approved
EMP1007,Sick,2026-08-03,2026-08-07,5,Approved
EMP1007,Casual,2026-07-10,2026-07-12,3,Approved
EMP1008,Earned,2026-05-14,2026-05-14,1,Approved
EMP1008,Earned,2026-08-03,2026-08-03,1,Approved
EMP1008,Casual,2026-08-12,2026-08-16,5,Approved
EMP1008,Casual,2026-06-11,2026-06-12,2,Approved
EMP1009,Unpaid,2026-07-27,2026-07-31,5,Approved
EMP1009,Casual,2026-05-29,2026-05-30,2,Approved
EMP1009,Casual,2026-07-30,2026-08-03,5,Approved
EMP1009,Casual,2026-05-21,2026-05-21,1,Approved
EMP1009,Unpaid,2026-05-28,2026-05-29,2,Approved
EMP1009,Unpaid,2026-07-09,2026-07-09,1,Approved
EMP1009,Earned,2026-06-15,2026-06-15,1,Approved
EMP1009,Sick,2026-06-02,2026-06-02,1,Approved
EMP1010,Earned,2026-06-06,2026-06-06,1,Approved
EMP1010,Unpaid,2026-05-18,2026-05-20,3,Approved
EMP1010,Unpaid,2026-07-18,2026-07-19,2,Approved
EMP1010,Unpaid,2026-05-24,2026-05-24,1,Approved
EMP1010,Unpaid,2026-06-12,2026-06-14,3,Approved
EMP1010,Sick,2026-06-27,2026-07-01,5,Approved
EMP1010,Earned,2026-05-11,2026-05-12,2,Approved
EMP1010,Unpaid,2026-07-01,2026-07-01,1,Approved
EMP1010,Sick,2026-05-14,2026-05-18,5,Approved
EMP1011,Sick,2026-07-27,2026-07-31,5,Approved
EMP1011,Sick,2026-06-21,2026-06-21,1,Rejected
EMP1011,Sick,2026-08-09,2026-08-10,2,Approved
EMP1011,Unpaid,2026-07-20,2026-07-24,5,Approved
EMP1011,Casual,2026-08-12,2026-08-13,2,Approved
EMP1011,Sick,2026-07-19,2026-07-21,3,Approved
EMP1013,Unpaid,2026-08-20,2026-08-24,5,Approved
EMP1013,Earned,2026-08-15,2026-08-16,2,Approved
EMP1013,Unpaid,2026-06-08,2026-06-09,2,Approved
EMP1013,Casual,2026-05-26,2026-05-26,1,Approved
EMP1013,Earned,2026-08-07,2026-08-08,2,Approved
EMP1013,Earned,2026-06-12,2026-06-16,5,Approved
EMP1013,Sick,2026-05-29,2026-05-30,2,Approved
EMP1013,Unpaid,2026-07-11,2026-07-15,5,Approved
EMP1013,Unpaid,2026-06-25,2026-06-27,3,Approved
EMP1014,Sick,2026-07-03,2026-07-07,5,Approved
EMP1014,Casual,2026-05-03,2026-05-05,3,Approved
EMP1014,Unpaid,2026-08-05,2026-08-06,2,Approved
EMP1014,Unpaid,2026-07-25,2026-07-29,5,Approved
EMP1014,Unpaid,2026-07-16,2026-07-16,1,Approved
EMP1014,Earned,2026-06-29,2026-06-29,1,Approved
EMP1015,Earned,2026-06-30,2026-06-30,1,Approved
EMP1015,Unpaid,2026-08-12,2026-08-14,3,Approved
EMP1015,Earned,2026-05-22,2026-05-22,1,Approved
EMP1015,Casual,2026-06-26,2026-06-28,3,Approved
EMP1015,Casual,2026-07-28,2026-07-28,1,Approved
EMP1016,Earned,2026-05-10,2026-05-12,3,Approved
EMP1016,Sick,2026-06-20,2026-06-24,5,Approved
EMP1016,Earned,2026-08-04,2026-08-04,1,Approved
EMP1016,Sick,2026-08-18,2026-08-18,1,Approved
EMP1016,Unpaid,2026-06-05,2026-06-06,2,Approved
EMP1017,Earned,2026-08-05,2026-08-09,5,Approved
EMP1017,Earned,2026-08-01,2026-08-01,1,Rejected
EMP1017,Sick,2026-08-02,2026-08-02,1,Approved
EMP1017,Casual,2026-07-24,2026-07-24,1,Approved
EMP1017,Unpaid,2026-08-17,2026-08-17,1,Rejected
EMP1017,Unpaid,2026-05-28,2026-05-28,1,Approved
EMP1018,Sick,2026-07-19,2026-07-19,1,Approved
EMP1018,Casual,2026-08-19,2026-08-19,1,Approved
EMP1019,Casual,2026-05-17,2026-05-17,1,Approved
EMP1019,Sick,2026-05-20,2026-05-20,1,Approved
EMP1019,Sick,2026-06-19,2026-06-23,5,Approved
EMP1019,Sick,2026-06-08,2026-06-12,5,Approved
EMP1019,Earned,2026-06-28,2026-06-30,3,Rejected
EMP1019,Earned,2026-08-17,2026-08-18,2,Approved
EMP1019,Casual,2026-07-10,2026-07-11,2,Approved
EMP1020,Unpaid,2026-06-29,2026-06-29,1,Approved
EMP1020,Earned,2026-05-06,2026-05-06,1,Approved
EMP1020,Earned,2026-04-30,2026-05-01,2,Approved
EMP1020,Earned,2026-07-12,2026-07-12,1,Approved
EMP1020,Unpaid,2026-08-01,2026-08-05,5,Approved
EMP1020,Unpaid,2026-07-31,2026-08-01,2,Approved
EMP1021,Earned,2026-07-24,2026-07-26,3,Approved
EMP1021,Unpaid,2026-07-29,2026-08-02,5,Approved
EMP1021,Unpaid,2026-07-31,2026-07-31,1,Approved
EMP1021,Earned,2026-06-12,2026-06-14,3,Approved
EMP1021,Sick,2026-08-03,2026-08-04,2,Approved
EMP1021,Earned,2026-05-12,2026-05-12,1,Approved
EMP1022,Unpaid,2026-06-06,2026-06-08,3,Rejected
EMP1022,Unpaid,2026-07-05,2026-07-05,1,Approved
EMP1022,Sick,2026-06-09,2026-06-13,5,Approved
EMP1022,Sick,2026-06-19,2026-06-20,2,Approved
EMP1023,Earned,2026-06-06,2026-06-07,2,Approved
EMP1023,Casual,2026-07-11,2026-07-13,3,Approved
EMP1023,Earned,2026-07-14,2026-07-16,3,Approved
EMP1024,Sick,2026-06-25,2026-06-26,2,Approved
EMP1024,Unpaid,2026-05-07,2026-05-11,5,Approved
EMP1024,Unpaid,2026-06-05,2026-06-07,3,Approved
EMP1024,Unpaid,2026-08-18,2026-08-20,3,Approved
EMP1025,Casual,2026-07-10,2026-07-11,2,Rejected
EMP1025,Unpaid,2026-07-19,2026-07-19,1,Rejected
EMP1025,Unpaid,2026-05-11,2026-05-12,2,Approved
EMP1025,Earned,2026-06-26,2026-06-28,3,Approved
EMP1025,Unpaid,2026-06-25,2026-06-25,1,Approved
EMP1025,Sick,2026-05-20,2026-05-24,5,Approved
EMP1025,Casual,2026-06-04,2026-06-04,1,Approved
EMP1025,Earned,2026-05-19,2026-05-21,3,Approved
EMP1025,Unpaid,2026-04-29,2026-05-03,5,Approved
EMP1027,Casual,2026-05-02,2026-05-06,5,Approved
EMP1027,Unpaid,2026-05-17,2026-05-17,1,Approved
EMP1027,Earned,2026-05-21,2026-05-25,5,Approved
EMP1027,Sick,2026-06-09,2026-06-09,1,Rejected
EMP1027,Sick,2026-07-19,2026-07-23,5,Rejected
EMP1027,Earned,2026-06-10,2026-06-11,2,Approved
EMP1027,Sick,2026-07-03,2026-07-03,1,Approved
EMP1027,Earned,2026-04-29,2026-04-30,2,Approved
EMP1028,Casual,2026-07-21,2026-07-21,1,Approved
EMP1028,Casual,2026-06-29,2026-06-30,2,Approved
EMP1028,Earned,2026-05-11,2026-05-11,1,Approved
EMP1028,Sick,2026-05-17,2026-05-17,1,Approved
EMP1028,Unpaid,2026-07-12,2026-07-16,5,Rejected
EMP1029,Unpaid,2026-08-08,2026-08-08,1,Approved
EMP1029,Casual,2026-06-20,2026-06-21,2,Approved
EMP1029,Earned,2026-07-25,2026-07-25,1,Approved
EMP1029,Earned,2026-06-02,2026-06-04,3,Approved
EMP1032,Sick,2026-06-17,2026-06-21,5,Approved
EMP1032,Earned,2026-04-28,2026-04-28,1,Approved
EMP1032,Casual,2026-08-14,2026-08-14,1,Approved
EMP1033,Sick,2026-04-29,2026-04-29,1,Approved
EMP1033,Unpaid,2026-06-24,2026-06-26,3,Approved
EMP1033,Casual,2026-05-19,2026-05-20,2,Approved
EMP1033,Casual,2026-06-06,2026-06-10,5,Approved
EMP1033,Casual,2026-07-15,2026-07-19,5,Approved
EMP1033,Sick,2026-04-30,2026-04-30,1,Approved
EMP1033,Sick,2026-05-14,2026-05-18,5,Approved
EMP1033,Casual,2026-06-14,2026-06-14,1,Approved
EMP1033,Sick,2026-05-09,2026-05-13,5,Rejected
EMP1034,Casual,2026-06-06,2026-06-06,1,Approved
EMP1034,Unpaid,2026-06-20,2026-06-21,2,Approved
EMP1034,Earned,2026-05-23,2026-05-25,3,Approved
EMP1034,Sick,2026-08-16,2026-08-20,5,Approved
EMP1035,Earned,2026-06-25,2026-06-25,1,Approved
EMP1035,Sick,2026-07-09,2026-07-09,1,Approved
EMP1035,Casual,2026-05-31,2026-05-31,1,Approved
EMP1036,Earned,2026-06-17,2026-06-17,1,Approved
EMP1036,Unpaid,2026-06-21,2026-06-23,3,Approved
EMP1036,Casual,2026-06-23,2026-06-23,1,Approved
EMP1036,Earned,2026-08-01,2026-08-01,1,Approved
EMP1037,Casual,2026-06-29,2026-07-01,3,Approved
EMP1037,Sick,2026-07-13,2026-07-13,1,Approved
EMP1038,Casual,2026-07-11,2026-07-13,3,Approved
EMP1038,Unpaid,2026-06-14,2026-06-15,2,Approved
EMP1038,Earned,2026-06-12,2026-06-12,1,Approved
EMP1038,Earned,2026-05-01,2026-05-03,3,Approved
EMP1038,Unpaid,2026-07-07,2026-07-09,3,Approved
EMP1038,Sick,2026-06-21,2026-06-22,2,Approved
EMP1038,Earned,2026-08-07,2026-08-07,1,Approved
EMP1038,Earned,2026-08-06,2026-08-06,1,Rejected
EMP1038,Sick,2026-08-05,2026-08-07,3,Approved
EMP1040,Unpaid,2026-08-21,2026-08-25,5,Approved
EMP1040,Sick,2026-07-15,2026-07-17,3,Approved
EMP1040,Sick,2026-06-12,2026-06-12,1,Approved
EMP1040,Casual,2026-06-20,2026-06-22,3,Approved
EMP1040,Unpaid,2026-07-18,2026-07-18,1,Approved
EMP1040,Casual,2026-06-14,2026-06-15,2,Approved
EMP1040,Unpaid,2026-06-10,2026-06-10,1,Approved
EMP1040,Unpaid,2026-06-30,2026-06-30,1,Approved
EMP1041,Casual,2026-05-05,2026-05-07,3,Approved
EMP1041,Sick,2026-05-13,2026-05-17,5,Approved
EMP1041,Sick,2026-07-11,2026-07-13,3,Approved
EMP1041,Unpaid,2026-05-07,2026-05-11,5,Approved
EMP1041,Earned,2026-08-02,2026-08-06,5,Approved
EMP1041,Unpaid,2026-05-05,2026-05-09,5,Approved
EMP1041,Sick,2026-06-20,2026-06-21,2,Approved
EMP1042,Casual,2026-06-07,2026-06-07,1,Approved
EMP1042,Unpaid,2026-06-09,2026-06-09,1,Approved
EMP1042,Casual,2026-05-01,2026-05-02,2,Approved
EMP1042,Earned,2026-06-07,2026-06-09,3,Approved
EMP1043,Casual,2026-05-04,2026-05-08,5,Approved
EMP1043,Casual,2026-07-02,2026-07-02,1,Rejected
EMP1043,Casual,2026-08-04,2026-08-08,5,Rejected
EMP1043,Earned,2026-04-29,2026-04-29,1,Approved
EMP1043,Earned,2026-05-06,2026-05-06,1,Approved
EMP1043,Sick,2026-08-01,2026-08-01,1,Approved
EMP1043,Unpaid,2026-06-03,2026-06-07,5,Approved
EMP1043,Sick,2026-06-01,2026-06-03,3,Approved
EMP1044,Casual,2026-07-25,2026-07-26,2,Approved
EMP1044,Casual,2026-07-16,2026-07-16,1,Rejected
EMP1044,Casual,2026-08-19,2026-08-19,1,Approved
EMP1044,Sick,2026-05-05,2026-05-05,1,Approved
EMP1044,Casual,2026-08-21,2026-08-21,1,Approved
EMP1044,Casual,2026-07-21,2026-07-23,3,Approved
EMP1044,Earned,2026-06-16,2026-06-18,3,Approved
EMP1045,Casual,2026-07-09,2026-07-10,2,Approved
EMP1045,Unpaid,2026-05-23,2026-05-27,5,Approved
EMP1045,Sick,2026-05-13,2026-05-14,2,Approved
EMP1048,Unpaid,2026-07-14,2026-07-14,1,Approved
EMP1048,Earned,2026-06-06,2026-06-06,1,Approved
EMP1048,Sick,2026-04-30,2026-04-30,1,Approved
EMP1048,Casual,2026-07-20,2026-07-20,1,Approved
EMP1048,Sick,2026-06-18,2026-06-20,3,Approved
EMP1048,Sick,2026-07-02,2026-07-04,3,Approved
EMP1049,Sick,2026-08-14,2026-08-14,1,Approved
EMP1049,Unpaid,2026-08-02,2026-08-06,5,Approved
EMP1050,Sick,2026-07-07,2026-07-09,3,Rejected
EMP1050,Casual,2026-06-27,2026-07-01,5,Approved
EMP1050,Sick,2026-05-16,2026-05-17,2,Approved
EMP1050,Casual,2026-05-06,2026-05-06,1,Approved
EMP1050,Earned,2026-07-27,2026-07-29,3,Approved
EMP1050,Unpaid,2026-07-16,2026-07-16,1,Approved
EMP1050,Earned,2026-07-29,2026-08-02,5,Approved
EMP1050,Sick,2026-05-02,2026-05-06,5,Rejected
EMP1052,Unpaid,2026-05-12,2026-05-12,1,Approved
EMP1052,Unpaid,2026-07-22,2026-07-22,1,Approved
EMP1052,Unpaid,2026-07-24,2026-07-25,2,Approved
EMP1052,Unpaid,2026-05-28,2026-05-28,1,Approved
EMP1052,Sick,2026-07-01,2026-07-02,2,Approved
EMP1052,Casual,2026-07-24,2026-07-26,3,Approved
EMP1052,Earned,2026-07-10,2026-07-10,1,Approved
EMP1052,Earned,2026-08-12,2026-08-14,3,Approved
EMP1053,Casual,2026-05-30,2026-05-30,1,Approved
EMP1053,Unpaid,2026-05-22,2026-05-23,2,Approved
EMP1053,Casual,2026-05-06,2026-05-07,2,Approved
EMP1053,Earned,2026-07-05,2026-07-05,1,Approved
EMP1053,Casual,2026-05-23,2026-05-23,1,Approved
EMP1053,Sick,2026-06-23,2026-06-23,1,Rejected
EMP1054,Sick,2026-08-04,2026-08-04,1,Rejected
EMP1054,Unpaid,2026-07-12,2026-07-13,2,Approved
EMP1054,Casual,2026-08-21,2026-08-22,2,Approved
EMP1054,Sick,2026-06-26,2026-06-26,1,Approved
EMP1054,Unpaid,2026-05-16,2026-05-18,3,Rejected
EMP1055,Sick,2026-06-28,2026-06-28,1,Approved
EMP1055,Earned,2026-07-22,2026-07-24,3,Approved
EMP1055,Sick,2026-05-30,2026-05-30,1,Approved
EMP1055,Casual,2026-06-05,2026-06-09,5,Rejected
EMP1055,Casual,2026-05-25,2026-05-25,1,Approved
EMP1055,Unpaid,2026-07-30,2026-07-30,1,Approved
EMP1055,Casual,2026-06-14,2026-06-14,1,Approved
EMP1055,Sick,2026-07-05,2026-07-07,3,Approved
EMP1056,Sick,2026-07-07,2026-07-07,1,Rejected
EMP1056,Unpaid,2026-07-28,2026-07-29,2,Approved
EMP1056,Unpaid,2026-05-01,2026-05-01,1,Approved
EMP1056,Casual,2026-07-19,2026-07-19,1,Approved
EMP1056,Unpaid,2026-05-14,2026-05-16,3,Approved
EMP1056,Earned,2026-07-21,2026-07-22,2,Rejected
EMP1056,Unpaid,2026-06-18,2026-06-20,3,Approved
EMP1057,Earned,2026-05-21,2026-05-25,5,Approved
EMP1057,Sick,2026-05-15,2026-05-19,5,Approved
EMP1057,Unpaid,2026-08-18,2026-08-18,1,Approved
EMP1057,Sick,2026-05-20,2026-05-20,1,Approved
EMP1057,Unpaid,2026-07-27,2026-07-27,1,Approved
EMP1057,Earned,2026-05-01,2026-05-01,1,Approved
EMP1057,Unpaid,2026-05-25,2026-05-27,3,Approved
EMP1057,Earned,2026-06-06,2026-06-08,3,Approved
EMP1058,Sick,2026-05-28,2026-06-01,5,Approved
EMP1058,Earned,2026-07-24,2026-07-24,1,Approved
EMP1058,Casual,2026-06-20,2026-06-20,1,Approved
EMP1058,Unpaid,2026-06-19,2026-06-23,5,Approved
EMP1058,Sick,2026-06-13,2026-06-14,2,Approved
EMP1058,Unpaid,2026-07-31,2026-07-31,1,Approved
EMP1058,Unpaid,2026-08-07,2026-08-07,1,Approved
EMP1059,Unpaid,2026-05-24,2026-05-24,1,Approved
EMP1059,Casual,2026-07-24,2026-07-28,5,Approved
EMP1059,Sick,2026-06-30,2026-07-02,3,Approved
EMP1059,Earned,2026-06-18,2026-06-18,1,Approved
EMP1059,Unpaid,2026-07-13,2026-07-14,2,Approved
EMP1062,Unpaid,2026-05-17,2026-05-17,1,Approved
EMP1062,Casual,2026-06-15,2026-06-16,2,Approved
EMP1062,Casual,2026-06-04,2026-06-08,5,Approved
EMP1062,Sick,2026-05-31,2026-06-02,3,Approved
EMP1062,Earned,2026-07-22,2026-07-23,2,Approved
EMP1062,Casual,2026-05-20,2026-05-22,3,Approved
EMP1064,Unpaid,2026-06-14,2026-06-16,3,Approved
EMP1064,Earned,2026-07-13,2026-07-13,1,Approved
EMP1064,Sick,2026-05-10,2026-05-10,1,Approved
EMP1064,Sick,2026-05-20,2026-05-20,1,Approved
EMP1064,Unpaid,2026-05-16,2026-05-16,1,Approved
EMP1064,Sick,2026-07-12,2026-07-14,3,Rejected
EMP1064,Earned,2026-06-18,2026-06-20,3,Approved
EMP1064,Earned,2026-06-28,2026-06-28,1,Approved
EMP1065,Unpaid,2026-05-26,2026-05-28,3,Approved
EMP1065,Casual,2026-05-04,2026-05-04,1,Approved
EMP1065,Casual,2026-05-31,2026-06-02,3,Approved
EMP1065,Earned,2026-05-08,2026-05-08,1,Rejected
EMP1065,Earned,2026-05-13,2026-05-15,3,Approved
EMP1065,Casual,2026-06-19,2026-06-21,3,Approved
EMP1065,Casual,2026-08-03,2026-08-04,2,Approved
EMP1065,Unpaid,2026-07-03,2026-07-03,1,Approved
EMP1066,Sick,2026-07-14,2026-07-15,2,Approved
EMP1066,Sick,2026-08-09,2026-08-10,2,Approved
EMP1066,Earned,2026-07-28,2026-08-01,5,Approved
EMP1066,Earned,2026-07-14,2026-07-16,3,Approved
EMP1066,Earned,2026-05-09,2026-05-09,1,Approved
EMP1067,Unpaid,2026-07-08,2026-07-08,1,Approved
EMP1067,Casual,2026-08-03,2026-08-05,3,Approved
EMP1068,Casual,2026-06-19,2026-06-19,1,Approved
EMP1068,Earned,2026-08-10,2026-08-12,3,Approved
EMP1068,Unpaid,2026-06-22,2026-06-26,5,Approved
EMP1068,Earned,2026-08-01,2026-08-01,1,Approved
EMP1069,Unpaid,2026-07-22,2026-07-22,1,Approved
EMP1069,Sick,2026-07-24,2026-07-26,3,Approved
EMP1069,Unpaid,2026-07-21,2026-07-25,5,Approved
EMP1069,Unpaid,2026-06-14,2026-06-15,2,Approved
EMP1069,Earned,2026-06-29,2026-06-29,1,Approved
EMP1069,Sick,2026-07-29,2026-07-29,1,Approved
EMP1069,Casual,2026-06-23,2026-06-23,1,Approved
EMP1069,Casual,2026-07-18,2026-07-18,1,Approved
EMP1069,Earned,2026-06-19,2026-06-21,3,Approved
EMP1070,Earned,2026-07-20,2026-07-22,3,Approved
EMP1070,Casual,2026-06-29,2026-07-03,5,Approved
EMP1070,Casual,2026-06-03,2026-06-05,3,Approved
EMP1071,Earned,2026-06-02,2026-06-02,1,Approved
EMP1071,Casual,2026-07-03,2026-07-07,5,Approved
EMP1071,Unpaid,2026-06-07,2026-06-08,2,Approved
EMP1071,Earned,2026-08-17,2026-08-21,5,Approved
EMP1071,Unpaid,2026-06-08,2026-06-10,3,Approved
EMP1071,Casual,2026-08-15,2026-08-19,5,Approved
EMP1072,Unpaid,2026-06-04,2026-06-05,2,Approved
EMP1072,Sick,2026-06-08,2026-06-08,1,Approved
EMP1072,Unpaid,2026-05-07,2026-05-07,1,Approved
EMP1072,Casual,2026-07-28,2026-07-30,3,Approved
EMP1073,Sick,2026-06-21,2026-06-25,5,Approved
EMP1073,Unpaid,2026-05-12,2026-05-14,3,Approved
EMP1073,Earned,2026-06-22,2026-06-22,1,Approved
EMP1073,Unpaid,2026-06-15,2026-06-15,1,Approved
EMP1074,Sick,2026-05-29,2026-05-29,1,Approved
EMP1074,Sick,2026-05-14,2026-05-16,3,Approved
EMP1074,Earned,2026-07-08,2026-07-08,1,Approved
EMP1074,Unpaid,2026-07-29,2026-08-02,5,Approved
EMP1074,Sick,2026-07-03,2026-07-03,1,Approved
EMP1074,Sick,2026-05-18,2026-05-22,5,Approved
EMP1074,Casual,2026-07-08,2026-07-12,5,Approved
EMP1074,Casual,2026-07-24,2026-07-24,1,Approved
EMP1075,Unpaid,2026-05-22,2026-05-23,2,Approved
EMP1075,Earned,2026-07-24,2026-07-28,5,Approved
EMP1076,Unpaid,2026-05-19,2026-05-21,3,Rejected
EMP1076,Sick,2026-05-31,2026-06-04,5,Approved
EMP1077,Unpaid,2026-05-26,2026-05-26,1,Approved
EMP1077,Casual,2026-08-11,2026-08-13,3,Approved
EMP1077,Unpaid,2026-07-15,2026-07-16,2,Approved
EMP1077,Casual,2026-07-24,2026-07-24,1,Rejected
EMP1077,Sick,2026-08-15,2026-08-19,5,Approved
EMP1077,Earned,2026-04-30,2026-05-04,5,Approved
EMP1077,Casual,2026-08-01,2026-08-01,1,Approved
EMP1078,Casual,2026-08-04,2026-08-04,1,Approved
EMP1078,Unpaid,2026-06-03,2026-06-05,3,Approved
EMP1078,Casual,2026-07-15,2026-07-17,3,Approved
EMP1078,Unpaid,2026-06-29,2026-06-29,1,Approved
EMP1078,Casual,2026-05-19,2026-05-23,5,Rejected
EMP1078,Sick,2026-07-23,2026-07-25,3,Approved
EMP1078,Sick,2026-06-25,2026-06-29,5,Approved
EMP1078,Earned,2026-05-19,2026-05-20,2,Approved
EMP1080,Earned,2026-07-02,2026-07-06,5,Approved
EMP1080,Unpaid,2026-05-16,2026-05-16,1,Rejected
EMP1080,Sick,2026-07-10,2026-07-10,1,Approved
EMP1080,Unpaid,2026-05-28,2026-05-28,1,Approved
EMP1080,Sick,2026-07-21,2026-07-22,2,Approved
EMP1080,Earned,2026-05-30,2026-06-03,5,Approved
EMP1080,Casual,2026-07-08,2026-07-08,1,Approved
EMP1081,Casual,2026-06-17,2026-06-19,3,Approved
EMP1081,Unpaid,2026-07-25,2026-07-26,2,Approved
EMP1082,Earned,2026-07-05,2026-07-07,3,Approved
EMP1082,Casual,2026-05-11,2026-05-13,3,Approved
EMP1082,Casual,2026-05-06,2026-05-06,1,Approved
EMP1082,Unpaid,2026-06-08,2026-06-09,2,Approved
EMP1083,Unpaid,2026-05-14,2026-05-14,1,Approved
EMP1083,Sick,2026-07-04,2026-07-08,5,Approved
EMP1083,Sick,2026-06-21,2026-06-22,2,Approved
EMP1083,Sick,2026-07-23,2026-07-24,2,Approved
EMP1083,Earned,2026-06-08,2026-06-12,5,Approved
EMP1083,Casual,2026-06-13,2026-06-13,1,Approved
EMP1083,Sick,2026-06-25,2026-06-29,5,Rejected
EMP1084,Earned,2026-06-04,2026-06-04,1,Approved
EMP1084,Earned,2026-04-28,2026-04-29,2,Approved
EMP1084,Unpaid,2026-05-05,2026-05-05,1,Approved
EMP1084,Sick,2026-07-23,2026-07-23,1,Approved
EMP1084,Sick,2026-07-22,2026-07-26,5,Approved
EMP1084,Sick,2026-07-11,2026-07-11,1,Approved
EMP1084,Casual,2026-05-16,2026-05-17,2,Approved
EMP1084,Unpaid,2026-07-08,2026-07-09,2,Approved
EMP1084,Sick,2026-08-12,2026-08-13,2,Approved
EMP1086,Casual,2026-06-19,2026-06-20,2,Approved
EMP1086,Sick,2026-06-23,2026-06-25,3,Approved
EMP1086,Unpaid,2026-05-07,2026-05-07,1,Approved
EMP1086,Unpaid,2026-07-15,2026-07-17,3,Approved
EMP1086,Unpaid,2026-06-10,2026-06-11,2,Approved
EMP1087,Sick,2026-05-27,2026-05-27,1,Approved
EMP1087,Unpaid,2026-08-07,2026-08-07,1,Approved
EMP1088,Casual,2026-08-21,2026-08-22,2,Approved
EMP1088,Earned,2026-08-15,2026-08-16,2,Approved
EMP1089,Casual,2026-04-29,2026-04-29,1,Approved
EMP1089,Casual,2026-05-31,2026-05-31,1,Rejected
EMP1089,Sick,2026-05-11,2026-05-12,2,Approved
EMP1089,Casual,2026-07-30,2026-07-31,2,Approved
EMP1089,Casual,2026-05-03,2026-05-07,5,Approved
EMP1089,Unpaid,2026-05-15,2026-05-15,1,Approved
EMP1090,Earned,2026-07-27,2026-07-29,3,Approved
EMP1090,Earned,2026-06-14,2026-06-18,5,Rejected
EMP1090,Earned,2026-05-17,2026-05-18,2,Approved
EMP1090,Sick,2026-05-26,2026-05-28,3,Approved
EMP1090,Casual,2026-08-09,2026-08-11,3,Approved
EMP1090,Unpaid,2026-06-06,2026-06-10,5,Approved
EMP1090,Earned,2026-07-12,2026-07-13,2,Approved
EMP1090,Unpaid,2026-06-13,2026-06-13,1,Approved
EMP1090,Casual,2026-05-06,2026-05-07,2,Approved
EMP1091,Casual,2026-07-07,2026-07-07,1,Approved
EMP1091,Unpaid,2026-06-23,2026-06-27,5,Approved
EMP1091,Unpaid,2026-06-24,2026-06-25,2,Approved
EMP1091,Sick,2026-07-22,2026-07-26,5,Approved
EMP1091,Sick,2026-06-09,2026-06-09,1,Approved
EMP1091,Unpaid,2026-08-03,2026-08-04,2,Approved
EMP1092,Casual,2026-08-19,2026-08-19,1,Approved
EMP1092,Unpaid,2026-06-22,2026-06-23,2,Approved
EMP1092,Sick,2026-08-06,2026-08-06,1,Approved
EMP1093,Unpaid,2026-08-17,2026-08-17,1,Approved
EMP1093,Earned,2026-08-10,2026-08-10,1,Approved
EMP1094,Unpaid,2026-07-08,2026-07-12,5,Approved
EMP1094,Unpaid,2026-08-13,2026-08-13,1,Approved
EMP1094,Unpaid,2026-05-26,2026-05-26,1,Approved
EMP1094,Earned,2026-05-25,2026-05-26,2,Approved
EMP1094,Unpaid,2026-05-25,2026-05-29,5,Rejected
EMP1094,Sick,2026-08-13,2026-08-15,3,Approved
EMP1094,Earned,2026-07-21,2026-07-22,2,Approved
EMP1095,Earned,2026-04-30,2026-04-30,1,Approved
EMP1095,Earned,2026-04-30,2026-05-04,5,Approved
EMP1095,Sick,2026-08-19,2026-08-20,2,Approved
EMP1095,Casual,2026-07-10,2026-07-11,2,Approved
EMP1095,Unpaid,2026-06-03,2026-06-03,1,Approved
EMP1096,Earned,2026-06-22,2026-06-22,1,Approved
EMP1096,Sick,2026-08-18,2026-08-18,1,Approved
EMP1096,Sick,2026-05-20,2026-05-20,1,Approved
EMP1096,Casual,2026-08-18,2026-08-18,1,Approved
EMP1096,Sick,2026-08-14,2026-08-18,5,Approved
EMP1096,Unpaid,2026-04-30,2026-05-04,5,Approved
EMP1096,Unpaid,2026-05-24,2026-05-28,5,Approved
EMP1096,Casual,2026-08-04,2026-08-06,3,Approved
EMP1096,Unpaid,2026-05-10,2026-05-11,2,Approved
EMP1097,Sick,2026-07-17,2026-07-18,2,Approved
EMP1097,Casual,2026-05-14,2026-05-14,1,Approved
EMP1097,Unpaid,2026-07-15,2026-07-16,2,Approved
EMP1098,Sick,2026-07-09,2026-07-09,1,Approved
EMP1098,Sick,2026-08-03,2026-08-07,5,Approved
EMP1098,Casual,2026-06-12,2026-06-13,2,Approved
EMP1098,Unpaid,2026-08-14,2026-08-18,5,Approved
EMP1098,Casual,2026-05-30,2026-05-30,1,Approved
EMP1098,Earned,2026-06-08,2026-06-10,3,Approved
EMP1099,Casual,2026-08-05,2026-08-09,5,Approved
EMP1099,Sick,2026-08-17,2026-08-18,2,Approved
EMP1099,Casual,2026-05-30,2026-05-31,2,Approved
EMP1099,Sick,2026-06-07,2026-06-07,1,Approved
EMP1099,Unpaid,2026-05-21,2026-05-21,1,Approved
EMP1101,Unpaid,2026-06-17,2026-06-17,1,Approved
EMP1101,Casual,2026-06-02,2026-06-02,1,Approved
EMP1102,Earned,2026-06-27,2026-06-28,2,Approved
EMP1102,Sick,2026-07-12,2026-07-14,3,Approved
EMP1102,Casual,2026-05-23,2026-05-27,5,Approved
EMP1102,Unpaid,2026-08-17,2026-08-21,5,Approved
EMP1102,Casual,2026-06-21,2026-06-22,2,Approved
EMP1102,Earned,2026-07-14,2026-07-14,1,Approved
EMP1102,Casual,2026-06-08,2026-06-08,1,Approved
EMP1104,Unpaid,2026-06-26,2026-06-27,2,Rejected
EMP1104,Earned,2026-06-30,2026-07-02,3,Approved
EMP1104,Earned,2026-07-09,2026-07-09,1,Approved
EMP1105,Casual,2026-08-10,2026-08-14,5,Approved
EMP1105,Sick,2026-07-25,2026-07-27,3,Approved
EMP1106,Earned,2026-08-20,2026-08-20,1,Approved
EMP1106,Sick,2026-08-21,2026-08-22,2,Approved
EMP1106,Sick,2026-05-09,2026-05-13,5,Approved
EMP1106,Sick,2026-05-23,2026-05-27,5,Approved
EMP1106,Earned,2026-07-06,2026-07-06,1,Approved
EMP1107,Earned,2026-05-01,2026-05-03,3,Approved
EMP1107,Sick,2026-06-27,2026-06-28,2,Approved
EMP1107,Sick,2026-07-30,2026-07-30,1,Approved
EMP1107,Sick,2026-08-18,2026-08-19,2,Approved
EMP1107,Sick,2026-05-24,2026-05-24,1,Approved
EMP1107,Unpaid,2026-07-31,2026-07-31,1,Approved
EMP1108,Casual,2026-08-21,2026-08-22,2,Approved
EMP1108,Casual,2026-06-15,2026-06-16,2,Approved
EMP1108,Earned,2026-07-01,2026-07-03,3,Approved
EMP1109,Casual,2026-08-13,2026-08-13,1,Rejected
EMP1109,Sick,2026-05-26,2026-05-30,5,Approved
EMP1109,Unpaid,2026-06-21,2026-06-21,1,Approved
EMP1109,Sick,2026-08-13,2026-08-13,1,Approved
EMP1109,Earned,2026-08-14,2026-08-15,2,Approved
EMP1109,Unpaid,2026-06-08,2026-06-10,3,Approved
EMP1109,Casual,2026-07-16,2026-07-20,5,Approved
EMP1109,Earned,2026-07-29,2026-08-02,5,Approved
EMP1109,Sick,2026-06-27,2026-07-01,5,Approved
EMP1110,Unpaid,2026-06-21,2026-06-23,3,Approved
EMP1110,Sick,2026-05-31,2026-05-31,1,Approved
EMP1110,Earned,2026-05-04,2026-05-04,1,Approved
EMP1110,Earned,2026-08-07,2026-08-09,3,Approved
EMP1110,Casual,2026-07-12,2026-07-16,5,Approved
EMP1110,Earned,2026-04-29,2026-05-01,3,Approved
EMP1110,Sick,2026-05-23,2026-05-27,5,Approved
EMP1111,Unpaid,2026-06-30,2026-07-04,5,Approved
EMP1111,Casual,2026-07-01,2026-07-01,1,Approved
EMP1111,Unpaid,2026-08-01,2026-08-03,3,Approved
EMP1111,Sick,2026-06-21,2026-06-21,1,Approved
EMP1112,Unpaid,2026-05-08,2026-05-10,3,Approved
EMP1112,Sick,2026-06-18,2026-06-19,2,Approved
EMP1112,Unpaid,2026-05-13,2026-05-14,2,Approved
EMP1114,Sick,2026-07-31,2026-07-31,1,Approved
EMP1114,Casual,2026-07-10,2026-07-10,1,Approved
EMP1114,Unpaid,2026-05-09,2026-05-09,1,Approved
EMP1114,Unpaid,2026-06-27,2026-06-28,2,Approved
EMP1114,Unpaid,2026-08-17,2026-08-21,5,Approved
EMP1114,Sick,2026-05-30,2026-06-01,3,Approved
EMP1114,Sick,2026-08-02,2026-08-02,1,Approved
EMP1115,Earned,2026-06-04,2026-06-04,1,Approved
EMP1115,Earned,2026-08-08,2026-08-08,1,Approved
EMP1115,Earned,2026-06-01,2026-06-05,5,Approved
EMP1115,Earned,2026-07-05,2026-07-05,1,Approved
EMP1115,Unpaid,2026-06-06,2026-06-08,3,Approved
EMP1115,Casual,2026-07-21,2026-07-25,5,Approved
EMP1115,Unpaid,2026-06-03,2026-06-07,5,Approved
EMP1115,Casual,2026-07-06,2026-07-08,3,Approved
EMP1116,Unpaid,2026-04-28,2026-05-02,5,Rejected
EMP1116,Earned,2026-08-16,2026-08-18,3,Approved
EMP1116,Casual,2026-04-28,2026-04-30,3,Approved
EMP1116,Sick,2026-08-15,2026-08-15,1,Approved
EMP1116,Earned,2026-06-19,2026-06-19,1,Rejected
EMP1116,Casual,2026-04-28,2026-04-30,3,Approved
EMP1116,Casual,2026-05-26,2026-05-30,5,Approved
EMP1116,Casual,2026-05-17,2026-05-17,1,Approved
EMP1117,Earned,2026-07-03,2026-07-03,1,Rejected
EMP1117,Sick,2026-05-08,2026-05-08,1,Approved
EMP1117,Sick,2026-06-20,2026-06-21,2,Approved
EMP1117,Casual,2026-07-08,2026-07-08,1,Rejected
EMP1117,Sick,2026-07-26,2026-07-28,3,Approved
EMP1117,Earned,2026-08-08,2026-08-10,3,Approved
EMP1118,Casual,2026-08-14,2026-08-18,5,Approved
EMP1118,Earned,2026-06-13,2026-06-17,5,Approved
EMP1118,Casual,2026-05-30,2026-06-03,5,Approved
EMP1118,Casual,2026-06-07,2026-06-07,1,Approved
EMP1118,Unpaid,2026-05-17,2026-05-19,3,Approved
EMP1118,Sick,2026-08-08,2026-08-08,1,Approved
EMP1118,Unpaid,2026-05-03,2026-05-03,1,Approved
EMP1120,Sick,2026-05-25,2026-05-26,2,Approved
EMP1120,Sick,2026-07-04,2026-07-08,5,Approved
EMP1120,Sick,2026-06-12,2026-06-16,5,Approved
EMP1121,Sick,2026-06-25,2026-06-25,1,Approved
EMP1121,Casual,2026-06-26,2026-06-26,1,Approved
EMP1121,Unpaid,2026-06-18,2026-06-19,2,Approved
EMP1121,Unpaid,2026-06-29,2026-07-03,5,Approved
EMP1122,Unpaid,2026-07-04,2026-07-04,1,Approved
EMP1122,Unpaid,2026-07-12,2026-07-12,1,Approved
EMP1122,Casual,2026-07-18,2026-07-18,1,Approved
EMP1122,Earned,2026-07-01,2026-07-03,3,Approved
EMP1122,Casual,2026-07-15,2026-07-15,1,Approved
EMP1122,Casual,2026-08-04,2026-08-06,3,Approved
EMP1122,Casual,2026-06-16,2026-06-18,3,Approved
EMP1122,Earned,2026-06-05,2026-06-05,1,Approved
EMP1123,Sick,2026-06-11,2026-06-13,3,Rejected
EMP1123,Unpaid,2026-08-19,2026-08-23,5,Approved
EMP1123,Earned,2026-05-17,2026-05-19,3,Approved
EMP1124,Casual,2026-06-19,2026-06-19,1,Approved
EMP1124,Unpaid,2026-08-01,2026-08-03,3,Approved
EMP1125,Unpaid,2026-06-11,2026-06-11,1,Approved
EMP1125,Unpaid,2026-05-09,2026-05-09,1,Approved
EMP1125,Earned,2026-06-09,2026-06-10,2,Rejected
EMP1125,Casual,2026-04-28,2026-05-02,5,Approved
EMP1125,Earned,2026-07-29,2026-08-02,5,Approved
EMP1125,Sick,2026-05-30,2026-05-30,1,Approved
EMP1126,Sick,2026-07-14,2026-07-18,5,Approved
EMP1126,Casual,2026-08-15,2026-08-17,3,Approved
EMP1126,Casual,2026-07-16,2026-07-17,2,Rejected
EMP1127,Unpaid,2026-08-20,2026-08-20,1,Approved
EMP1127,Casual,2026-08-14,2026-08-15,2,Approved
EMP1127,Sick,2026-06-28,2026-07-02,5,Approved
EMP1128,Earned,2026-06-22,2026-06-22,1,Approved
EMP1128,Earned,2026-06-15,2026-06-19,5,Approved
EMP1128,Earned,2026-07-24,2026-07-25,2,Approved
EMP1128,Sick,2026-06-27,2026-06-27,1,Approved
EMP1128,Casual,2026-08-11,2026-08-11,1,Approved
EMP1128,Sick,2026-05-08,2026-05-08,1,Rejected
EMP1129,Sick,2026-07-16,2026-07-18,3,Approved
EMP1129,Earned,2026-08-20,2026-08-24,5,Approved
EMP1129,Unpaid,2026-07-06,2026-07-08,3,Approved
EMP1129,Earned,2026-05-01,2026-05-03,3,Approved
EMP1129,Unpaid,2026-08-13,2026-08-17,5,Rejected
EMP1129,Sick,2026-04-29,2026-05-03,5,Approved
EMP1130,Sick,2026-06-28,2026-06-29,2,Approved
EMP1130,Earned,2026-07-14,2026-07-14,1,Approved
EMP1130,Unpaid,2026-07-06,2026-07-07,2,Approved
EMP1130,Casual,2026-06-03,2026-06-03,1,Approved
EMP1130,Unpaid,2026-05-19,2026-05-21,3,Approved
EMP1132,Casual,2026-07-28,2026-07-28,1,Rejected
EMP1132,Earned,2026-07-29,2026-08-02,5,Approved
EMP1133,Sick,2026-04-30,2026-04-30,1,Approved
EMP1133,Earned,2026-07-28,2026-07-30,3,Approved
EMP1134,Earned,2026-08-21,2026-08-23,3,Approved
EMP1134,Sick,2026-08-12,2026-08-16,5,Approved
EMP1134,Earned,2026-05-27,2026-05-27,1,Approved
EMP1134,Earned,2026-05-18,2026-05-20,3,Approved
EMP1135,Sick,2026-08-12,2026-08-16,5,Approved
EMP1135,Sick,2026-07-29,2026-07-30,2,Approved
EMP1135,Earned,2026-05-22,2026-05-22,1,Approved
EMP1135,Unpaid,2026-05-29,2026-05-29,1,Approved
EMP1135,Earned,2026-08-21,2026-08-21,1,Approved
EMP1135,Sick,2026-05-05,2026-05-09,5,Approved
EMP1135,Casual,2026-07-13,2026-07-13,1,Approved
EMP1137,Earned,2026-08-10,2026-08-10,1,Approved
EMP1137,Casual,2026-07-19,2026-07-21,3,Approved
EMP1137,Sick,2026-05-10,2026-05-14,5,Approved
EMP1138,Earned,2026-05-24,2026-05-28,5,Rejected
EMP1138,Casual,2026-07-02,2026-07-02,1,Approved
EMP1138,Unpaid,2026-06-16,2026-06-16,1,Rejected
EMP1138,Unpaid,2026-07-14,2026-07-14,1,Approved
EMP1138,Casual,2026-06-25,2026-06-26,2,Approved
EMP1140,Earned,2026-07-15,2026-07-15,1,Rejected
EMP1140,Casual,2026-05-10,2026-05-11,2,Approved
EMP1141,Casual,2026-05-21,2026-05-22,2,Approved
EMP1141,Unpaid,2026-07-12,2026-07-13,2,Approved
EMP1141,Sick,2026-08-05,2026-08-09,5,Rejected
EMP1142,Earned,2026-07-16,2026-07-17,2,Rejected
EMP1142,Sick,2026-05-21,2026-05-25,5,Approved
EMP1142,Earned,2026-05-25,2026-05-25,1,Approved
EMP1142,Sick,2026-06-08,2026-06-10,3,Approved
EMP1142,Sick,2026-07-24,2026-07-24,1,Approved
EMP1142,Unpaid,2026-07-09,2026-07-09,1,Approved
EMP1142,Sick,2026-07-29,2026-07-29,1,Approved
EMP1142,Casual,2026-06-03,2026-06-05,3,Approved
EMP1143,Casual,2026-05-23,2026-05-23,1,Approved
EMP1143,Casual,2026-06-24,2026-06-24,1,Approved
EMP1143,Sick,2026-08-15,2026-08-19,5,Approved
EMP1143,Earned,2026-07-07,2026-07-08,2,Approved
EMP1143,Casual,2026-08-18,2026-08-19,2,Approved
EMP1143,Casual,2026-05-24,2026-05-24,1,Rejected
EMP1143,Casual,2026-07-12,2026-07-12,1,Approved
EMP1143,Unpaid,2026-06-17,2026-06-19,3,Approved
EMP1144,Sick,2026-05-10,2026-05-11,2,Approved
EMP1144,Unpaid,2026-05-13,2026-05-13,1,Approved
EMP1144,Sick,2026-07-02,2026-07-04,3,Approved
EMP1144,Earned,2026-07-13,2026-07-17,5,Approved
EMP1144,Sick,2026-08-20,2026-08-20,1,Approved
EMP1145,Unpaid,2026-05-02,2026-05-02,1,Approved
EMP1145,Sick,2026-06-27,2026-06-28,2,Approved
EMP1145,Earned,2026-08-05,2026-08-07,3,Approved
EMP1145,Casual,2026-06-23,2026-06-24,2,Approved
EMP1145,Earned,2026-08-19,2026-08-21,3,Approved
EMP1145,Unpaid,2026-07-09,2026-07-13,5,Approved
EMP1145,Unpaid,2026-05-25,2026-05-29,5,Rejected
EMP1145,Unpaid,2026-08-03,2026-08-04,2,Approved
EMP1145,Casual,2026-07-18,2026-07-18,1,Approved
EMP1146,Sick,2026-05-03,2026-05-03,1,Approved
EMP1146,Earned,2026-05-15,2026-05-15,1,Approved
EMP1146,Sick,2026-07-26,2026-07-30,5,Approved
EMP1146,Unpaid,2026-08-14,2026-08-14,1,Approved
EMP1146,Casual,2026-05-01,2026-05-02,2,Approved
EMP1147,Casual,2026-07-07,2026-07-08,2,Approved
EMP1147,Unpaid,2026-05-19,2026-05-23,5,Rejected
EMP1147,Unpaid,2026-08-03,2026-08-03,1,Approved
EMP1147,Unpaid,2026-05-18,2026-05-18,1,Approved
EMP1148,Casual,2026-07-23,2026-07-27,5,Approved
EMP1148,Unpaid,2026-06-02,2026-06-04,3,Rejected
EMP1148,Sick,2026-07-21,2026-07-21,1,Approved
EMP1148,Casual,2026-06-25,2026-06-25,1,Approved
EMP1149,Earned,2026-05-06,2026-05-10,5,Approved
EMP1149,Sick,2026-08-06,2026-08-06,1,Approved
EMP1151,Unpaid,2026-05-01,2026-05-03,3,Approved
EMP1151,Sick,2026-06-04,2026-06-04,1,Approved
EMP1151,Sick,2026-07-18,2026-07-22,5,Approved
EMP1151,Casual,2026-06-18,2026-06-18,1,Approved
EMP1151,Unpaid,2026-05-16,2026-05-20,5,Rejected
EMP1151,Casual,2026-05-09,2026-05-09,1,Approved
EMP1151,Sick,2026-05-07,2026-05-11,5,Approved
EMP1151,Casual,2026-07-15,2026-07-16,2,Approved
EMP1152,Casual,2026-07-08,2026-07-09,2,Approved
EMP1152,Earned,2026-08-16,2026-08-16,1,Approved
EMP1152,Casual,2026-05-20,2026-05-20,1,Rejected
EMP1152,Sick,2026-08-15,2026-08-17,3,Approved
EMP1152,Casual,2026-06-19,2026-06-19,1,Approved
EMP1152,Unpaid,2026-05-23,2026-05-23,1,Approved
EMP1152,Sick,2026-06-01,2026-06-01,1,Approved
EMP1153,Sick,2026-07-05,2026-07-09,5,Approved
EMP1153,Casual,2026-08-06,2026-08-07,2,Approved
EMP1153,Sick,2026-06-27,2026-06-28,2,Approved
EMP1153,Casual,2026-07-22,2026-07-26,5,Approved
EMP1153,Unpaid,2026-06-25,2026-06-25,1,Approved
EMP1154,Earned,2026-05-03,2026-05-05,3,Approved
EMP1154,Earned,2026-06-06,2026-06-06,1,Approved
EMP1154,Casual,2026-07-09,2026-07-10,2,Approved
EMP1154,Sick,2026-06-07,2026-06-07,1,Approved
EMP1154,Unpaid,2026-08-10,2026-08-11,2,Approved
EMP1154,Earned,2026-06-16,2026-06-16,1,Approved
EMP1155,Sick,2026-05-30,2026-05-31,2,Approved
EMP1155,Unpaid,2026-06-04,2026-06-05,2,Approved
EMP1155,Sick,2026-08-20,2026-08-21,2,Approved
EMP1155,Earned,2026-07-02,2026-07-06,5,Approved
EMP1155,Unpaid,2026-05-28,2026-05-28,1,Approved
EMP1158,Unpaid,2026-06-07,2026-06-07,1,Approved
EMP1158,Unpaid,2026-07-13,2026-07-14,2,Approved
EMP1158,Unpaid,2026-07-20,2026-07-24,5,Approved
EMP1158,Sick,2026-07-24,2026-07-26,3,Approved
EMP1158,Sick,2026-06-19,2026-06-21,3,Approved
EMP1158,Sick,2026-06-20,2026-06-21,2,Rejected
EMP1158,Casual,2026-08-17,2026-08-18,2,Approved
EMP1159,Unpaid,2026-05-05,2026-05-05,1,Approved
EMP1159,Casual,2026-05-31,2026-05-31,1,Approved
EMP1159,Casual,2026-05-31,2026-05-31,1,Approved
EMP1159,Casual,2026-08-20,2026-08-20,1,Approved
EMP1159,Unpaid,2026-07-29,2026-07-29,1,Rejected
EMP1160,Casual,2026-07-12,2026-07-13,2,Approved
EMP1160,Sick,2026-05-16,2026-05-16,1,Approved
EMP1160,Sick,2026-08-16,2026-08-16,1,Approved
EMP1160,Casual,2026-07-16,2026-07-20,5,Approved
EMP1160,Casual,2026-07-22,2026-07-23,2,Approved
EMP1160,Unpaid,2026-05-07,2026-05-07,1,Approved
EMP1163,Earned,2026-07-06,2026-07-06,1,Approved
EMP1163,Earned,2026-05-13,2026-05-15,3,Approved
EMP1163,Earned,2026-08-04,2026-08-06,3,Approved
EMP1163,Unpaid,2026-05-09,2026-05-13,5,Approved
EMP1163,Casual,2026-05-02,2026-05-06,5,Approved
EMP1163,Sick,2026-07-02,2026-07-04,3,Rejected
EMP1164,Sick,2026-07-21,2026-07-25,5,Approved
EMP1164,Casual,2026-05-26,2026-05-26,1,Approved
EMP1164,Casual,2026-07-03,2026-07-07,5,Approved
EMP1165,Casual,2026-07-09,2026-07-10,2,Approved
EMP1165,Earned,2026-06-20,2026-06-22,3,Approved
EMP1165,Sick,2026-06-26,2026-06-26,1,Approved
EMP1165,Sick,2026-05-20,2026-05-20,1,Approved
EMP1166,Unpaid,2026-06-15,2026-06-15,1,Approved
EMP1166,Unpaid,2026-08-02,2026-08-03,2,Rejected
EMP1166,Earned,2026-06-26,2026-06-26,1,Approved
EMP1166,Sick,2026-07-27,2026-07-27,1,Approved
EMP1166,Sick,2026-05-08,2026-05-08,1,Approved
EMP1166,Unpaid,2026-05-16,2026-05-17,2,Approved
EMP1167,Earned,2026-05-10,2026-05-12,3,Approved
EMP1167,Sick,2026-05-25,2026-05-27,3,Approved
EMP1167,Unpaid,2026-06-11,2026-06-11,1,Approved
EMP1167,Casual,2026-04-28,2026-04-29,2,Approved
EMP1167,Unpaid,2026-06-20,2026-06-22,3,Approved
EMP1167,Casual,2026-05-01,2026-05-02,2,Approved
EMP1167,Casual,2026-06-14,2026-06-15,2,Approved
EMP1168,Unpaid,2026-07-21,2026-07-22,2,Approved
EMP1168,Earned,2026-07-13,2026-07-13,1,Approved
EMP1168,Earned,2026-07-31,2026-08-04,5,Approved
EMP1168,Unpaid,2026-06-10,2026-06-12,3,Rejected
EMP1169,Casual,2026-07-14,2026-07-14,1,Approved
EMP1169,Casual,2026-05-07,2026-05-08,2,Approved
EMP1169,Sick,2026-08-18,2026-08-22,5,Approved
EMP1169,Casual,2026-08-01,2026-08-01,1,Approved
EMP1169,Casual,2026-05-19,2026-05-19,1,Approved
EMP1169,Casual,2026-05-28,2026-06-01,5,Approved
EMP1170,Casual,2026-07-23,2026-07-24,2,Approved
EMP1170,Casual,2026-07-19,2026-07-21,3,Approved
EMP1170,Unpaid,2026-08-05,2026-08-06,2,Approved
EMP1170,Casual,2026-04-30,2026-05-02,3,Approved
EMP1170,Unpaid,2026-05-18,2026-05-20,3,Approved
EMP1170,Earned,2026-07-12,2026-07-14,3,Approved
EMP1170,Casual,2026-05-06,2026-05-06,1,Approved
EMP1170,Sick,2026-07-12,2026-07-13,2,Approved
EMP1171,Earned,2026-06-23,2026-06-27,5,Approved
EMP1171,Unpaid,2026-05-08,2026-05-08,1,Approved
EMP1171,Sick,2026-07-07,2026-07-09,3,Rejected
EMP1171,Sick,2026-07-03,2026-07-03,1,Approved
EMP1171,Casual,2026-07-05,2026-07-05,1,Approved
EMP1171,Casual,2026-08-06,2026-08-10,5,Approved
EMP1171,Casual,2026-07-21,2026-07-21,1,Approved
EMP1171,Unpaid,2026-06-16,2026-06-16,1,Rejected
EMP1171,Casual,2026-05-29,2026-05-30,2,Approved
EMP1172,Earned,2026-06-27,2026-06-29,3,Approved
EMP1172,Earned,2026-05-13,2026-05-13,1,Approved
EMP1172,Earned,2026-06-15,2026-06-19,5,Approved
EMP1172,Casual,2026-06-15,2026-06-17,3,Approved
EMP1172,Casual,2026-06-19,2026-06-19,1,Approved
EMP1172,Unpaid,2026-05-06,2026-05-06,1,Approved
EMP1173,Casual,2026-06-27,2026-06-27,1,Approved
EMP1173,Unpaid,2026-07-07,2026-07-11,5,Approved
EMP1175,Casual,2026-05-24,2026-05-24,1,Approved
EMP1175,Unpaid,2026-08-04,2026-08-04,1,Approved
EMP1175,Sick,2026-05-10,2026-05-10,1,Approved
EMP1175,Unpaid,2026-06-29,2026-07-01,3,Approved
EMP1175,Sick,2026-05-02,2026-05-03,2,Approved
EMP1176,Sick,2026-07-19,2026-07-19,1,Approved
EMP1176,Earned,2026-07-06,2026-07-06,1,Approved
EMP1177,Unpaid,2026-05-28,2026-05-28,1,Approved
EMP1177,Unpaid,2026-06-30,2026-06-30,1,Approved
EMP1177,Sick,2026-06-03,2026-06-04,2,Approved
EMP1177,Unpaid,2026-06-09,2026-06-09,1,Approved
EMP1177,Earned,2026-06-08,2026-06-08,1,Approved
EMP1177,Casual,2026-07-25,2026-07-25,1,Approved
EMP1177,Unpaid,2026-05-25,2026-05-27,3,Approved
EMP1177,Casual,2026-06-24,2026-06-26,3,Approved
EMP1177,Casual,2026-06-20,2026-06-22,3,Approved
EMP1179,Earned,2026-06-10,2026-06-12,3,Approved
EMP1179,Sick,2026-05-11,2026-05-11,1,Approved
EMP1179,Earned,2026-05-07,2026-05-09,3,Approved
EMP1179,Unpaid,2026-05-15,2026-05-15,1,Rejected
EMP1179,Unpaid,2026-06-07,2026-06-07,1,Approved
EMP1180,Sick,2026-06-14,2026-06-14,1,Approved
EMP1180,Earned,2026-08-19,2026-08-23,5,Approved
EMP1180,Casual,2026-05-11,2026-05-15,5,Approved
EMP1180,Casual,2026-05-07,2026-05-07,1,Approved
EMP1180,Sick,2026-07-14,2026-07-14,1,Approved
EMP1180,Unpaid,2026-05-13,2026-05-14,2,Approved
EMP1180,Unpaid,2026-07-12,2026-07-12,1,Rejected
EMP1180,Earned,2026-05-26,2026-05-26,1,Approved
EMP1182,Casual,2026-07-17,2026-07-18,2,Approved
EMP1182,Earned,2026-08-10,2026-08-10,1,Approved
EMP1182,Casual,2026-06-02,2026-06-03,2,Approved
EMP1182,Sick,2026-05-15,2026-05-16,2,Rejected
EMP1183,Unpaid,2026-06-10,2026-06-14,5,Approved
EMP1183,Unpaid,2026-08-15,2026-08-19,5,Rejected
EMP1183,Sick,2026-07-23,2026-07-23,1,Approved
EMP1183,Casual,2026-08-03,2026-08-04,2,Approved
EMP1183,Earned,2026-07-04,2026-07-04,1,Rejected
EMP1183,Earned,2026-07-19,2026-07-19,1,Approved
EMP1183,Unpaid,2026-07-04,2026-07-08,5,Approved
EMP1183,Earned,2026-06-09,2026-06-11,3,Approved
EMP1183,Earned,2026-06-11,2026-06-15,5,Rejected
EMP1184,Sick,2026-08-04,2026-08-05,2,Approved
EMP1184,Sick,2026-04-30,2026-05-04,5,Approved
EMP1184,Unpaid,2026-08-14,2026-08-15,2,Approved
EMP1184,Sick,2026-08-10,2026-08-10,1,Rejected
EMP1184,Unpaid,2026-05-04,2026-05-05,2,Approved
EMP1184,Earned,2026-07-29,2026-07-31,3,Approved
EMP1184,Casual,2026-05-28,2026-05-29,2,Approved
EMP1184,Sick,2026-08-08,2026-08-12,5,Approved
EMP1185,Earned,2026-06-18,2026-06-18,1,Approved
EMP1185,Sick,2026-06-30,2026-06-30,1,Approved
EMP1185,Earned,2026-07-26,2026-07-27,2,Approved
EMP1185,Sick,2026-08-15,2026-08-19,5,Approved
EMP1185,Unpaid,2026-05-29,2026-05-31,3,Approved
EMP1185,Earned,2026-06-21,2026-06-21,1,Approved
EMP1186,Casual,2026-06-13,2026-06-14,2,Approved
EMP1186,Casual,2026-05-08,2026-05-09,2,Rejected
EMP1186,Casual,2026-08-08,2026-08-12,5,Approved
EMP1186,Unpaid,2026-06-23,2026-06-23,1,Approved
EMP1186,Sick,2026-08-13,2026-08-13,1,Approved
EMP1186,Sick,2026-08-17,2026-08-19,3,Approved
EMP1186,Unpaid,2026-05-18,2026-05-22,5,Approved
EMP1187,Casual,2026-05-17,2026-05-21,5,Approved
EMP1187,Casual,2026-06-08,2026-06-10,3,Approved
EMP1187,Earned,2026-06-04,2026-06-08,5,Approved
EMP1187,Sick,2026-05-09,2026-05-09,1,Approved
EMP1189,Casual,2026-06-22,2026-06-22,1,Approved
EMP1189,Casual,2026-08-04,2026-08-05,2,Approved
EMP1189,Earned,2026-05-12,2026-05-12,1,Approved
EMP1189,Earned,2026-06-23,2026-06-24,2,Approved
EMP1189,Casual,2026-07-23,2026-07-23,1,Approved
EMP1189,Sick,2026-08-15,2026-08-16,2,Approved
EMP1189,Unpaid,2026-06-05,2026-06-05,1,Approved
EMP1190,Unpaid,2026-07-07,2026-07-08,2,Approved
EMP1190,Casual,2026-07-20,2026-07-20,1,Approved
EMP1190,Unpaid,2026-07-03,2026-07-05,3,Approved
EMP1190,Sick,2026-05-01,2026-05-01,1,Approved
EMP1190,Sick,2026-07-26,2026-07-28,3,Approved
EMP1190,Casual,2026-05-09,2026-05-10,2,Approved
EMP1191,Unpaid,2026-07-20,2026-07-22,3,Approved
EMP1191,Earned,2026-05-02,2026-05-06,5,Approved
EMP1191,Unpaid,2026-05-14,2026-05-16,3,Approved
EMP1191,Casual,2026-08-14,2026-08-18,5,Approved
EMP1191,Unpaid,2026-08-01,2026-08-05,5,Approved
EMP1191,Unpaid,2026-07-24,2026-07-25,2,Approved
EMP1191,Unpaid,2026-07-26,2026-07-30,5,Approved
EMP1191,Sick,2026-06-21,2026-06-25,5,Approved
EMP1192,Earned,2026-06-30,2026-07-01,2,Approved
EMP1192,Earned,2026-06-14,2026-06-14,1,Approved
EMP1192,Unpaid,2026-05-29,2026-05-30,2,Approved
EMP1192,Casual,2026-06-28,2026-07-02,5,Approved
EMP1192,Earned,2026-08-03,2026-08-03,1,Approved
EMP1193,Earned,2026-06-01,2026-06-02,2,Approved
EMP1193,Earned,2026-08-05,2026-08-05,1,Approved
EMP1193,Unpaid,2026-08-06,2026-08-08,3,Approved
EMP1193,Casual,2026-07-21,2026-07-21,1,Approved
EMP1193,Earned,2026-06-27,2026-06-29,3,Approved
EMP1193,Earned,2026-05-14,2026-05-18,5,Approved
EMP1193,Sick,2026-08-10,2026-08-12,3,Approved
EMP1194,Earned,2026-07-21,2026-07-22,2,Approved
EMP1194,Sick,2026-06-23,2026-06-25,3,Approved
EMP1194,Earned,2026-04-28,2026-04-28,1,Approved
EMP1194,Casual,2026-06-15,2026-06-15,1,Approved
EMP1194,Earned,2026-08-05,2026-08-06,2,Approved
EMP1194,Casual,2026-07-02,2026-07-06,5,Approved
EMP1194,Earned,2026-08-06,2026-08-06,1,Approved
EMP1196,Sick,2026-06-16,2026-06-16,1,Approved
EMP1196,Earned,2026-05-04,2026-05-04,1,Approved
EMP1196,Casual,2026-08-07,2026-08-07,1,Approved
EMP1197,Sick,2026-07-08,2026-07-09,2,Approved
EMP1197,Unpaid,2026-06-05,2026-06-07,3,Approved
EMP1197,Unpaid,2026-07-12,2026-07-12,1,Approved
EMP1198,Unpaid,2026-07-04,2026-07-05,2,Approved
EMP1198,Earned,2026-06-23,2026-06-23,1,Approved
EMP1198,Sick,2026-04-30,2026-04-30,1,Approved
EMP1198,Casual,2026-08-10,2026-08-14,5,Approved
EMP1198,Earned,2026-05-17,2026-05-18,2,Approved
EMP1198,Earned,2026-07-21,2026-07-21,1,Approved
EMP1198,Earned,2026-08-20,2026-08-22,3,Approved
EMP1200,Earned,2026-08-16,2026-08-20,5,Approved
EMP1200,Casual,2026-07-21,2026-07-21,1,Approved
EMP1200,Earned,2026-05-17,2026-05-18,2,Approved
EMP1200,Earned,2026-06-27,2026-06-27,1,Approved
EMP1200,Unpaid,2026-07-04,2026-07-04,1,Approved
EMP1200,Sick,2026-06-05,2026-06-05,1,Approved
EMP1200,Sick,2026-05-25,2026-05-29,5,Approved
EMP1200,Unpaid,2026-05-12,2026-05-12,1,Approved
EMP1200,Unpaid,2026-08-06,2026-08-06,1,Approved
EMP1202,Unpaid,2026-06-13,2026-06-17,5,Approved
EMP1202,Earned,2026-05-27,2026-05-27,1,Rejected
EMP1202,Unpaid,2026-06-05,2026-06-05,1,Approved
EMP1202,Unpaid,2026-05-01,2026-05-01,1,Approved
EMP1202,Casual,2026-07-14,2026-07-14,1,Rejected
EMP1203,Sick,2026-07-01,2026-07-03,3,Approved
EMP1203,Unpaid,2026-06-02,2026-06-06,5,Approved
EMP1203,Sick,2026-07-25,2026-07-29,5,Rejected
EMP1203,Unpaid,2026-06-06,2026-06-06,1,Approved
EMP1203,Sick,2026-07-17,2026-07-21,5,Approved
EMP1203,Earned,2026-05-18,2026-05-20,3,Approved
EMP1203,Unpaid,2026-05-23,2026-05-27,5,Approved
EMP1204,Earned,2026-06-18,2026-06-18,1,Approved
EMP1204,Earned,2026-06-05,2026-06-09,5,Approved
EMP1204,Earned,2026-07-05,2026-07-05,1,Approved
EMP1204,Earned,2026-06-12,2026-06-12,1,Approved
EMP1204,Earned,2026-06-13,2026-06-13,1,Approved
EMP1205,Unpaid,2026-06-22,2026-06-26,5,Approved
EMP1205,Unpaid,2026-05-18,2026-05-20,3,Approved
EMP1205,Earned,2026-08-16,2026-08-20,5,Rejected
EMP1205,Unpaid,2026-05-25,2026-05-26,2,Approved
EMP1205,Casual,2026-08-20,2026-08-22,3,Approved
EMP1205,Sick,2026-06-18,2026-06-18,1,Approved
EMP1205,Unpaid,2026-06-24,2026-06-26,3,Approved
EMP1206,Casual,2026-07-14,2026-07-14,1,Approved
EMP1206,Casual,2026-05-31,2026-06-02,3,Approved
EMP1206,Unpaid,2026-07-01,2026-07-02,2,Approved
EMP1206,Earned,2026-06-01,2026-06-02,2,Approved
EMP1206,Earned,2026-06-01,2026-06-01,1,Approved
EMP1207,Earned,2026-06-22,2026-06-26,5,Approved
EMP1207,Sick,2026-06-03,2026-06-05,3,Approved
EMP1207,Unpaid,2026-08-15,2026-08-19,5,Approved
EMP1207,Sick,2026-05-27,2026-05-27,1,Approved
EMP1207,Unpaid,2026-05-11,2026-05-11,1,Approved
EMP1207,Casual,2026-07-17,2026-07-17,1,Rejected
EMP1207,Earned,2026-07-21,2026-07-22,2,Approved
EMP1208,Sick,2026-07-14,2026-07-14,1,Approved
EMP1208,Casual,2026-05-10,2026-05-10,1,Approved
EMP1208,Casual,2026-06-16,2026-06-20,5,Approved
EMP1208,Unpaid,2026-05-13,2026-05-17,5,Rejected
EMP1208,Sick,2026-08-03,2026-08-05,3,Rejected
EMP1208,Unpaid,2026-07-15,2026-07-17,3,Approved
EMP1208,Earned,2026-07-27,2026-07-29,3,Approved
EMP1208,Casual,2026-05-25,2026-05-26,2,Approved
EMP1208,Unpaid,2026-06-29,2026-06-29,1,Approved
EMP1209,Sick,2026-08-13,2026-08-17,5,Approved
EMP1209,Casual,2026-08-08,2026-08-08,1,Approved
EMP1209,Earned,2026-07-06,2026-07-08,3,Approved
EMP1211,Unpaid,2026-05-02,2026-05-06,5,Approved
EMP1211,Sick,2026-04-30,2026-05-02,3,Approved
EMP1211,Earned,2026-04-30,2026-05-04,5,Approved
EMP1212,Casual,2026-06-03,2026-06-04,2,Approved
EMP1212,Unpaid,2026-07-08,2026-07-09,2,Approved
EMP1212,Earned,2026-08-01,2026-08-01,1,Rejected
EMP1212,Earned,2026-05-28,2026-06-01,5,Approved
EMP1212,Sick,2026-08-06,2026-08-10,5,Rejected
EMP1212,Unpaid,2026-07-25,2026-07-26,2,Approved
EMP1214,Sick,2026-07-29,2026-08-02,5,Approved
EMP1214,Unpaid,2026-05-14,2026-05-18,5,Approved
EMP1216,Unpaid,2026-05-23,2026-05-24,2,Approved
EMP1216,Earned,2026-07-03,2026-07-04,2,Approved
EMP1216,Sick,2026-06-17,2026-06-17,1,Approved
EMP1216,Earned,2026-06-02,2026-06-04,3,Approved
EMP1217,Casual,2026-05-03,2026-05-04,2,Approved
EMP1217,Earned,2026-07-05,2026-07-09,5,Approved
EMP1217,Unpaid,2026-06-25,2026-06-29,5,Approved
EMP1217,Casual,2026-06-27,2026-06-29,3,Approved
EMP1218,Unpaid,2026-08-01,2026-08-01,1,Approved
EMP1218,Casual,2026-07-22,2026-07-26,5,Rejected
EMP1218,Sick,2026-07-19,2026-07-20,2,Approved
EMP1218,Unpaid,2026-07-29,2026-08-02,5,Approved
EMP1218,Unpaid,2026-07-21,2026-07-21,1,Approved
EMP1219,Casual,2026-07-24,2026-07-28,5,Approved
EMP1219,Casual,2026-08-12,2026-08-12,1,Approved
EMP1219,Sick,2026-05-18,2026-05-20,3,Rejected
EMP1220,Unpaid,2026-05-18,2026-05-18,1,Approved
EMP1220,Sick,2026-08-10,2026-08-12,3,Rejected
EMP1220,Earned,2026-07-25,2026-07-25,1,Approved
EMP1221,Casual,2026-07-31,2026-08-01,2,Approved
EMP1221,Casual,2026-07-05,2026-07-05,1,Approved
EMP1221,Unpaid,2026-06-23,2026-06-27,5,Approved
EMP1222,Casual,2026-08-19,2026-08-19,1,Approved
EMP1222,Sick,2026-05-20,2026-05-21,2,Approved
EMP1222,Casual,2026-07-13,2026-07-15,3,Approved
EMP1223,Casual,2026-05-12,2026-05-13,2,Approved
EMP1223,Casual,2026-07-10,2026-07-10,1,Approved
EMP1224,Earned,2026-07-01,2026-07-01,1,Approved
EMP1224,Unpaid,2026-06-09,2026-06-10,2,Approved
EMP1224,Earned,2026-05-29,2026-05-29,1,Approved
EMP1224,Casual,2026-06-24,2026-06-28,5,Approved
EMP1224,Sick,2026-07-05,2026-07-05,1,Approved
EMP1224,Unpaid,2026-05-18,2026-05-18,1,Approved
EMP1224,Unpaid,2026-06-08,2026-06-08,1,Approved
EMP1224,Earned,2026-06-03,2026-06-03,1,Approved
EMP1224,Sick,2026-05-31,2026-05-31,1,Rejected
EMP1225,Unpaid,2026-05-18,2026-05-19,2,Approved
EMP1225,Unpaid,2026-06-06,2026-06-06,1,Approved
EMP1225,Casual,2026-08-10,2026-08-12,3,Approved
EMP1225,Sick,2026-06-01,2026-06-01,1,Approved
EMP1225,Casual,2026-05-23,2026-05-25,3,Approved
EMP1225,Earned,2026-07-27,2026-07-27,1,Approved
EMP1225,Earned,2026-07-16,2026-07-16,1,Approved
EMP1225,Casual,2026-07-09,2026-07-10,2,Approved
EMP1226,Earned,2026-08-15,2026-08-19,5,Approved
EMP1226,Sick,2026-05-31,2026-05-31,1,Approved
EMP1227,Sick,2026-06-17,2026-06-18,2,Approved
EMP1227,Unpaid,2026-07-02,2026-07-04,3,Approved
EMP1227,Sick,2026-05-30,2026-06-01,3,Approved
EMP1227,Casual,2026-07-20,2026-07-24,5,Approved
EMP1227,Casual,2026-05-16,2026-05-16,1,Approved
EMP1227,Sick,2026-05-17,2026-05-17,1,Approved
EMP1227,Earned,2026-08-19,2026-08-21,3,Approved
EMP1228,Unpaid,2026-05-16,2026-05-16,1,Approved
EMP1228,Earned,2026-05-25,2026-05-25,1,Approved
EMP1228,Casual,2026-07-05,2026-07-07,3,Approved
EMP1229,Sick,2026-08-11,2026-08-12,2,Approved
EMP1229,Unpaid,2026-06-28,2026-06-28,1,Approved
EMP1229,Sick,2026-05-16,2026-05-16,1,Rejected
EMP1229,Casual,2026-06-23,2026-06-23,1,Approved
EMP1229,Sick,2026-05-10,2026-05-14,5,Approved
EMP1229,Earned,2026-05-04,2026-05-04,1,Approved
EMP1231,Casual,2026-05-26,2026-05-27,2,Approved
EMP1231,Sick,2026-07-15,2026-07-19,5,Approved
EMP1231,Earned,2026-05-16,2026-05-18,3,Approved
EMP1231,Sick,2026-05-07,2026-05-07,1,Rejected
EMP1231,Casual,2026-06-22,2026-06-23,2,Approved
EMP1233,Casual,2026-05-12,2026-05-12,1,Approved
EMP1233,Earned,2026-08-04,2026-08-06,3,Approved
EMP1233,Earned,2026-06-12,2026-06-12,1,Approved
EMP1233,Sick,2026-05-08,2026-05-08,1,Approved
EMP1233,Casual,2026-06-22,2026-06-22,1,Rejected
EMP1233,Unpaid,2026-06-26,2026-06-26,1,Approved
EMP1233,Sick,2026-06-25,2026-06-25,1,Approved
EMP1233,Sick,2026-06-11,2026-06-13,3,Approved
EMP1233,Casual,2026-06-23,2026-06-23,1,Approved
EMP1234,Casual,2026-07-22,2026-07-26,5,Approved
EMP1234,Earned,2026-05-05,2026-05-09,5,Approved
EMP1234,Unpaid,2026-05-20,2026-05-20,1,Approved
EMP1234,Casual,2026-06-20,2026-06-20,1,Approved
EMP1234,Casual,2026-05-27,2026-05-29,3,Approved
EMP1234,Unpaid,2026-08-19,2026-08-21,3,Approved
EMP1235,Sick,2026-05-25,2026-05-26,2,Approved
EMP1235,Sick,2026-08-04,2026-08-04,1,Approved
EMP1235,Unpaid,2026-07-02,2026-07-04,3,Rejected
EMP1235,Earned,2026-07-23,2026-07-23,1,Approved
EMP1235,Unpaid,2026-07-20,2026-07-20,1,Rejected
EMP1235,Unpaid,2026-07-22,2026-07-26,5,Approved
EMP1235,Unpaid,2026-07-25,2026-07-25,1,Approved
EMP1235,Sick,2026-08-01,2026-08-03,3,Rejected
EMP1236,Sick,2026-05-29,2026-05-29,1,Approved
EMP1236,Casual,2026-07-03,2026-07-03,1,Approved
EMP1236,Sick,2026-05-01,2026-05-03,3,Approved
EMP1236,Earned,2026-08-11,2026-08-11,1,Rejected
EMP1236,Sick,2026-07-27,2026-07-28,2,Approved
EMP1236,Sick,2026-06-09,2026-06-11,3,Approved
EMP1237,Unpaid,2026-08-15,2026-08-15,1,Approved
EMP1237,Unpaid,2026-08-13,2026-08-13,1,Approved
EMP1237,Sick,2026-06-16,2026-06-20,5,Approved
EMP1237,Casual,2026-07-09,2026-07-13,5,Approved
EMP1237,Unpaid,2026-05-22,2026-05-26,5,Approved
EMP1238,Earned,2026-06-10,2026-06-12,3,Rejected
EMP1238,Unpaid,2026-06-26,2026-06-26,1,Approved
EMP1238,Sick,2026-06-09,2026-06-09,1,Approved
EMP1238,Casual,2026-05-18,2026-05-18,1,Approved
EMP1238,Unpaid,2026-08-07,2026-08-07,1,Approved
EMP1238,Unpaid,2026-06-25,2026-06-29,5,Approved
EMP1238,Earned,2026-06-21,2026-06-23,3,Approved
EMP1238,Sick,2026-07-18,2026-07-19,2,Approved
EMP1238,Earned,2026-06-03,2026-06-07,5,Approved
EMP1239,Sick,2026-06-10,2026-06-14,5,Approved
EMP1239,Casual,2026-06-25,2026-06-26,2,Approved
EMP1239,Casual,2026-04-29,2026-04-30,2,Approved
EMP1239,Sick,2026-07-12,2026-07-14,3,Approved
EMP1239,Unpaid,2026-05-31,2026-05-31,1,Approved
EMP1239,Casual,2026-07-08,2026-07-08,1,Approved
EMP1239,Sick,2026-07-24,2026-07-24,1,Approved
EMP1239,Sick,2026-07-11,2026-07-11,1,Approved
EMP1239,Casual,2026-05-12,2026-05-13,2,Approved
EMP1240,Casual,2026-06-29,2026-06-29,1,Approved
EMP1240,Casual,2026-07-06,2026-07-08,3,Approved
EMP1240,Earned,2026-06-30,2026-07-04,5,Approved
EMP1240,Earned,2026-06-22,2026-06-23,2,Rejected
EMP1240,Casual,2026-06-07,2026-06-11,5,Approved
EMP1240,Earned,2026-06-10,2026-06-12,3,Approved
EMP1241,Casual,2026-07-13,2026-07-13,1,Approved
EMP1241,Unpaid,2026-08-15,2026-08-15,1,Approved
EMP1242,Earned,2026-07-08,2026-07-10,3,Approved
EMP1242,Unpaid,2026-07-12,2026-07-12,1,Approved
EMP1242,Sick,2026-06-02,2026-06-02,1,Approved
EMP1242,Casual,2026-08-03,2026-08-05,3,Approved
EMP1242,Casual,2026-06-10,2026-06-10,1,Approved
EMP1243,Earned,2026-08-14,2026-08-14,1,Approved
EMP1243,Unpaid,2026-05-12,2026-05-13,2,Approved
EMP1243,Casual,2026-05-04,2026-05-08,5,Approved
EMP1243,Unpaid,2026-05-05,2026-05-09,5,Approved
EMP1243,Sick,2026-08-19,2026-08-23,5,Approved
EMP1243,Earned,2026-08-08,2026-08-12,5,Approved
EMP1243,Casual,2026-08-01,2026-08-02,2,Rejected
EMP1243,Unpaid,2026-07-25,2026-07-25,1,Approved
EMP1244,Casual,2026-05-26,2026-05-30,5,Approved
EMP1244,Unpaid,2026-05-08,2026-05-08,1,Rejected
EMP1246,Earned,2026-05-09,2026-05-11,3,Approved
EMP1246,Casual,2026-05-29,2026-05-29,1,Approved
EMP1246,Casual,2026-07-19,2026-07-19,1,Approved
EMP1246,Earned,2026-06-26,2026-06-27,2,Approved
EMP1246,Sick,2026-08-11,2026-08-11,1,Approved
EMP1246,Earned,2026-07-23,2026-07-24,2,Approved
EMP1246,Earned,2026-08-18,2026-08-18,1,Rejected
EMP1246,Casual,2026-05-08,2026-05-10,3,Approved
EMP1247,Earned,2026-06-10,2026-06-10,1,Approved
EMP1247,Sick,2026-08-21,2026-08-23,3,Approved
EMP1247,Unpaid,2026-08-21,2026-08-21,1,Rejected
EMP1247,Unpaid,2026-05-01,2026-05-05,5,Approved
EMP1247,Unpaid,2026-07-16,2026-07-17,2,Approved
EMP1248,Casual,2026-07-30,2026-08-03,5,Approved
EMP1248,Casual,2026-06-05,2026-06-09,5,Approved
EMP1248,Sick,2026-06-01,2026-06-02,2,Approved
EMP1248,Sick,2026-05-30,2026-06-03,5,Approved
EMP1249,Casual,2026-06-28,2026-07-02,5,Approved
EMP1249,Unpaid,2026-07-30,2026-07-31,2,Approved
EMP1249,Casual,2026-05-11,2026-05-11,1,Rejected
EMP1249,Casual,2026-05-28,2026-05-30,3,Rejected
EMP1249,Sick,2026-06-07,2026-06-11,5,Approved
EMP1249,Sick,2026-06-20,2026-06-21,2,Approved
EMP1251,Earned,2026-06-23,2026-06-27,5,Approved
EMP1251,Sick,2026-05-10,2026-05-12,3,Approved
EMP1251,Earned,2026-05-06,2026-05-06,1,Approved
EMP1252,Sick,2026-06-17,2026-06-17,1,Approved
EMP1252,Sick,2026-06-15,2026-06-15,1,Approved
EMP1252,Unpaid,2026-05-09,2026-05-10,2,Approved
EMP1253,Unpaid,2026-08-17,2026-08-18,2,Rejected
EMP1253,Unpaid,2026-08-01,2026-08-02,2,Approved
EMP1253,Sick,2026-08-05,2026-08-05,1,Approved
EMP1253,Unpaid,2026-06-11,2026-06-11,1,Approved
EMP1253,Unpaid,2026-07-18,2026-07-22,5,Approved
EMP1253,Unpaid,2026-05-05,2026-05-07,3,Approved
EMP1254,Earned,2026-08-03,2026-08-03,1,Approved
EMP1254,Earned,2026-07-18,2026-07-22,5,Rejected
EMP1254,Earned,2026-05-20,2026-05-21,2,Approved
EMP1254,Sick,2026-08-15,2026-08-19,5,Approved
EMP1254,Earned,2026-06-16,2026-06-17,2,Approved
EMP1255,Sick,2026-06-01,2026-06-02,2,Approved
EMP1255,Unpaid,2026-06-17,2026-06-19,3,Approved
EMP1255,Unpaid,2026-05-06,2026-05-10,5,Approved
EMP1255,Casual,2026-05-27,2026-05-29,3,Approved
EMP1255,Sick,2026-05-03,2026-05-03,1,Approved
EMP1255,Casual,2026-07-30,2026-07-30,1,Approved
EMP1255,Earned,2026-05-02,2026-05-03,2,Approved
EMP1255,Earned,2026-06-08,2026-06-08,1,Approved
EMP1256,Sick,2026-08-11,2026-08-12,2,Approved
EMP1256,Unpaid,2026-06-12,2026-06-12,1,Rejected
EMP1256,Sick,2026-05-17,2026-05-19,3,Approved
EMP1256,Earned,2026-08-09,2026-08-11,3,Approved
EMP1256,Sick,2026-07-21,2026-07-21,1,Approved
EMP1257,Sick,2026-06-22,2026-06-22,1,Approved
EMP1257,Casual,2026-05-09,2026-05-11,3,Approved
EMP1257,Unpaid,2026-05-25,2026-05-26,2,Approved
EMP1257,Earned,2026-07-14,2026-07-16,3,Approved
EMP1257,Casual,2026-08-16,2026-08-18,3,Approved
EMP1257,Earned,2026-07-28,2026-07-30,3,Approved
EMP1257,Earned,2026-05-08,2026-05-08,1,Approved
EMP1257,Unpaid,2026-05-06,2026-05-06,1,Rejected
EMP1258,Casual,2026-08-15,2026-08-15,1,Approved
EMP1258,Sick,2026-05-27,2026-05-29,3,Approved
EMP1258,Unpaid,2026-06-15,2026-06-19,5,Approved
EMP1258,Sick,2026-06-05,2026-06-09,5,Approved
EMP1258,Casual,2026-06-08,2026-06-08,1,Rejected
EMP1258,Sick,2026-08-08,2026-08-09,2,Approved
EMP1258,Casual,2026-05-25,2026-05-25,1,Approved
EMP1259,Sick,2026-05-15,2026-05-15,1,Approved
EMP1259,Sick,2026-07-20,2026-07-20,1,Approved
EMP1259,Earned,2026-06-09,2026-06-09,1,Approved
EMP1259,Casual,2026-07-06,2026-07-08,3,Approved
EMP1259,Earned,2026-08-08,2026-08-08,1,Approved
EMP1259,Sick,2026-08-09,2026-08-10,2,Approved
EMP1259,Earned,2026-05-12,2026-05-12,1,Rejected
EMP1259,Sick,2026-08-21,2026-08-22,2,Approved
EMP1260,Unpaid,2026-06-06,2026-06-07,2,Approved
EMP1260,Earned,2026-05-24,2026-05-24,1,Approved
EMP1260,Earned,2026-06-28,2026-06-29,2,Approved
EMP1260,Sick,2026-06-03,2026-06-05,3,Approved
EMP1260,Sick,2026-08-21,2026-08-21,1,Approved
EMP1261,Earned,2026-08-09,2026-08-11,3,Approved
EMP1261,Casual,2026-06-07,2026-06-08,2,Approved
EMP1261,Unpaid,2026-05-20,2026-05-22,3,Approved
EMP1261,Unpaid,2026-07-17,2026-07-21,5,Approved
EMP1261,Sick,2026-06-17,2026-06-18,2,Approved
EMP1261,Casual,2026-05-05,2026-05-07,3,Approved
EMP1261,Casual,2026-07-31,2026-07-31,1,Approved
EMP1261,Unpaid,2026-07-17,2026-07-17,1,Approved
EMP1261,Unpaid,2026-05-16,2026-05-20,5,Approved
EMP1262,Unpaid,2026-07-06,2026-07-08,3,Approved
EMP1262,Casual,2026-07-19,2026-07-21,3,Rejected
EMP1262,Casual,2026-08-08,2026-08-10,3,Approved
EMP1262,Earned,2026-08-05,2026-08-06,2,Approved
EMP1262,Casual,2026-07-29,2026-07-31,3,Approved
EMP1262,Earned,2026-08-02,2026-08-03,2,Approved
EMP1264,Unpaid,2026-07-26,2026-07-27,2,Approved
EMP1264,Sick,2026-08-08,2026-08-08,1,Approved
EMP1264,Unpaid,2026-07-28,2026-07-28,1,Approved
EMP1264,Earned,2026-06-28,2026-06-29,2,Approved
EMP1264,Sick,2026-07-08,2026-07-10,3,Approved
EMP1265,Unpaid,2026-07-17,2026-07-21,5,Approved
EMP1265,Sick,2026-07-19,2026-07-19,1,Approved
EMP1265,Unpaid,2026-07-07,2026-07-09,3,Approved
EMP1265,Earned,2026-05-18,2026-05-20,3,Approved
EMP1265,Unpaid,2026-06-18,2026-06-22,5,Approved
EMP1265,Unpaid,2026-07-14,2026-07-16,3,Approved
EMP1265,Sick,2026-06-10,2026-06-10,1,Approved
EMP1265,Earned,2026-05-17,2026-05-21,5,Approved
EMP1265,Casual,2026-06-20,2026-06-22,3,Approved
EMP1266,Casual,2026-08-03,2026-08-05,3,Rejected
EMP1266,Sick,2026-06-08,2026-06-08,1,Rejected
EMP1266,Sick,2026-07-23,2026-07-23,1,Approved
EMP1266,Earned,2026-07-16,2026-07-16,1,Approved
EMP1266,Unpaid,2026-08-10,2026-08-12,3,Approved
EMP1267,Unpaid,2026-06-13,2026-06-14,2,Approved
EMP1267,Casual,2026-06-08,2026-06-09,2,Approved
EMP1268,Casual,2026-07-04,2026-07-05,2,Approved
EMP1268,Earned,2026-07-20,2026-07-24,5,Approved
EMP1268,Sick,2026-06-02,2026-06-02,1,Approved
EMP1268,Casual,2026-05-25,2026-05-26,2,Approved
EMP1268,Sick,2026-06-09,2026-06-09,1,Approved
EMP1269,Casual,2026-06-02,2026-06-02,1,Approved
EMP1269,Earned,2026-06-18,2026-06-22,5,Approved
EMP1270,Sick,2026-05-06,2026-05-07,2,Approved
EMP1270,Casual,2026-05-02,2026-05-03,2,Approved
EMP1270,Earned,2026-06-08,2026-06-08,1,Approved
EMP1272,Casual,2026-08-04,2026-08-05,2,Approved
EMP1272,Casual,2026-07-20,2026-07-21,2,Approved
EMP1273,Casual,2026-05-27,2026-05-28,2,Approved
EMP1273,Sick,2026-07-01,2026-07-01,1,Approved
EMP1273,Earned,2026-05-25,2026-05-26,2,Approved
EMP1274,Earned,2026-07-16,2026-07-16,1,Approved
EMP1274,Unpaid,2026-07-31,2026-08-01,2,Approved
EMP1274,Sick,2026-07-22,2026-07-23,2,Approved
EMP1274,Unpaid,2026-06-04,2026-06-04,1,Approved
EMP1274,Earned,2026-07-12,2026-07-16,5,Approved
EMP1274,Sick,2026-07-25,2026-07-29,5,Approved
EMP1274,Unpaid,2026-05-11,2026-05-11,1,Approved
EMP1274,Sick,2026-05-02,2026-05-04,3,Approved
EMP1275,Unpaid,2026-04-28,2026-04-29,2,Approved
EMP1275,Unpaid,2026-08-08,2026-08-08,1,Rejected
EMP1275,Sick,2026-06-03,2026-06-07,5,Approved
EMP1275,Casual,2026-07-06,2026-07-07,2,Rejected
EMP1275,Earned,2026-05-22,2026-05-26,5,Rejected
EMP1276,Casual,2026-07-30,2026-07-30,1,Approved
EMP1276,Sick,2026-05-29,2026-05-30,2,Rejected
EMP1276,Earned,2026-05-08,2026-05-12,5,Approved
EMP1276,Unpaid,2026-05-03,2026-05-07,5,Approved
EMP1276,Earned,2026-05-24,2026-05-28,5,Approved
EMP1276,Unpaid,2026-07-17,2026-07-17,1,Approved
EMP1276,Casual,2026-07-28,2026-07-28,1,Approved
EMP1276,Casual,2026-05-12,2026-05-14,3,Approved
EMP1277,Earned,2026-05-17,2026-05-19,3,Approved
EMP1277,Unpaid,2026-06-15,2026-06-15,1,Approved
EMP1277,Casual,2026-07-02,2026-07-02,1,Approved
EMP1277,Unpaid,2026-07-23,2026-07-27,5,Approved
EMP1277,Sick,2026-07-11,2026-07-13,3,Rejected
EMP1277,Earned,2026-08-20,2026-08-24,5,Approved
EMP1277,Sick,2026-08-21,2026-08-25,5,Approved
EMP1277,Casual,2026-07-23,2026-07-27,5,Approved
EMP1278,Unpaid,2026-05-31,2026-06-02,3,Rejected
EMP1278,Casual,2026-07-07,2026-07-08,2,Approved
EMP1278,Sick,2026-08-02,2026-08-03,2,Approved
EMP1278,Casual,2026-05-04,2026-05-08,5,Approved
EMP1279,Unpaid,2026-06-25,2026-06-25,1,Approved
EMP1279,Earned,2026-05-10,2026-05-14,5,Approved
EMP1279,Casual,2026-05-23,2026-05-23,1,Approved
EMP1279,Earned,2026-07-23,2026-07-23,1,Approved
EMP1279,Sick,2026-08-14,2026-08-15,2,Approved
EMP1279,Earned,2026-06-02,2026-06-02,1,Approved
EMP1283,Earned,2026-05-26,2026-05-26,1,Approved
EMP1283,Unpaid,2026-06-16,2026-06-16,1,Approved
EMP1283,Unpaid,2026-06-08,2026-06-10,3,Approved
EMP1283,Sick,2026-08-13,2026-08-17,5,Approved
EMP1283,Unpaid,2026-06-27,2026-06-28,2,Approved
EMP1283,Earned,2026-07-23,2026-07-25,3,Approved
EMP1283,Unpaid,2026-07-14,2026-07-15,2,Approved
EMP1284,Sick,2026-05-13,2026-05-13,1,Approved
EMP1284,Sick,2026-07-07,2026-07-07,1,Approved
EMP1284,Earned,2026-08-06,2026-08-06,1,Approved
EMP1284,Unpaid,2026-05-16,2026-05-17,2,Approved
EMP1284,Casual,2026-05-22,2026-05-24,3,Approved
EMP1284,Unpaid,2026-05-03,2026-05-05,3,Approved
EMP1284,Sick,2026-06-27,2026-06-27,1,Approved
EMP1284,Earned,2026-05-01,2026-05-01,1,Approved
EMP1286,Earned,2026-05-06,2026-05-06,1,Approved
EMP1286,Unpaid,2026-05-23,2026-05-25,3,Approved
EMP1286,Earned,2026-05-31,2026-05-31,1,Approved
EMP1286,Casual,2026-07-24,2026-07-24,1,Approved
EMP1286,Casual,2026-05-10,2026-05-14,5,Approved
EMP1286,Casual,2026-05-29,2026-05-30,2,Rejected
EMP1286,Unpaid,2026-08-11,2026-08-11,1,Approved
EMP1287,Sick,2026-06-25,2026-06-27,3,Approved
EMP1287,Earned,2026-05-19,2026-05-21,3,Approved
EMP1287,Sick,2026-08-06,2026-08-10,5,Approved
EMP1287,Earned,2026-08-07,2026-08-11,5,Approved
EMP1287,Sick,2026-07-24,2026-07-24,1,Approved
EMP1287,Unpaid,2026-07-23,2026-07-25,3,Approved
EMP1287,Earned,2026-06-19,2026-06-19,1,Approved
EMP1287,Earned,2026-05-19,2026-05-20,2,Approved
EMP1288,Casual,2026-07-01,2026-07-01,1,Approved
EMP1288,Unpaid,2026-05-20,2026-05-20,1,Approved
EMP1288,Sick,2026-07-27,2026-07-29,3,Approved
EMP1289,Casual,2026-06-08,2026-06-08,1,Rejected
EMP1289,Unpaid,2026-06-05,2026-06-06,2,Approved
EMP1291,Unpaid,2026-08-01,2026-08-05,5,Approved
EMP1291,Casual,2026-08-21,2026-08-21,1,Approved
EMP1291,Unpaid,2026-05-27,2026-05-29,3,Approved
EMP1291,Earned,2026-06-21,2026-06-21,1,Approved
EMP1291,Sick,2026-05-16,2026-05-20,5,Approved
EMP1291,Sick,2026-06-10,2026-06-12,3,Approved
EMP1291,Sick,2026-06-25,2026-06-25,1,Approved
EMP1291,Casual,2026-06-09,2026-06-09,1,Approved
EMP1291,Sick,2026-08-16,2026-08-16,1,Approved
EMP1292,Casual,2026-08-17,2026-08-19,3,Approved
EMP1292,Sick,2026-06-12,2026-06-12,1,Approved
EMP1292,Sick,2026-08-13,2026-08-13,1,Approved
EMP1292,Earned,2026-05-16,2026-05-18,3,Rejected
EMP1293,Unpaid,2026-06-03,2026-06-03,1,Approved
EMP1293,Sick,2026-06-15,2026-06-19,5,Rejected
EMP1293,Sick,2026-05-31,2026-06-01,2,Approved
EMP1293,Sick,2026-06-08,2026-06-09,2,Approved
EMP1294,Sick,2026-06-02,2026-06-04,3,Approved
EMP1294,Unpaid,2026-06-23,2026-06-23,1,Approved
EMP1294,Sick,2026-05-18,2026-05-22,5,Approved
EMP1295,Unpaid,2026-07-18,2026-07-19,2,Approved
EMP1295,Earned,2026-06-03,2026-06-07,5,Approved
EMP1295,Casual,2026-06-16,2026-06-17,2,Approved
EMP1295,Earned,2026-08-01,2026-08-03,3,Approved
EMP1295,Casual,2026-07-02,2026-07-02,1,Approved
EMP1295,Sick,2026-05-11,2026-05-13,3,Approved
EMP1295,Unpaid,2026-06-21,2026-06-22,2,Approved
EMP1295,Unpaid,2026-06-25,2026-06-25,1,Approved
EMP1296,Earned,2026-07-25,2026-07-25,1,Rejected
EMP1296,Casual,2026-05-22,2026-05-26,5,Approved
EMP1296,Earned,2026-08-08,2026-08-08,1,Rejected
EMP1296,Unpaid,2026-07-16,2026-07-17,2,Rejected
EMP1297,Sick,2026-08-19,2026-08-20,2,Approved
EMP1297,Unpaid,2026-08-15,2026-08-16,2,Rejected
EMP1298,Unpaid,2026-06-13,2026-06-17,5,Rejected
EMP1298,Sick,2026-06-14,2026-06-18,5,Approved
EMP1298,Earned,2026-06-19,2026-06-19,1,Approved
EMP1298,Earned,2026-06-12,2026-06-12,1,Approved
EMP1298,Casual,2026-05-03,2026-05-05,3,Approved
EMP1298,Sick,2026-05-04,2026-05-04,1,Approved
EMP1298,Unpaid,2026-07-01,2026-07-02,2,Rejected
EMP1299,Casual,2026-08-06,2026-08-08,3,Approved
EMP1299,Sick,2026-06-24,2026-06-25,2,Approved
EMP1299,Unpaid,2026-06-07,2026-06-11,5,Approved
EMP1299,Unpaid,2026-07-19,2026-07-19,1,Approved
EMP1299,Earned,2026-05-31,2026-06-02,3,Approved
EMP1299,Sick,2026-05-10,2026-05-14,5,Approved
EMP1299,Earned,2026-07-23,2026-07-24,2,Approved
EMP1299,Earned,2026-05-02,2026-05-04,3,Approved
EMP1299,Earned,2026-06-26,2026-06-26,1,Approved
EMP1300,Sick,2026-06-10,2026-06-11,2,Approved
EMP1300,Earned,2026-06-27,2026-06-29,3,Rejected
EMP1300,Casual,2026-06-06,2026-06-06,1,Approved
EMP1300,Sick,2026-05-11,2026-05-11,1,Approved
EMP1300,Unpaid,2026-06-12,2026-06-14,3,Approved
EMP1300,Sick,2026-06-30,2026-06-30,1,Approved
EMP1301,Casual,2026-08-14,2026-08-16,3,Approved
EMP1301,Casual,2026-07-20,2026-07-21,2,Rejected
EMP1301,Casual,2026-08-18,2026-08-18,1,Approved
EMP1301,Earned,2026-05-03,2026-05-04,2,Approved
EMP1301,Sick,2026-08-06,2026-08-10,5,Approved
EMP1302,Sick,2026-07-03,2026-07-04,2,Approved
EMP1302,Unpaid,2026-05-08,2026-05-09,2,Approved
EMP1302,Earned,2026-05-22,2026-05-24,3,Approved
EMP1302,Sick,2026-08-03,2026-08-03,1,Approved
EMP1302,Unpaid,2026-05-25,2026-05-29,5,Approved
EMP1302,Sick,2026-07-02,2026-07-03,2,Rejected
EMP1302,Sick,2026-08-12,2026-08-16,5,Approved
EMP1302,Sick,2026-06-02,2026-06-02,1,Approved
EMP1302,Sick,2026-08-01,2026-08-01,1,Rejected
EMP1303,Sick,2026-06-13,2026-06-14,2,Approved
EMP1303,Sick,2026-05-02,2026-05-03,2,Approved
EMP1303,Casual,2026-05-31,2026-06-04,5,Rejected
EMP1304,Earned,2026-05-09,2026-05-09,1,Rejected
EMP1304,Sick,2026-05-29,2026-05-29,1,Rejected
EMP1304,Earned,2026-07-05,2026-07-05,1,Rejected
EMP1304,Earned,2026-06-24,2026-06-24,1,Rejected
EMP1304,Unpaid,2026-06-09,2026-06-13,5,Approved
EMP1304,Sick,2026-08-17,2026-08-18,2,Approved
EMP1304,Sick,2026-08-21,2026-08-21,1,Approved
EMP1305,Sick,2026-07-01,2026-07-03,3,Approved
EMP1305,Unpaid,2026-07-16,2026-07-16,1,Approved
EMP1305,Casual,2026-06-13,2026-06-17,5,Approved
EMP1305,Sick,2026-05-05,2026-05-06,2,Rejected
EMP1306,Sick,2026-08-09,2026-08-13,5,Approved
EMP1306,Casual,2026-06-14,2026-06-15,2,Rejected
EMP1306,Casual,2026-06-19,2026-06-20,2,Approved
EMP1306,Unpaid,2026-05-10,2026-05-12,3,Approved
EMP1307,Casual,2026-05-04,2026-05-04,1,Approved
EMP1307,Sick,2026-06-20,2026-06-21,2,Approved
EMP1308,Unpaid,2026-08-15,2026-08-15,1,Approved
EMP1308,Casual,2026-07-12,2026-07-12,1,Approved
EMP1308,Casual,2026-07-30,2026-07-31,2,Rejected
EMP1308,Earned,2026-08-18,2026-08-18,1,Rejected
EMP1309,Sick,2026-08-18,2026-08-20,3,Approved
EMP1309,Unpaid,2026-08-08,2026-08-08,1,Rejected
EMP1309,Unpaid,2026-07-02,2026-07-06,5,Approved
EMP1309,Casual,2026-06-08,2026-06-08,1,Approved
EMP1309,Earned,2026-06-08,2026-06-08,1,Rejected
EMP1309,Sick,2026-04-29,2026-04-29,1,Approved
EMP1309,Earned,2026-06-10,2026-06-10,1,Approved
EMP1309,Unpaid,2026-06-20,2026-06-24,5,Approved
EMP1309,Unpaid,2026-07-14,2026-07-14,1,Approved
EMP1310,Casual,2026-08-12,2026-08-14,3,Approved
EMP1310,Sick,2026-07-31,2026-08-02,3,Approved
EMP1310,Casual,2026-07-15,2026-07-15,1,Approved
EMP1310,Sick,2026-08-17,2026-08-21,5,Approved
EMP1310,Casual,2026-04-28,2026-05-02,5,Approved
EMP1310,Unpaid,2026-05-29,2026-05-29,1,Approved
EMP1310,Sick,2026-08-04,2026-08-05,2,Approved
EMP1311,Earned,2026-05-01,2026-05-01,1,Approved
EMP1311,Casual,2026-07-20,2026-07-21,2,Approved
EMP1311,Casual,2026-05-25,2026-05-26,2,Approved
EMP1311,Unpaid,2026-08-13,2026-08-13,1,Approved
EMP1311,Unpaid,2026-07-26,2026-07-28,3,Approved
EMP1312,Earned,2026-07-29,2026-07-29,1,Rejected
EMP1312,Casual,2026-08-07,2026-08-07,1,Approved
EMP1312,Earned,2026-07-08,2026-07-12,5,Approved
EMP1313,Casual,2026-05-19,2026-05-20,2,Approved
EMP1313,Sick,2026-06-30,2026-07-01,2,Approved
EMP1313,Sick,2026-08-10,2026-08-12,3,Approved
EMP1313,Casual,2026-04-29,2026-05-01,3,Approved
EMP1314,Casual,2026-04-28,2026-04-29,2,Approved
EMP1314,Unpaid,2026-07-16,2026-07-16,1,Approved
EMP1315,Earned,2026-06-08,2026-06-08,1,Approved
EMP1315,Unpaid,2026-06-25,2026-06-27,3,Approved
EMP1315,Unpaid,2026-08-13,2026-08-13,1,Approved
EMP1315,Unpaid,2026-06-02,2026-06-02,1,Approved
EMP1315,Casual,2026-07-03,2026-07-03,1,Approved
EMP1315,Unpaid,2026-04-30,2026-04-30,1,Approved
EMP1315,Unpaid,2026-06-05,2026-06-05,1,Approved
EMP1315,Earned,2026-07-20,2026-07-24,5,Approved
EMP1315,Unpaid,2026-06-09,2026-06-10,2,Approved
EMP1316,Unpaid,2026-07-07,2026-07-09,3,Approved
EMP1316,Casual,2026-05-02,2026-05-04,3,Rejected
EMP1316,Casual,2026-06-19,2026-06-19,1,Approved
EMP1316,Earned,2026-05-24,2026-05-24,1,Approved
EMP1316,Casual,2026-07-03,2026-07-07,5,Approved
EMP1316,Earned,2026-06-08,2026-06-08,1,Approved
EMP1316,Unpaid,2026-05-27,2026-05-27,1,Rejected
EMP1317,Earned,2026-05-01,2026-05-01,1,Approved
EMP1317,Earned,2026-08-19,2026-08-20,2,Approved
EMP1318,Earned,2026-06-26,2026-06-27,2,Rejected
EMP1318,Sick,2026-06-15,2026-06-16,2,Approved
EMP1318,Earned,2026-07-14,2026-07-16,3,Approved
EMP1318,Sick,2026-06-13,2026-06-15,3,Approved
EMP1318,Casual,2026-08-05,2026-08-05,1,Approved
EMP1318,Casual,2026-07-29,2026-07-29,1,Approved
EMP1318,Earned,2026-07-17,2026-07-17,1,Approved
EMP1318,Casual,2026-08-07,2026-08-08,2,Approved
EMP1318,Sick,2026-06-10,2026-06-10,1,Approved
EMP1319,Sick,2026-05-29,2026-05-29,1,Approved
EMP1319,Sick,2026-06-06,2026-06-06,1,Approved
EMP1319,Casual,2026-08-21,2026-08-25,5,Approved
EMP1319,Sick,2026-05-20,2026-05-20,1,Approved
EMP1319,Sick,2026-08-18,2026-08-19,2,Approved
EMP1319,Earned,2026-07-13,2026-07-13,1,Approved
EMP1319,Unpaid,2026-08-10,2026-08-14,5,Rejected
EMP1320,Earned,2026-06-12,2026-06-12,1,Approved
EMP1320,Earned,2026-05-04,2026-05-04,1,Approved
EMP1320,Unpaid,2026-05-07,2026-05-08,2,Approved
EMP1320,Earned,2026-05-06,2026-05-10,5,Approved
EMP1320,Unpaid,2026-05-23,2026-05-24,2,Approved
EMP1322,Unpaid,2026-07-09,2026-07-13,5,Approved
EMP1322,Sick,2026-07-04,2026-07-06,3,Approved
EMP1322,Casual,2026-06-08,2026-06-12,5,Approved
EMP1322,Sick,2026-05-10,2026-05-10,1,Approved
EMP1322,Casual,2026-05-29,2026-05-30,2,Approved
EMP1322,Earned,2026-05-29,2026-05-30,2,Approved
EMP1323,Sick,2026-05-22,2026-05-23,2,Approved
EMP1323,Sick,2026-05-06,2026-05-06,1,Approved
EMP1323,Casual,2026-07-16,2026-07-17,2,Approved
EMP1323,Sick,2026-05-04,2026-05-04,1,Approved
EMP1323,Unpaid,2026-06-10,2026-06-10,1,Approved
EMP1323,Unpaid,2026-08-02,2026-08-03,2,Approved
EMP1323,Earned,2026-08-11,2026-08-13,3,Approved
EMP1323,Sick,2026-07-17,2026-07-17,1,Approved
EMP1324,Sick,2026-07-23,2026-07-23,1,Approved
EMP1324,Earned,2026-06-06,2026-06-10,5,Approved
EMP1325,Casual,2026-07-07,2026-07-07,1,Approved
EMP1325,Earned,2026-05-11,2026-05-11,1,Approved
EMP1325,Sick,2026-05-09,2026-05-09,1,Approved
EMP1325,Unpaid,2026-05-25,2026-05-27,3,Approved
EMP1325,Casual,2026-07-06,2026-07-06,1,Approved
EMP1325,Casual,2026-05-16,2026-05-18,3,Approved
EMP1325,Unpaid,2026-06-09,2026-06-09,1,Approved
EMP1325,Earned,2026-08-12,2026-08-12,1,Approved
EMP1326,Sick,2026-05-16,2026-05-18,3,Rejected
EMP1326,Sick,2026-07-11,2026-07-11,1,Approved
EMP1327,Casual,2026-05-10,2026-05-11,2,Rejected
EMP1327,Unpaid,2026-07-17,2026-07-17,1,Approved
EMP1327,Casual,2026-06-30,2026-07-01,2,Approved
EMP1328,Unpaid,2026-06-29,2026-06-30,2,Approved
EMP1328,Sick,2026-08-08,2026-08-08,1,Approved
EMP1328,Unpaid,2026-07-17,2026-07-17,1,Rejected
EMP1328,Unpaid,2026-05-21,2026-05-22,2,Approved
EMP1328,Earned,2026-08-06,2026-08-07,2,Approved
EMP1328,Unpaid,2026-05-24,2026-05-24,1,Approved
EMP1328,Casual,2026-08-03,2026-08-04,2,Approved
EMP1328,Earned,2026-06-17,2026-06-19,3,Approved
EMP1328,Casual,2026-06-04,2026-06-04,1,Approved
EMP1329,Sick,2026-06-18,2026-06-22,5,Approved
EMP1329,Sick,2026-08-08,2026-08-12,5,Approved
EMP1329,Sick,2026-05-15,2026-05-19,5,Rejected
EMP1329,Casual,2026-08-08,2026-08-12,5,Approved
EMP1330,Unpaid,2026-05-15,2026-05-16,2,Approved
EMP1330,Casual,2026-08-06,2026-08-06,1,Approved
EMP1331,Casual,2026-06-07,2026-06-07,1,Approved
EMP1331,Casual,2026-05-06,2026-05-07,2,Approved
EMP1331,Casual,2026-07-20,2026-07-20,1,Approved
EMP1332,Casual,2026-07-13,2026-07-14,2,Rejected
EMP1332,Casual,2026-07-25,2026-07-26,2,Approved
EMP1332,Unpaid,2026-07-05,2026-07-06,2,Approved
EMP1332,Earned,2026-08-09,2026-08-09,1,Approved
EMP1332,Casual,2026-05-09,2026-05-09,1,Approved
EMP1332,Unpaid,2026-05-11,2026-05-11,1,Approved
EMP1332,Unpaid,2026-07-09,2026-07-11,3,Approved
EMP1332,Casual,2026-05-16,2026-05-20,5,Rejected
EMP1333,Earned,2026-08-03,2026-08-04,2,Approved
EMP1333,Sick,2026-05-05,2026-05-09,5,Approved
EMP1334,Sick,2026-06-19,2026-06-23,5,Approved
EMP1334,Earned,2026-05-31,2026-05-31,1,Approved
EMP1334,Earned,2026-08-14,2026-08-14,1,Approved
EMP1334,Unpaid,2026-06-23,2026-06-23,1,Rejected
EMP1334,Casual,2026-07-29,2026-07-31,3,Approved
EMP1335,Sick,2026-05-05,2026-05-07,3,Approved
EMP1335,Unpaid,2026-08-04,2026-08-08,5,Approved
EMP1335,Sick,2026-06-16,2026-06-16,1,Approved
EMP1336,Sick,2026-07-29,2026-08-02,5,Approved
EMP1336,Earned,2026-04-30,2026-05-01,2,Rejected
EMP1336,Earned,2026-05-24,2026-05-24,1,Approved
EMP1336,Sick,2026-07-31,2026-08-01,2,Approved
EMP1338,Casual,2026-05-25,2026-05-26,2,Approved
EMP1338,Earned,2026-05-15,2026-05-15,1,Approved
EMP1340,Unpaid,2026-07-02,2026-07-02,1,Approved
EMP1340,Unpaid,2026-05-08,2026-05-08,1,Approved
EMP1341,Unpaid,2026-06-04,2026-06-04,1,Approved
EMP1341,Earned,2026-06-21,2026-06-21,1,Approved
EMP1341,Unpaid,2026-08-13,2026-08-14,2,Rejected
EMP1341,Sick,2026-07-15,2026-07-15,1,Approved
EMP1341,Earned,2026-05-20,2026-05-21,2,Approved
EMP1341,Earned,2026-07-09,2026-07-10,2,Approved
EMP1341,Casual,2026-05-11,2026-05-13,3,Approved
EMP1341,Casual,2026-05-05,2026-05-09,5,Approved
EMP1342,Casual,2026-08-16,2026-08-18,3,Approved
EMP1342,Earned,2026-08-16,2026-08-18,3,Approved
EMP1342,Unpaid,2026-05-17,2026-05-19,3,Approved
EMP1342,Casual,2026-07-15,2026-07-17,3,Approved
EMP1342,Sick,2026-05-11,2026-05-11,1,Approved
EMP1343,Earned,2026-05-02,2026-05-06,5,Approved
EMP1343,Unpaid,2026-06-15,2026-06-17,3,Approved
EMP1344,Unpaid,2026-07-02,2026-07-06,5,Approved
EMP1344,Earned,2026-06-25,2026-06-25,1,Approved
EMP1344,Casual,2026-05-27,2026-05-28,2,Approved
EMP1346,Earned,2026-08-08,2026-08-12,5,Approved
EMP1346,Unpaid,2026-06-27,2026-06-27,1,Approved
EMP1346,Unpaid,2026-07-22,2026-07-26,5,Approved
EMP1346,Casual,2026-06-23,2026-06-27,5,Approved
EMP1346,Sick,2026-05-06,2026-05-06,1,Approved
EMP1346,Casual,2026-07-19,2026-07-21,3,Approved
EMP1346,Casual,2026-07-12,2026-07-13,2,Approved
EMP1346,Earned,2026-08-09,2026-08-11,3,Approved
EMP1347,Unpaid,2026-07-24,2026-07-24,1,Approved
EMP1347,Earned,2026-08-20,2026-08-24,5,Approved
EMP1347,Earned,2026-07-04,2026-07-06,3,Approved
EMP1347,Sick,2026-06-14,2026-06-15,2,Approved
EMP1348,Sick,2026-06-15,2026-06-15,1,Approved
EMP1348,Unpaid,2026-08-03,2026-08-07,5,Approved
EMP1348,Sick,2026-08-08,2026-08-08,1,Approved
EMP1348,Earned,2026-05-04,2026-05-06,3,Approved
EMP1349,Sick,2026-08-19,2026-08-19,1,Approved
EMP1349,Sick,2026-07-01,2026-07-01,1,Approved
EMP1349,Unpaid,2026-06-04,2026-06-05,2,Approved
EMP1349,Earned,2026-06-17,2026-06-21,5,Approved
EMP1350,Sick,2026-08-11,2026-08-12,2,Approved
EMP1350,Casual,2026-08-11,2026-08-12,2,Approved
EMP1350,Sick,2026-07-31,2026-07-31,1,Approved
EMP1350,Sick,2026-08-10,2026-08-10,1,Approved
EMP1350,Sick,2026-07-18,2026-07-18,1,Approved
EMP1350,Sick,2026-07-12,2026-07-12,1,Approved
EMP1350,Unpaid,2026-08-09,2026-08-09,1,Approved
EMP1350,Sick,2026-07-11,2026-07-11,1,Approved
EMP1350,Sick,2026-05-02,2026-05-06,5,Rejected
EMP1351,Earned,2026-05-27,2026-05-29,3,Approved
EMP1351,Casual,2026-06-17,2026-06-19,3,Approved
EMP1351,Sick,2026-07-18,2026-07-18,1,Approved
EMP1351,Casual,2026-06-03,2026-06-05,3,Approved
EMP1352,Sick,2026-06-12,2026-06-12,1,Approved
EMP1352,Sick,2026-08-05,2026-08-05,1,Approved
EMP1352,Unpaid,2026-05-19,2026-05-19,1,Approved
EMP1352,Unpaid,2026-06-26,2026-06-26,1,Approved
EMP1352,Casual,2026-06-24,2026-06-28,5,Approved
EMP1352,Earned,2026-07-25,2026-07-26,2,Approved
EMP1354,Earned,2026-05-15,2026-05-19,5,Approved
EMP1354,Sick,2026-07-15,2026-07-15,1,Approved
EMP1354,Sick,2026-07-25,2026-07-25,1,Approved
EMP1354,Unpaid,2026-05-07,2026-05-08,2,Approved
EMP1354,Unpaid,2026-05-05,2026-05-05,1,Approved
EMP1354,Unpaid,2026-07-21,2026-07-25,5,Rejected
EMP1354,Earned,2026-06-24,2026-06-26,3,Rejected
EMP1356,Unpaid,2026-07-31,2026-08-02,3,Approved
EMP1356,Casual,2026-05-01,2026-05-01,1,Approved
EMP1356,Unpaid,2026-07-07,2026-07-07,1,Approved
EMP1356,Sick,2026-05-30,2026-05-30,1,Approved
EMP1356,Unpaid,2026-07-12,2026-07-14,3,Approved
EMP1356,Sick,2026-08-02,2026-08-06,5,Approved
EMP1356,Unpaid,2026-05-08,2026-05-12,5,Approved
EMP1356,Earned,2026-06-14,2026-06-14,1,Approved
EMP1356,Earned,2026-08-11,2026-08-13,3,Approved
EMP1358,Earned,2026-08-11,2026-08-11,1,Approved
EMP1358,Sick,2026-05-09,2026-05-09,1,Approved
EMP1360,Earned,2026-05-10,2026-05-10,1,Approved
EMP1360,Sick,2026-06-15,2026-06-17,3,Approved
EMP1360,Unpaid,2026-07-13,2026-07-14,2,Approved
EMP1360,Unpaid,2026-07-21,2026-07-23,3,Approved
EMP1360,Unpaid,2026-07-16,2026-07-20,5,Rejected
EMP1360,Earned,2026-06-06,2026-06-06,1,Approved
EMP1361,Sick,2026-06-12,2026-06-16,5,Approved
EMP1361,Casual,2026-05-28,2026-05-30,3,Approved
EMP1361,Sick,2026-05-23,2026-05-23,1,Approved
EMP1361,Earned,2026-07-15,2026-07-16,2,Approved
EMP1361,Sick,2026-08-07,2026-08-09,3,Rejected
EMP1361,Earned,2026-05-18,2026-05-20,3,Approved
EMP1362,Casual,2026-07-28,2026-07-28,1,Approved
EMP1362,Unpaid,2026-08-16,2026-08-16,1,Rejected
EMP1362,Unpaid,2026-08-14,2026-08-18,5,Approved
EMP1362,Casual,2026-08-19,2026-08-23,5,Rejected
EMP1362,Earned,2026-08-05,2026-08-05,1,Approved
EMP1363,Unpaid,2026-05-16,2026-05-17,2,Approved
EMP1363,Earned,2026-05-01,2026-05-03,3,Approved
EMP1363,Sick,2026-08-03,2026-08-03,1,Approved
EMP1363,Sick,2026-08-14,2026-08-14,1,Approved
EMP1363,Earned,2026-08-17,2026-08-18,2,Approved
EMP1363,Sick,2026-07-10,2026-07-14,5,Approved
EMP1363,Sick,2026-06-23,2026-06-25,3,Approved
EMP1363,Unpaid,2026-07-13,2026-07-15,3,Approved
EMP1363,Sick,2026-07-09,2026-07-10,2,Approved
EMP1365,Sick,2026-07-29,2026-07-30,2,Approved
EMP1365,Sick,2026-06-19,2026-06-20,2,Approved
EMP1365,Earned,2026-07-17,2026-07-19,3,Approved
EMP1365,Unpaid,2026-05-26,2026-05-26,1,Approved
EMP1365,Casual,2026-07-24,2026-07-24,1,Approved
EMP1366,Casual,2026-07-25,2026-07-26,2,Approved
EMP1366,Sick,2026-05-13,2026-05-13,1,Approved
EMP1366,Earned,2026-07-22,2026-07-24,3,Approved
EMP1366,Sick,2026-05-23,2026-05-23,1,Approved
EMP1368,Sick,2026-06-06,2026-06-08,3,Rejected
EMP1368,Casual,2026-07-02,2026-07-02,1,Rejected
EMP1368,Sick,2026-08-05,2026-08-05,1,Approved
EMP1368,Unpaid,2026-06-28,2026-06-30,3,Approved
EMP1368,Earned,2026-06-13,2026-06-17,5,Approved
EMP1368,Earned,2026-06-09,2026-06-09,1,Approved
EMP1368,Unpaid,2026-06-30,2026-06-30,1,Approved
EMP1370,Sick,2026-07-03,2026-07-03,1,Approved
EMP1370,Earned,2026-07-29,2026-07-29,1,Approved
EMP1371,Casual,2026-07-04,2026-07-04,1,Rejected
EMP1371,Casual,2026-07-12,2026-07-16,5,Approved
EMP1371,Sick,2026-05-27,2026-05-31,5,Approved
EMP1371,Earned,2026-08-09,2026-08-09,1,Approved
EMP1371,Casual,2026-08-09,2026-08-11,3,Approved
EMP1371,Sick,2026-08-21,2026-08-22,2,Approved
EMP1372,Earned,2026-08-09,2026-08-13,5,Approved
EMP1372,Sick,2026-05-11,2026-05-11,1,Approved
EMP1372,Unpaid,2026-07-20,2026-07-24,5,Approved
EMP1372,Unpaid,2026-07-18,2026-07-18,1,Approved
EMP1372,Unpaid,2026-05-23,2026-05-23,1,Rejected
EMP1372,Unpaid,2026-06-27,2026-06-27,1,Approved
EMP1372,Sick,2026-07-18,2026-07-18,1,Approved
EMP1373,Unpaid,2026-07-07,2026-07-07,1,Approved
EMP1373,Casual,2026-06-28,2026-06-29,2,Approved
EMP1373,Earned,2026-08-14,2026-08-14,1,Approved
EMP1373,Casual,2026-05-10,2026-05-12,3,Approved
EMP1373,Unpaid,2026-05-24,2026-05-24,1,Approved
EMP1373,Casual,2026-06-20,2026-06-24,5,Approved
EMP1373,Casual,2026-06-25,2026-06-29,5,Approved
EMP1373,Casual,2026-08-12,2026-08-14,3,Approved
EMP1373,Unpaid,2026-06-03,2026-06-04,2,Approved
EMP1375,Earned,2026-08-04,2026-08-04,1,Approved
EMP1375,Sick,2026-07-21,2026-07-21,1,Approved
EMP1375,Unpaid,2026-08-02,2026-08-06,5,Approved
EMP1375,Unpaid,2026-05-04,2026-05-08,5,Approved
EMP1375,Unpaid,2026-07-05,2026-07-07,3,Approved
EMP1375,Sick,2026-05-05,2026-05-09,5,Approved
EMP1375,Casual,2026-05-26,2026-05-28,3,Approved
EMP1376,Unpaid,2026-08-01,2026-08-01,1,Approved
EMP1376,Casual,2026-06-10,2026-06-14,5,Approved
EMP1376,Earned,2026-06-16,2026-06-18,3,Approved
EMP1376,Casual,2026-06-23,2026-06-23,1,Approved
EMP1376,Earned,2026-08-17,2026-08-17,1,Approved
EMP1376,Earned,2026-06-25,2026-06-25,1,Approved
EMP1376,Earned,2026-05-18,2026-05-18,1,Approved
EMP1376,Casual,2026-05-30,2026-05-30,1,Approved
EMP1377,Sick,2026-08-17,2026-08-19,3,Rejected
EMP1377,Unpaid,2026-06-07,2026-06-11,5,Approved
EMP1377,Unpaid,2026-06-02,2026-06-02,1,Approved
EMP1377,Unpaid,2026-06-10,2026-06-10,1,Approved
EMP1377,Unpaid,2026-08-11,2026-08-15,5,Approved
EMP1377,Unpaid,2026-07-14,2026-07-16,3,Rejected
EMP1378,Sick,2026-06-19,2026-06-23,5,Approved
EMP1378,Earned,2026-07-11,2026-07-11,1,Approved
EMP1378,Earned,2026-07-26,2026-07-27,2,Rejected
EMP1378,Unpaid,2026-06-07,2026-06-07,1,Approved
EMP1378,Casual,2026-05-20,2026-05-20,1,Rejected
EMP1378,Earned,2026-06-27,2026-07-01,5,Approved
EMP1378,Earned,2026-06-23,2026-06-24,2,Approved
EMP1378,Casual,2026-06-05,2026-06-05,1,Approved
EMP1379,Casual,2026-06-05,2026-06-09,5,Rejected
EMP1379,Unpaid,2026-05-03,2026-05-03,1,Approved
EMP1379,Unpaid,2026-06-15,2026-06-16,2,Rejected
EMP1379,Earned,2026-06-27,2026-07-01,5,Approved
EMP1379,Sick,2026-07-30,2026-08-01,3,Approved
EMP1380,Unpaid,2026-05-06,2026-05-06,1,Approved
EMP1380,Sick,2026-07-12,2026-07-12,1,Approved
EMP1381,Unpaid,2026-07-07,2026-07-07,1,Approved
EMP1381,Sick,2026-07-19,2026-07-20,2,Approved
EMP1381,Sick,2026-05-27,2026-05-29,3,Approved
EMP1381,Earned,2026-08-01,2026-08-01,1,Approved
EMP1381,Casual,2026-05-27,2026-05-31,5,Rejected
EMP1381,Casual,2026-07-13,2026-07-13,1,Rejected
EMP1381,Earned,2026-07-23,2026-07-25,3,Approved
EMP1381,Casual,2026-05-27,2026-05-31,5,Approved
EMP1381,Unpaid,2026-06-23,2026-06-25,3,Approved
EMP1382,Sick,2026-08-19,2026-08-20,2,Approved
EMP1382,Unpaid,2026-07-17,2026-07-19,3,Approved
EMP1382,Casual,2026-05-11,2026-05-12,2,Approved
EMP1383,Earned,2026-06-10,2026-06-14,5,Approved
EMP1383,Casual,2026-08-17,2026-08-18,2,Approved
EMP1383,Earned,2026-06-17,2026-06-19,3,Approved
EMP1385,Earned,2026-07-04,2026-07-08,5,Approved
EMP1385,Unpaid,2026-06-23,2026-06-23,1,Approved
EMP1385,Sick,2026-06-23,2026-06-24,2,Approved
EMP1385,Unpaid,2026-07-02,2026-07-02,1,Approved
EMP1385,Casual,2026-05-15,2026-05-16,2,Approved
EMP1385,Earned,2026-06-06,2026-06-06,1,Approved
EMP1385,Earned,2026-06-23,2026-06-24,2,Approved
EMP1385,Casual,2026-06-27,2026-06-27,1,Approved
EMP1386,Casual,2026-08-18,2026-08-18,1,Approved
EMP1386,Sick,2026-05-31,2026-05-31,1,Approved
EMP1386,Casual,2026-05-09,2026-05-10,2,Approved
EMP1386,Sick,2026-06-07,2026-06-07,1,Approved
EMP1386,Casual,2026-05-12,2026-05-13,2,Rejected
EMP1386,Unpaid,2026-08-20,2026-08-21,2,Approved
EMP1387,Unpaid,2026-06-29,2026-06-29,1,Approved
EMP1387,Sick,2026-06-23,2026-06-23,1,Approved
EMP1387,Sick,2026-06-12,2026-06-12,1,Approved
EMP1387,Sick,2026-07-24,2026-07-26,3,Approved
EMP1387,Earned,2026-06-18,2026-06-22,5,Approved
EMP1387,Sick,2026-07-16,2026-07-20,5,Approved
EMP1388,Sick,2026-05-01,2026-05-02,2,Approved
EMP1388,Sick,2026-08-08,2026-08-12,5,Approved
EMP1389,Earned,2026-05-29,2026-05-31,3,Approved
EMP1389,Sick,2026-07-17,2026-07-17,1,Approved
EMP1390,Sick,2026-07-03,2026-07-07,5,Approved
EMP1390,Casual,2026-05-17,2026-05-17,1,Approved
EMP1390,Unpaid,2026-08-04,2026-08-08,5,Rejected
EMP1390,Sick,2026-07-05,2026-07-05,1,Approved
EMP1390,Earned,2026-08-19,2026-08-19,1,Approved
EMP1390,Casual,2026-05-04,2026-05-05,2,Approved
EMP1390,Sick,2026-05-02,2026-05-06,5,Approved
EMP1390,Sick,2026-07-31,2026-08-02,3,Approved
EMP1391,Casual,2026-05-19,2026-05-20,2,Rejected
EMP1391,Earned,2026-08-03,2026-08-07,5,Approved
EMP1391,Sick,2026-07-19,2026-07-21,3,Approved
EMP1392,Casual,2026-07-26,2026-07-28,3,Approved
EMP1392,Earned,2026-05-21,2026-05-23,3,Approved
EMP1392,Unpaid,2026-06-28,2026-06-28,1,Approved
EMP1392,Sick,2026-07-28,2026-07-28,1,Approved
EMP1392,Sick,2026-07-21,2026-07-22,2,Approved
EMP1392,Sick,2026-08-13,2026-08-13,1,Approved
EMP1392,Unpaid,2026-06-20,2026-06-22,3,Rejected
EMP1392,Sick,2026-06-23,2026-06-23,1,Approved
EMP1392,Casual,2026-05-11,2026-05-15,5,Approved
EMP1393,Unpaid,2026-04-30,2026-05-04,5,Approved
EMP1393,Sick,2026-07-31,2026-07-31,1,Approved
EMP1393,Sick,2026-06-02,2026-06-02,1,Approved
EMP1393,Sick,2026-05-17,2026-05-17,1,Approved
EMP1393,Unpaid,2026-07-24,2026-07-25,2,Approved
EMP1393,Earned,2026-08-02,2026-08-04,3,Approved
EMP1393,Earned,2026-05-06,2026-05-08,3,Approved
EMP1395,Casual,2026-05-17,2026-05-21,5,Approved
EMP1395,Casual,2026-06-27,2026-06-27,1,Approved
EMP1395,Sick,2026-05-13,2026-05-13,1,Approved
EMP1395,Sick,2026-06-09,2026-06-09,1,Approved
EMP1399,Casual,2026-05-15,2026-05-15,1,Approved
EMP1399,Earned,2026-07-04,2026-07-04,1,Approved
EMP1399,Earned,2026-06-13,2026-06-13,1,Approved
EMP1399,Sick,2026-05-23,2026-05-25,3,Approved
EMP1399,Earned,2026-05-09,2026-05-09,1,Approved
EMP1399,Earned,2026-06-30,2026-06-30,1,Approved
EMP1400,Earned,2026-06-12,2026-06-16,5,Approved
EMP1400,Casual,2026-05-02,2026-05-02,1,Approved
EMP1400,Casual,2026-07-14,2026-07-14,1,Approved
EMP1400,Unpaid,2026-08-15,2026-08-19,5,Approved
EMP1400,Casual,2026-08-18,2026-08-22,5,Approved
EMP1400,Casual,2026-06-29,2026-07-03,5,Approved
EMP1400,Earned,2026-08-14,2026-08-15,2,Approved
EMP1400,Unpaid,2026-05-13,2026-05-15,3,Approved
EMP1402,Earned,2026-05-01,2026-05-02,2,Rejected
EMP1402,Earned,2026-07-14,2026-07-14,1,Approved
EMP1402,Unpaid,2026-05-22,2026-05-23,2,Approved
EMP1403,Unpaid,2026-08-06,2026-08-08,3,Approved
EMP1403,Earned,2026-06-28,2026-06-28,1,Approved
EMP1404,Earned,2026-06-12,2026-06-13,2,Approved
EMP1404,Sick,2026-07-23,2026-07-23,1,Rejected
EMP1404,Sick,2026-06-16,2026-06-16,1,Rejected
EMP1404,Earned,2026-05-03,2026-05-05,3,Approved
EMP1404,Sick,2026-06-19,2026-06-19,1,Approved
EMP1404,Unpaid,2026-07-20,2026-07-21,2,Approved
EMP1404,Earned,2026-06-28,2026-06-28,1,Approved
EMP1404,Sick,2026-07-07,2026-07-07,1,Approved
EMP1404,Earned,2026-07-04,2026-07-04,1,Approved
EMP1405,Unpaid,2026-07-30,2026-08-01,3,Approved
EMP1405,Unpaid,2026-05-28,2026-05-28,1,Approved
EMP1406,Casual,2026-05-01,2026-05-02,2,Approved
EMP1406,Earned,2026-08-12,2026-08-12,1,Approved
EMP1407,Unpaid,2026-07-23,2026-07-23,1,Approved
EMP1407,Sick,2026-07-15,2026-07-16,2,Approved
EMP1407,Sick,2026-07-14,2026-07-18,5,Approved
EMP1407,Unpaid,2026-07-12,2026-07-16,5,Approved
EMP1407,Casual,2026-08-11,2026-08-11,1,Approved
EMP1407,Unpaid,2026-05-20,2026-05-20,1,Approved
EMP1410,Unpaid,2026-06-16,2026-06-16,1,Approved
EMP1410,Unpaid,2026-06-21,2026-06-21,1,Approved
EMP1410,Earned,2026-07-18,2026-07-18,1,Approved
EMP1410,Unpaid,2026-06-08,2026-06-08,1,Approved
EMP1411,Casual,2026-05-13,2026-05-14,2,Approved
EMP1411,Earned,2026-07-28,2026-07-28,1,Approved
EMP1412,Sick,2026-05-02,2026-05-02,1,Approved
EMP1412,Casual,2026-08-21,2026-08-21,1,Rejected
EMP1412,Unpaid,2026-06-15,2026-06-16,2,Approved
EMP1412,Earned,2026-05-25,2026-05-25,1,Approved
EMP1412,Unpaid,2026-06-10,2026-06-10,1,Approved
EMP1413,Casual,2026-07-19,2026-07-21,3,Rejected
EMP1413,Casual,2026-07-01,2026-07-02,2,Approved
EMP1413,Unpaid,2026-05-31,2026-06-04,5,Approved
EMP1413,Sick,2026-05-11,2026-05-13,3,Approved
EMP1413,Earned,2026-07-28,2026-08-01,5,Approved
EMP1413,Sick,2026-08-12,2026-08-16,5,Approved
EMP1413,Sick,2026-05-21,2026-05-21,1,Approved
EMP1413,Sick,2026-08-11,2026-08-13,3,Approved
EMP1414,Sick,2026-08-01,2026-08-05,5,Approved
EMP1414,Earned,2026-06-16,2026-06-17,2,Approved
EMP1414,Unpaid,2026-05-21,2026-05-22,2,Approved
EMP1414,Casual,2026-07-26,2026-07-28,3,Approved
EMP1414,Sick,2026-05-22,2026-05-22,1,Approved
EMP1414,Sick,2026-06-24,2026-06-26,3,Approved
EMP1414,Earned,2026-05-27,2026-05-29,3,Approved
EMP1414,Casual,2026-07-14,2026-07-14,1,Approved
EMP1416,Unpaid,2026-05-30,2026-06-01,3,Approved
EMP1416,Casual,2026-05-15,2026-05-17,3,Approved
EMP1416,Earned,2026-05-06,2026-05-06,1,Approved
EMP1416,Earned,2026-06-19,2026-06-23,5,Rejected
EMP1416,Sick,2026-08-11,2026-08-12,2,Approved
EMP1416,Earned,2026-07-15,2026-07-19,5,Approved
EMP1417,Unpaid,2026-07-02,2026-07-03,2,Rejected
EMP1417,Casual,2026-05-06,2026-05-06,1,Approved
EMP1417,Unpaid,2026-07-25,2026-07-27,3,Approved
EMP1417,Unpaid,2026-08-02,2026-08-02,1,Approved
EMP1418,Earned,2026-05-14,2026-05-16,3,Approved
EMP1418,Casual,2026-07-07,2026-07-07,1,Approved
EMP1418,Unpaid,2026-05-04,2026-05-04,1,Approved
EMP1418,Unpaid,2026-05-30,2026-06-03,5,Approved
EMP1418,Earned,2026-06-22,2026-06-26,5,Approved
EMP1418,Earned,2026-05-07,2026-05-07,1,Approved
EMP1418,Earned,2026-08-04,2026-08-06,3,Approved
EMP1418,Sick,2026-07-20,2026-07-22,3,Approved
EMP1421,Unpaid,2026-08-02,2026-08-02,1,Approved
EMP1421,Casual,2026-07-07,2026-07-09,3,Approved
EMP1421,Unpaid,2026-06-17,2026-06-17,1,Approved
EMP1421,Casual,2026-05-28,2026-06-01,5,Approved
EMP1421,Sick,2026-07-08,2026-07-08,1,Approved
EMP1421,Earned,2026-05-05,2026-05-05,1,Approved
EMP1421,Casual,2026-08-16,2026-08-20,5,Approved
EMP1421,Sick,2026-05-22,2026-05-23,2,Approved
EMP1421,Sick,2026-06-15,2026-06-15,1,Approved
EMP1422,Casual,2026-08-18,2026-08-22,5,Approved
EMP1422,Casual,2026-05-22,2026-05-26,5,Approved
EMP1422,Sick,2026-06-11,2026-06-15,5,Approved
EMP1422,Sick,2026-05-28,2026-06-01,5,Approved
EMP1422,Casual,2026-04-28,2026-04-28,1,Approved
EMP1422,Sick,2026-08-19,2026-08-19,1,Approved
EMP1423,Unpaid,2026-05-04,2026-05-04,1,Approved
EMP1423,Earned,2026-07-23,2026-07-25,3,Approved
EMP1423,Unpaid,2026-05-22,2026-05-24,3,Approved
EMP1423,Sick,2026-08-18,2026-08-18,1,Approved
EMP1423,Casual,2026-07-06,2026-07-08,3,Approved
EMP1423,Sick,2026-06-02,2026-06-02,1,Approved
EMP1423,Earned,2026-08-08,2026-08-10,3,Rejected
EMP1423,Sick,2026-06-23,2026-06-23,1,Approved
EMP1424,Earned,2026-06-23,2026-06-27,5,Rejected
EMP1424,Earned,2026-08-11,2026-08-13,3,Approved
EMP1424,Earned,2026-05-22,2026-05-26,5,Approved
EMP1424,Sick,2026-05-05,2026-05-05,1,Approved
EMP1424,Earned,2026-05-17,2026-05-18,2,Approved
EMP1424,Casual,2026-07-06,2026-07-06,1,Approved
EMP1424,Earned,2026-08-06,2026-08-10,5,Approved
EMP1425,Sick,2026-08-20,2026-08-20,1,Approved
EMP1425,Earned,2026-05-22,2026-05-23,2,Approved
EMP1426,Earned,2026-06-05,2026-06-07,3,Approved
EMP1426,Sick,2026-08-16,2026-08-20,5,Approved
EMP1427,Sick,2026-07-10,2026-07-10,1,Approved
EMP1427,Earned,2026-07-12,2026-07-16,5,Approved
EMP1427,Sick,2026-06-18,2026-06-22,5,Approved
EMP1427,Sick,2026-07-31,2026-07-31,1,Approved
EMP1427,Unpaid,2026-08-16,2026-08-20,5,Approved
EMP1427,Sick,2026-07-16,2026-07-16,1,Approved
EMP1427,Sick,2026-05-03,2026-05-04,2,Approved
EMP1428,Unpaid,2026-07-28,2026-07-28,1,Approved
EMP1428,Unpaid,2026-06-13,2026-06-13,1,Approved
EMP1428,Unpaid,2026-07-31,2026-08-02,3,Approved
EMP1428,Unpaid,2026-08-10,2026-08-10,1,Approved
EMP1428,Earned,2026-05-31,2026-05-31,1,Approved
EMP1428,Unpaid,2026-08-06,2026-08-07,2,Approved
EMP1428,Unpaid,2026-06-19,2026-06-19,1,Approved
EMP1429,Sick,2026-08-10,2026-08-11,2,Approved
EMP1429,Sick,2026-05-26,2026-05-30,5,Approved
EMP1429,Casual,2026-08-12,2026-08-12,1,Approved
EMP1429,Earned,2026-06-30,2026-06-30,1,Approved
EMP1429,Earned,2026-05-31,2026-06-04,5,Rejected
EMP1429,Casual,2026-08-11,2026-08-13,3,Approved
EMP1430,Sick,2026-06-29,2026-06-30,2,Rejected
EMP1430,Casual,2026-07-08,2026-07-12,5,Rejected
EMP1430,Unpaid,2026-05-13,2026-05-13,1,Approved
EMP1431,Casual,2026-07-01,2026-07-05,5,Approved
EMP1431,Unpaid,2026-07-09,2026-07-09,1,Approved
EMP1431,Earned,2026-05-22,2026-05-22,1,Approved
EMP1431,Sick,2026-06-02,2026-06-02,1,Approved
EMP1432,Earned,2026-06-15,2026-06-16,2,Rejected
EMP1432,Casual,2026-07-02,2026-07-02,1,Approved
EMP1432,Sick,2026-06-22,2026-06-26,5,Approved
EMP1432,Casual,2026-06-18,2026-06-20,3,Approved
EMP1432,Sick,2026-07-30,2026-07-30,1,Approved
EMP1432,Unpaid,2026-05-16,2026-05-17,2,Rejected
EMP1432,Unpaid,2026-06-07,2026-06-09,3,Approved
EMP1432,Earned,2026-05-22,2026-05-23,2,Approved
EMP1432,Casual,2026-07-18,2026-07-20,3,Approved
EMP1433,Unpaid,2026-07-08,2026-07-10,3,Rejected
EMP1433,Sick,2026-06-27,2026-06-28,2,Approved
EMP1433,Earned,2026-07-11,2026-07-13,3,Approved
EMP1434,Casual,2026-05-28,2026-05-28,1,Approved
EMP1434,Casual,2026-08-21,2026-08-21,1,Approved
EMP1434,Earned,2026-06-12,2026-06-12,1,Approved
EMP1434,Casual,2026-07-29,2026-08-02,5,Rejected
EMP1434,Earned,2026-07-30,2026-07-30,1,Approved
EMP1436,Casual,2026-08-13,2026-08-13,1,Approved
EMP1436,Unpaid,2026-05-13,2026-05-17,5,Approved
EMP1436,Sick,2026-08-10,2026-08-11,2,Approved
EMP1436,Sick,2026-07-07,2026-07-11,5,Approved
EMP1436,Casual,2026-07-01,2026-07-03,3,Approved
EMP1436,Sick,2026-08-10,2026-08-10,1,Approved
EMP1437,Casual,2026-05-05,2026-05-07,3,Approved
EMP1437,Unpaid,2026-08-06,2026-08-08,3,Approved
EMP1437,Earned,2026-08-14,2026-08-16,3,Approved
EMP1437,Casual,2026-07-07,2026-07-07,1,Approved
EMP1437,Sick,2026-05-26,2026-05-26,1,Approved
EMP1437,Unpaid,2026-05-13,2026-05-15,3,Approved
EMP1437,Earned,2026-07-22,2026-07-26,5,Approved
EMP1437,Sick,2026-07-10,2026-07-10,1,Approved
EMP1437,Earned,2026-08-02,2026-08-02,1,Approved
EMP1438,Earned,2026-07-15,2026-07-19,5,Approved
EMP1438,Sick,2026-05-30,2026-05-30,1,Approved
EMP1438,Unpaid,2026-06-07,2026-06-08,2,Approved
EMP1439,Unpaid,2026-07-27,2026-07-27,1,Approved
EMP1439,Unpaid,2026-08-17,2026-08-19,3,Approved
EMP1439,Unpaid,2026-07-31,2026-08-02,3,Rejected
EMP1439,Sick,2026-05-19,2026-05-19,1,Rejected
EMP1439,Casual,2026-05-09,2026-05-10,2,Approved
EMP1439,Unpaid,2026-06-06,2026-06-10,5,Approved
EMP1439,Casual,2026-07-23,2026-07-24,2,Approved
EMP1440,Casual,2026-08-08,2026-08-09,2,Approved
EMP1440,Unpaid,2026-07-15,2026-07-19,5,Approved
EMP1440,Sick,2026-08-08,2026-08-09,2,Approved
EMP1442,Unpaid,2026-06-04,2026-06-04,1,Approved
EMP1442,Sick,2026-05-09,2026-05-11,3,Approved
EMP1442,Sick,2026-07-25,2026-07-27,3,Approved
EMP1442,Earned,2026-08-17,2026-08-21,5,Approved
EMP1442,Sick,2026-08-17,2026-08-21,5,Approved
EMP1442,Earned,2026-04-30,2026-04-30,1,Rejected
EMP1443,Sick,2026-08-19,2026-08-21,3,Approved
EMP1443,Sick,2026-07-27,2026-07-27,1,Approved
EMP1444,Sick,2026-05-08,2026-05-10,3,Approved
EMP1444,Sick,2026-05-10,2026-05-12,3,Rejected
EMP1444,Earned,2026-06-08,2026-06-08,1,Approved
EMP1444,Casual,2026-07-08,2026-07-08,1,Approved
EMP1444,Sick,2026-05-03,2026-05-04,2,Approved
EMP1444,Casual,2026-06-07,2026-06-11,5,Approved
EMP1444,Casual,2026-05-26,2026-05-27,2,Approved
EMP1444,Unpaid,2026-08-13,2026-08-17,5,Approved
EMP1444,Casual,2026-04-30,2026-05-01,2,Approved
EMP1445,Casual,2026-06-11,2026-06-13,3,Approved
EMP1445,Sick,2026-06-14,2026-06-18,5,Approved
EMP1446,Casual,2026-06-07,2026-06-09,3,Approved
EMP1446,Unpaid,2026-05-29,2026-05-29,1,Approved
EMP1446,Sick,2026-05-07,2026-05-09,3,Approved
EMP1446,Unpaid,2026-08-20,2026-08-24,5,Approved
EMP1446,Earned,2026-06-20,2026-06-20,1,Approved
EMP1446,Earned,2026-08-19,2026-08-19,1,Approved
EMP1446,Sick,2026-05-16,2026-05-16,1,Approved
EMP1448,Sick,2026-06-27,2026-06-28,2,Approved
EMP1448,Casual,2026-05-12,2026-05-12,1,Approved
EMP1450,Casual,2026-08-14,2026-08-14,1,Approved
EMP1450,Casual,2026-08-06,2026-08-06,1,Approved
EMP1450,Casual,2026-07-06,2026-07-08,3,Approved
EMP1450,Unpaid,2026-05-17,2026-05-18,2,Approved
EMP1451,Earned,2026-06-04,2026-06-05,2,Approved
EMP1451,Earned,2026-08-06,2026-08-06,1,Approved
EMP1452,Sick,2026-08-11,2026-08-11,1,Rejected
EMP1452,Earned,2026-05-29,2026-05-29,1,Approved
EMP1452,Unpaid,2026-08-16,2026-08-18,3,Approved
EMP1452,Earned,2026-07-09,2026-07-11,3,Approved
EMP1452,Casual,2026-07-05,2026-07-07,3,Approved
EMP1452,Sick,2026-05-15,2026-05-17,3,Approved
EMP1452,Unpaid,2026-07-04,2026-07-06,3,Approved
EMP1452,Earned,2026-06-28,2026-07-02,5,Approved
EMP1453,Casual,2026-08-08,2026-08-10,3,Approved
EMP1453,Earned,2026-08-05,2026-08-06,2,Approved
EMP1453,Earned,2026-05-21,2026-05-23,3,Approved
EMP1453,Sick,2026-05-26,2026-05-30,5,Approved
EMP1453,Unpaid,2026-05-06,2026-05-07,2,Approved
EMP1453,Sick,2026-06-20,2026-06-20,1,Approved
EMP1453,Unpaid,2026-05-19,2026-05-19,1,Approved
EMP1453,Sick,2026-07-09,2026-07-13,5,Approved
EMP1453,Casual,2026-07-22,2026-07-24,3,Approved
EMP1454,Sick,2026-08-20,2026-08-22,3,Approved
EMP1454,Casual,2026-05-03,2026-05-05,3,Approved
EMP1454,Earned,2026-07-30,2026-07-30,1,Approved
EMP1454,Casual,2026-05-11,2026-05-11,1,Approved
EMP1454,Casual,2026-06-11,2026-06-11,1,Approved
EMP1454,Sick,2026-05-22,2026-05-26,5,Approved
EMP1454,Earned,2026-07-24,2026-07-28,5,Approved
EMP1454,Unpaid,2026-08-07,2026-08-09,3,Rejected
EMP1454,Unpaid,2026-04-28,2026-04-29,2,Approved
EMP1455,Casual,2026-06-09,2026-06-13,5,Approved
EMP1455,Casual,2026-06-11,2026-06-13,3,Approved
EMP1455,Earned,2026-06-30,2026-06-30,1,Approved
EMP1455,Casual,2026-07-07,2026-07-09,3,Approved
EMP1455,Sick,2026-06-12,2026-06-13,2,Approved
EMP1455,Casual,2026-08-11,2026-08-11,1,Approved
EMP1455,Earned,2026-05-16,2026-05-20,5,Approved
EMP1455,Earned,2026-06-25,2026-06-25,1,Approved
EMP1455,Unpaid,2026-05-10,2026-05-10,1,Approved
EMP1456,Sick,2026-07-14,2026-07-14,1,Approved
EMP1456,Sick,2026-05-14,2026-05-16,3,Approved
EMP1456,Earned,2026-07-15,2026-07-16,2,Approved
EMP1456,Unpaid,2026-06-21,2026-06-25,5,Approved
EMP1456,Unpaid,2026-05-22,2026-05-24,3,Approved
EMP1458,Sick,2026-07-12,2026-07-12,1,Approved
EMP1458,Unpaid,2026-06-27,2026-07-01,5,Approved
EMP1458,Unpaid,2026-05-17,2026-05-19,3,Approved
EMP1458,Unpaid,2026-06-02,2026-06-06,5,Approved
EMP1458,Earned,2026-08-04,2026-08-08,5,Approved
EMP1458,Unpaid,2026-06-20,2026-06-24,5,Approved
EMP1458,Sick,2026-06-06,2026-06-08,3,Approved
EMP1458,Casual,2026-08-02,2026-08-04,3,Approved
EMP1458,Unpaid,2026-08-10,2026-08-12,3,Approved
EMP1459,Casual,2026-07-18,2026-07-19,2,Approved
EMP1459,Earned,2026-05-08,2026-05-10,3,Rejected
EMP1459,Sick,2026-07-10,2026-07-11,2,Approved
EMP1459,Sick,2026-08-12,2026-08-12,1,Approved
EMP1459,Sick,2026-08-07,2026-08-07,1,Approved
EMP1459,Sick,2026-06-12,2026-06-12,1,Approved
EMP1459,Sick,2026-07-16,2026-07-17,2,Approved
EMP1460,Casual,2026-08-08,2026-08-08,1,Approved
EMP1460,Earned,2026-08-17,2026-08-17,1,Approved
EMP1460,Sick,2026-07-14,2026-07-16,3,Approved
EMP1460,Earned,2026-08-10,2026-08-11,2,Rejected
EMP1460,Casual,2026-05-05,2026-05-06,2,Approved
EMP1460,Sick,2026-07-16,2026-07-17,2,Approved
EMP1461,Casual,2026-06-07,2026-06-11,5,Approved
EMP1461,Unpaid,2026-06-10,2026-06-14,5,Approved
EMP1461,Sick,2026-06-07,2026-06-07,1,Rejected
EMP1463,Earned,2026-07-07,2026-07-11,5,Approved
EMP1463,Sick,2026-06-13,2026-06-13,1,Approved
EMP1463,Unpaid,2026-06-29,2026-06-29,1,Approved
EMP1463,Sick,2026-05-29,2026-05-31,3,Approved
EMP1463,Sick,2026-08-20,2026-08-22,3,Approved
EMP1465,Casual,2026-06-17,2026-06-21,5,Approved
EMP1465,Earned,2026-06-28,2026-06-29,2,Approved
EMP1466,Earned,2026-06-09,2026-06-09,1,Approved
EMP1466,Earned,2026-07-04,2026-07-04,1,Approved
EMP1466,Sick,2026-08-10,2026-08-10,1,Approved
EMP1467,Earned,2026-07-10,2026-07-14,5,Rejected
EMP1467,Sick,2026-08-11,2026-08-11,1,Approved
EMP1468,Sick,2026-08-17,2026-08-21,5,Approved
EMP1468,Sick,2026-06-30,2026-07-04,5,Approved
EMP1468,Casual,2026-07-17,2026-07-21,5,Approved
EMP1468,Sick,2026-06-02,2026-06-04,3,Approved
EMP1469,Unpaid,2026-05-14,2026-05-18,5,Approved
EMP1469,Earned,2026-08-08,2026-08-09,2,Approved
EMP1469,Earned,2026-07-12,2026-07-12,1,Approved
EMP1469,Unpaid,2026-07-12,2026-07-13,2,Approved
EMP1469,Unpaid,2026-08-09,2026-08-09,1,Approved
EMP1469,Unpaid,2026-07-15,2026-07-16,2,Approved
EMP1472,Earned,2026-05-09,2026-05-09,1,Rejected
EMP1472,Unpaid,2026-07-04,2026-07-08,5,Approved
EMP1472,Earned,2026-08-02,2026-08-06,5,Rejected
EMP1472,Casual,2026-08-09,2026-08-11,3,Rejected
EMP1472,Casual,2026-05-07,2026-05-07,1,Approved
EMP1472,Casual,2026-05-31,2026-05-31,1,Approved
EMP1472,Casual,2026-07-17,2026-07-21,5,Approved
EMP1472,Unpaid,2026-05-28,2026-05-28,1,Approved
EMP1472,Sick,2026-07-28,2026-07-29,2,Approved
EMP1474,Earned,2026-06-10,2026-06-11,2,Approved
EMP1474,Earned,2026-08-06,2026-08-08,3,Approved
EMP1474,Unpaid,2026-07-10,2026-07-12,3,Approved
EMP1474,Unpaid,2026-06-12,2026-06-12,1,Approved
EMP1474,Earned,2026-06-18,2026-06-19,2,Approved
EMP1474,Casual,2026-08-19,2026-08-20,2,Approved
EMP1474,Unpaid,2026-05-07,2026-05-11,5,Approved
EMP1474,Unpaid,2026-05-29,2026-05-29,1,Approved
EMP1475,Earned,2026-07-30,2026-08-03,5,Approved
EMP1475,Casual,2026-05-12,2026-05-12,1,Approved
EMP1475,Earned,2026-07-19,2026-07-21,3,Approved
EMP1475,Sick,2026-08-09,2026-08-09,1,Approved
EMP1475,Earned,2026-08-13,2026-08-13,1,Approved
EMP1476,Sick,2026-06-14,2026-06-14,1,Approved
EMP1476,Unpaid,2026-06-07,2026-06-11,5,Approved
EMP1476,Unpaid,2026-06-14,2026-06-14,1,Approved
EMP1476,Earned,2026-08-12,2026-08-16,5,Approved
EMP1476,Earned,2026-07-30,2026-08-03,5,Approved
EMP1476,Sick,2026-07-28,2026-08-01,5,Approved
EMP1477,Earned,2026-05-17,2026-05-19,3,Approved
EMP1477,Earned,2026-05-21,2026-05-21,1,Approved
EMP1477,Sick,2026-07-26,2026-07-27,2,Approved
EMP1480,Casual,2026-05-16,2026-05-20,5,Approved
EMP1480,Unpaid,2026-08-11,2026-08-11,1,Approved
EMP1480,Casual,2026-06-11,2026-06-12,2,Approved
EMP1480,Unpaid,2026-06-02,2026-06-02,1,Approved
EMP1480,Sick,2026-06-09,2026-06-10,2,Approved
EMP1480,Earned,2026-06-10,2026-06-10,1,Approved
EMP1480,Sick,2026-06-01,2026-06-02,2,Approved
EMP1480,Unpaid,2026-08-21,2026-08-23,3,Approved
EMP1481,Earned,2026-06-21,2026-06-23,3,Approved
EMP1481,Casual,2026-06-09,2026-06-09,1,Rejected
EMP1481,Unpaid,2026-06-01,2026-06-05,5,Approved
EMP1481,Casual,2026-07-25,2026-07-25,1,Approved
EMP1481,Unpaid,2026-04-29,2026-05-03,5,Approved
EMP1481,Sick,2026-05-25,2026-05-25,1,Approved
EMP1481,Unpaid,2026-05-14,2026-05-16,3,Approved
EMP1481,Casual,2026-06-12,2026-06-12,1,Approved
EMP1481,Earned,2026-08-02,2026-08-03,2,Approved
EMP1483,Unpaid,2026-06-23,2026-06-24,2,Approved
EMP1483,Casual,2026-08-04,2026-08-08,5,Approved
EMP1484,Earned,2026-08-02,2026-08-02,1,Approved
EMP1484,Unpaid,2026-07-05,2026-07-07,3,Rejected
EMP1485,Earned,2026-07-13,2026-07-17,5,Approved
EMP1485,Casual,2026-08-13,2026-08-15,3,Approved
EMP1485,Earned,2026-07-25,2026-07-25,1,Approved
EMP1485,Earned,2026-08-13,2026-08-17,5,Approved
EMP1485,Unpaid,2026-07-11,2026-07-13,3,Approved
EMP1485,Casual,2026-07-22,2026-07-22,1,Approved
EMP1485,Casual,2026-06-18,2026-06-19,2,Approved
EMP1486,Unpaid,2026-07-18,2026-07-18,1,Approved
EMP1486,Unpaid,2026-07-17,2026-07-19,3,Approved
EMP1486,Casual,2026-08-13,2026-08-15,3,Approved
EMP1486,Casual,2026-08-05,2026-08-06,2,Approved
EMP1486,Sick,2026-06-02,2026-06-06,5,Approved
EMP1486,Unpaid,2026-04-28,2026-04-29,2,Approved
EMP1486,Casual,2026-06-11,2026-06-15,5,Approved
EMP1486,Casual,2026-07-30,2026-08-01,3,Approved
EMP1487,Sick,2026-08-16,2026-08-16,1,Rejected
EMP1487,Casual,2026-08-17,2026-08-18,2,Approved
EMP1487,Casual,2026-08-16,2026-08-16,1,Approved
EMP1487,Unpaid,2026-06-04,2026-06-06,3,Approved
EMP1487,Sick,2026-05-29,2026-05-30,2,Approved
EMP1487,Casual,2026-05-17,2026-05-17,1,Approved
EMP1488,Earned,2026-07-18,2026-07-20,3,Approved
EMP1488,Earned,2026-08-16,2026-08-16,1,Approved
EMP1488,Unpaid,2026-08-04,2026-08-04,1,Approved
EMP1488,Sick,2026-08-21,2026-08-21,1,Rejected
EMP1488,Earned,2026-07-25,2026-07-26,2,Approved
EMP1488,Casual,2026-05-30,2026-05-30,1,Rejected
EMP1488,Earned,2026-06-15,2026-06-19,5,Rejected
EMP1488,Sick,2026-08-16,2026-08-16,1,Approved
EMP1488,Sick,2026-07-05,2026-07-05,1,Approved
EMP1489,Sick,2026-07-10,2026-07-10,1,Rejected
EMP1489,Earned,2026-06-14,2026-06-14,1,Approved
EMP1489,Casual,2026-05-18,2026-05-19,2,Approved
EMP1489,Unpaid,2026-07-19,2026-07-20,2,Approved
EMP1489,Sick,2026-08-12,2026-08-12,1,Approved
EMP1489,Sick,2026-06-10,2026-06-10,1,Approved
EMP1489,Earned,2026-05-03,2026-05-05,3,Approved
EMP1489,Unpaid,2026-06-03,2026-06-03,1,Approved
EMP1489,Casual,2026-06-30,2026-06-30,1,Approved
EMP1490,Unpaid,2026-05-21,2026-05-21,1,Approved
EMP1490,Sick,2026-07-04,2026-07-06,3,Approved
EMP1490,Unpaid,2026-06-17,2026-06-21,5,Approved
EMP1490,Earned,2026-06-13,2026-06-17,5,Approved
EMP1490,Sick,2026-05-16,2026-05-17,2,Approved
EMP1490,Earned,2026-06-20,2026-06-20,1,Approved
EMP1491,Sick,2026-04-28,2026-04-30,3,Approved
EMP1491,Sick,2026-07-04,2026-07-05,2,Approved
EMP1491,Sick,2026-05-12,2026-05-12,1,Approved
EMP1491,Casual,2026-08-12,2026-08-13,2,Rejected
EMP1491,Earned,2026-08-11,2026-08-11,1,Approved
EMP1491,Unpaid,2026-07-02,2026-07-02,1,Approved
EMP1491,Unpaid,2026-08-12,2026-08-12,1,Approved
EMP1492,Sick,2026-06-02,2026-06-02,1,Approved
EMP1492,Casual,2026-05-21,2026-05-21,1,Approved
EMP1492,Earned,2026-06-25,2026-06-29,5,Approved
EMP1493,Casual,2026-05-28,2026-05-29,2,Approved
EMP1493,Casual,2026-04-28,2026-04-28,1,Approved
EMP1493,Casual,2026-05-07,2026-05-07,1,Approved
EMP1493,Sick,2026-06-19,2026-06-19,1,Approved
EMP1493,Casual,2026-08-07,2026-08-08,2,Approved
EMP1494,Earned,2026-08-09,2026-08-10,2,Approved
EMP1494,Sick,2026-05-14,2026-05-15,2,Approved
EMP1494,Unpaid,2026-05-10,2026-05-10,1,Approved
EMP1494,Unpaid,2026-05-07,2026-05-11,5,Approved
EMP1494,Earned,2026-07-25,2026-07-25,1,Approved
EMP1495,Casual,2026-05-14,2026-05-18,5,Approved
EMP1495,Casual,2026-06-02,2026-06-02,1,Approved
EMP1495,Sick,2026-07-26,2026-07-27,2,Approved
EMP1495,Earned,2026-08-01,2026-08-01,1,Approved
EMP1496,Unpaid,2026-06-22,2026-06-22,1,Approved
EMP1496,Sick,2026-08-12,2026-08-16,5,Approved
EMP1496,Casual,2026-07-04,2026-07-06,3,Approved
EMP1496,Earned,2026-06-27,2026-06-27,1,Approved
EMP1496,Sick,2026-05-04,2026-05-04,1,Approved
EMP1497,Casual,2026-06-23,2026-06-23,1,Approved
EMP1497,Unpaid,2026-06-06,2026-06-10,5,Approved
EMP1497,Earned,2026-05-25,2026-05-26,2,Approved
EMP1497,Sick,2026-07-08,2026-07-08,1,Approved
EMP1497,Casual,2026-08-20,2026-08-22,3,Approved
EMP1498,Sick,2026-08-05,2026-08-06,2,Approved
EMP1498,Unpaid,2026-06-12,2026-06-13,2,Approved
EMP1498,Earned,2026-05-07,2026-05-07,1,Rejected
EMP1499,Sick,2026-08-18,2026-08-18,1,Approved
EMP1499,Unpaid,2026-05-18,2026-05-19,2,Approved
EMP1499,Casual,2026-05-25,2026-05-29,5,Approved
EMP1499,Unpaid,2026-08-07,2026-08-08,2,Approved
EMP1499,Casual,2026-07-16,2026-07-17,2,Approved
EMP1499,Casual,2026-07-18,2026-07-20,3,Approved
EMP1499,Unpaid,2026-08-06,2026-08-06,1,Approved
EMP1499,Sick,2026-06-23,2026-06-24,2,Approved
EMP1499,Casual,2026-08-04,2026-08-05,2,Approved
