employee_id,response_date,vibe_score,emotion_zone
EMP1000,2026-04-28,4,Happy
EMP1000,2026-04-30,4,Happy
EMP1000,2026-05-04,3,Okay
EMP1000,2026-05-06,3,Okay
EMP1000,2026-05-08,3,Okay
EMP1000,2026-05-10,4,Happy
EMP1000,2026-05-14,3,Okay
EMP1000,2026-05-16,3,Okay
EMP1000,2026-05-18,4,Happy
EMP1000,2026-05-20,4,Happy
EMP1000,2026-05-22,4,Happy
EMP1000,2026-05-24,3,Okay
EMP1000,2026-05-26,4,Happy
EMP1000,2026-05-28,4,Happy
EMP1000,2026-05-30,3,Okay
EMP1000,2026-06-01,3,Okay
EMP1000,2026-06-03,2,Sad
EMP1000,2026-06-05,3,Okay
EMP1000,2026-06-07,2,Sad
EMP1000,2026-06-09,3,Okay
EMP1000,2026-06-11,3,Okay
EMP1000,2026-06-13,4,Happy
EMP1000,2026-06-15,4,Happy
EMP1000,2026-06-17,3,Okay
EMP1000,2026-06-19,2,Sad
EMP1000,2026-06-21,3,Okay
EMP1000,2026-06-23,4,Happy
EMP1000,2026-06-25,4,Happy
EMP1000,2026-06-27,3,Okay
EMP1000,2026-06-29,3,Okay
EMP1000,2026-07-03,3,Okay
EMP1000,2026-07-07,3,Okay
EMP1000,2026-07-09,4,Happy
EMP1000,2026-07-11,4,Happy
EMP1000,2026-07-13,3,Okay
EMP1000,2026-07-15,4,Happy
EMP1000,2026-07-17,4,Happy
EMP1000,2026-07-19,4,Happy
EMP1000,2026-07-21,3,Okay
EMP1000,2026-07-23,4,Happy
EMP1000,2026-07-25,5,Excited
EMP1000,2026-07-27,3,Okay
EMP1000,2026-07-29,4,Happy
EMP1000,2026-07-31,4,Happy
EMP1000,2026-08-02,3,Okay
EMP1000,2026-08-04,5,Excited
EMP1000,2026-08-06,4,Happy
EMP1000,2026-08-08,3,Okay
EMP1000,2026-08-10,4,Happy
EMP1000,2026-08-14,3,Okay
EMP1000,2026-08-16,4,Happy
EMP1000,2026-08-18,4,Happy
EMP1000,2026-08-20,4,Happy
EMP1000,2026-08-24,3,Okay
EMP1000,2026-08-26,4,Happy
EMP1001,2026-04-28,2,Sad
EMP1001,2026-04-30,2,Sad
EMP1001,2026-05-02,1,Frustrated
EMP1001,2026-05-04,2,Sad
EMP1001,2026-05-06,2,Sad
EMP1001,2026-05-08,2,Sad
EMP1001,2026-05-10,3,Okay
EMP1001,2026-05-12,1,Frustrated
EMP1001,2026-05-14,1,Frustrated
EMP1001,2026-05-18,1,Frustrated
EMP1001,2026-05-20,2,Sad
EMP1001,2026-05-22,2,Sad
EMP1001,2026-05-24,3,Okay
EMP1001,2026-05-26,2,Sad
EMP1001,2026-05-28,2,Sad
EMP1001,2026-05-30,2,Sad
EMP1001,2026-06-01,2,Sad
EMP1001,2026-06-03,3,Okay
EMP1001,2026-06-05,1,Frustrated
EMP1001,2026-06-07,2,Sad
EMP1001,2026-06-09,2,Sad
EMP1001,2026-06-11,2,Sad
EMP1001,2026-06-13,2,Sad
EMP1001,2026-06-15,1,Frustrated
EMP1001,2026-06-17,2,Sad
EMP1001,2026-06-19,1,Frustrated
EMP1001,2026-06-21,2,Sad
EMP1001,2026-06-23,2,Sad
EMP1001,2026-06-25,2,Sad
EMP1001,2026-06-27,2,Sad
EMP1001,2026-06-29,1,Frustrated
EMP1001,2026-07-01,2,Sad
EMP1001,2026-07-03,2,Sad
EMP1001,2026-07-05,2,Sad
EMP1001,2026-07-07,1,Frustrated
EMP1001,2026-07-09,2,Sad
EMP1001,2026-07-11,1,Frustrated
EMP1001,2026-07-15,1,Frustrated
EMP1001,2026-07-17,1,Frustrated
EMP1001,2026-07-19,1,Frustrated
EMP1001,2026-07-21,3,Okay
EMP1001,2026-07-25,1,Frustrated
EMP1001,2026-07-27,1,Frustrated
EMP1001,2026-07-29,2,Sad
EMP1001,2026-07-31,1,Frustrated
EMP1001,2026-08-02,1,Frustrated
EMP1001,2026-08-04,2,Sad
EMP1001,2026-08-06,2,Sad
EMP1001,2026-08-08,1,Frustrated
EMP1001,2026-08-12,1,Frustrated
EMP1001,2026-08-14,1,Frustrated
EMP1001,2026-08-16,1,Frustrated
EMP1001,2026-08-18,1,Frustrated
EMP1001,2026-08-20,2,Sad
EMP1001,2026-08-22,1,Frustrated
EMP1001,2026-08-24,1,Frustrated
EMP1001,2026-08-26,1,Frustrated
EMP1002,2026-04-28,4,Happy
EMP1002,2026-04-30,2,Sad
EMP1002,2026-05-04,4,Happy
EMP1002,2026-05-06,2,Sad
EMP1002,2026-05-08,4,Happy
EMP1002,2026-05-10,2,Sad
EMP1002,2026-05-12,4,Happy
EMP1002,2026-05-14,3,Okay
EMP1002,2026-05-16,4,Happy
EMP1002,2026-05-20,3,Okay
EMP1002,2026-05-22,4,Happy
EMP1002,2026-05-24,5,Excited
EMP1002,2026-05-26,4,Happy
EMP1002,2026-05-28,3,Okay
EMP1002,2026-05-30,3,Okay
EMP1002,2026-06-01,3,Okay
EMP1002,2026-06-03,4,Happy
EMP1002,2026-06-05,3,Okay
EMP1002,2026-06-07,4,Happy
EMP1002,2026-06-09,3,Okay
EMP1002,2026-06-11,3,Okay
EMP1002,2026-06-15,4,Happy
EMP1002,2026-06-17,3,Okay
EMP1002,2026-06-21,4,Happy
EMP1002,2026-06-23,3,Okay
EMP1002,2026-06-25,3,Okay
EMP1002,2026-06-27,3,Okay
EMP1002,2026-06-29,4,Happy
EMP1002,2026-07-01,3,Okay
EMP1002,2026-07-05,3,Okay
EMP1002,2026-07-07,3,Okay
EMP1002,2026-07-09,5,Excited
EMP1002,2026-07-11,3,Okay
EMP1002,2026-07-13,3,Okay
EMP1002,2026-07-15,4,Happy
EMP1002,2026-07-19,3,Okay
EMP1002,2026-07-21,3,Okay
EMP1002,2026-07-23,3,Okay
EMP1002,2026-07-27,4,Happy
EMP1002,2026-07-29,4,Happy
EMP1002,2026-07-31,4,Happy
EMP1002,2026-08-02,3,Okay
EMP1002,2026-08-04,4,Happy
EMP1002,2026-08-06,3,Okay
EMP1002,2026-08-08,3,Okay
EMP1002,2026-08-10,3,Okay
EMP1002,2026-08-14,5,Excited
EMP1002,2026-08-16,3,Okay
EMP1002,2026-08-20,4,Happy
EMP1002,2026-08-22,3,Okay
EMP1002,2026-08-24,3,Okay
EMP1002,2026-08-26,4,Happy
EMP1003,2026-04-28,2,Sad
EMP1003,2026-04-30,3,Okay
EMP1003,2026-05-02,3,Okay
EMP1003,2026-05-04,3,Okay
EMP1003,2026-05-06,3,Okay
EMP1003,2026-05-08,3,Okay
EMP1003,2026-05-10,2,Sad
EMP1003,2026-05-12,2,Sad
EMP1003,2026-05-14,3,Okay
EMP1003,2026-05-18,3,Okay
EMP1003,2026-05-20,3,Okay
EMP1003,2026-05-22,3,Okay
EMP1003,2026-05-24,3,Okay
EMP1003,2026-05-26,3,Okay
EMP1003,2026-05-28,2,Sad
EMP1003,2026-05-30,4,Happy
EMP1003,2026-06-03,3,Okay
EMP1003,2026-06-05,3,Okay
EMP1003,2026-06-07,3,Okay
EMP1003,2026-06-09,4,Happy
EMP1003,2026-06-11,3,Okay
EMP1003,2026-06-13,2,Sad
EMP1003,2026-06-15,2,Sad
EMP1003,2026-06-17,3,Okay
EMP1003,2026-06-19,2,Sad
EMP1003,2026-06-21,3,Okay
EMP1003,2026-06-23,3,Okay
EMP1003,2026-06-25,2,Sad
EMP1003,2026-06-27,1,Frustrated
EMP1003,2026-06-29,3,Okay
EMP1003,2026-07-01,3,Okay
EMP1003,2026-07-03,2,Sad
EMP1003,2026-07-05,3,Okay
EMP1003,2026-07-07,2,Sad
EMP1003,2026-07-09,2,Sad
EMP1003,2026-07-11,3,Okay
EMP1003,2026-07-13,2,Sad
EMP1003,2026-07-15,2,Sad
EMP1003,2026-07-17,3,Okay
EMP1003,2026-07-19,3,Okay
EMP1003,2026-07-21,3,Okay
EMP1003,2026-07-27,2,Sad
EMP1003,2026-07-29,2,Sad
EMP1003,2026-08-02,2,Sad
EMP1003,2026-08-04,3,Okay
EMP1003,2026-08-06,3,Okay
EMP1003,2026-08-08,4,Happy
EMP1003,2026-08-10,2,Sad
EMP1003,2026-08-12,3,Okay
EMP1003,2026-08-14,3,Okay
EMP1003,2026-08-16,3,Okay
EMP1003,2026-08-18,2,Sad
EMP1003,2026-08-20,2,Sad
EMP1003,2026-08-22,3,Okay
EMP1003,2026-08-24,3,Okay
EMP1003,2026-08-26,3,Okay
EMP1004,2026-04-28,2,Sad
EMP1004,2026-04-30,3,Okay
EMP1004,2026-05-02,2,Sad
EMP1004,2026-05-04,1,Frustrated
EMP1004,2026-05-08,1,Frustrated
EMP1004,2026-05-10,1,Frustrated
EMP1004,2026-05-12,2,Sad
EMP1004,2026-05-14,3,Okay
EMP1004,2026-05-16,2,Sad
EMP1004,2026-05-18,1,Frustrated
EMP1004,2026-05-20,2,Sad
EMP1004,2026-05-22,3,Okay
EMP1004,2026-05-24,3,Okay
EMP1004,2026-05-26,2,Sad
EMP1004,2026-05-28,2,Sad
EMP1004,2026-05-30,2,Sad
EMP1004,2026-06-01,3,Okay
EMP1004,2026-06-03,3,Okay
EMP1004,2026-06-09,3,Okay
EMP1004,2026-06-11,2,Sad
EMP1004,2026-06-13,3,Okay
EMP1004,2026-06-15,1,Frustrated
EMP1004,2026-06-17,2,Sad
EMP1004,2026-06-19,2,Sad
EMP1004,2026-06-21,1,Frustrated
EMP1004,2026-06-23,4,Happy
EMP1004,2026-06-25,4,Happy
EMP1004,2026-06-27,2,Sad
EMP1004,2026-06-29,3,Okay
EMP1004,2026-07-01,3,Okay
EMP1004,2026-07-03,1,Frustrated
EMP1004,2026-07-05,3,Okay
EMP1004,2026-07-07,2,Sad
EMP1004,2026-07-09,2,Sad
EMP1004,2026-07-11,2,Sad
EMP1004,2026-07-13,2,Sad
EMP1004,2026-07-15,2,Sad
EMP1004,2026-07-17,3,Okay
EMP1004,2026-07-19,3,Okay
EMP1004,2026-07-21,2,Sad
EMP1004,2026-07-23,4,Happy
EMP1004,2026-07-25,2,Sad
EMP1004,2026-07-27,2,Sad
EMP1004,2026-07-29,1,Frustrated
EMP1004,2026-07-31,4,Happy
EMP1004,2026-08-02,3,Okay
EMP1004,2026-08-04,3,Okay
EMP1004,2026-08-06,3,Okay
EMP1004,2026-08-08,2,Sad
EMP1004,2026-08-10,3,Okay
EMP1004,2026-08-12,2,Sad
EMP1004,2026-08-16,2,Sad
EMP1004,2026-08-18,4,Happy
EMP1004,2026-08-20,3,Okay
EMP1004,2026-08-22,2,Sad
EMP1004,2026-08-24,2,Sad
EMP1005,2026-04-28,3,Okay
EMP1005,2026-05-02,2,Sad
EMP1005,2026-05-04,2,Sad
EMP1005,2026-05-06,1,Frustrated
EMP1005,2026-05-08,2,Sad
EMP1005,2026-05-10,2,Sad
EMP1005,2026-05-12,2,Sad
EMP1005,2026-05-14,2,Sad
EMP1005,2026-05-16,2,Sad
EMP1005,2026-05-18,2,Sad
EMP1005,2026-05-20,1,Frustrated
EMP1005,2026-05-22,2,Sad
EMP1005,2026-05-24,1,Frustrated
EMP1005,2026-05-26,2,Sad
EMP1005,2026-05-28,1,Frustrated
EMP1005,2026-05-30,2,Sad
EMP1005,2026-06-01,3,Okay
EMP1005,2026-06-07,2,Sad
EMP1005,2026-06-09,2,Sad
EMP1005,2026-06-11,1,Frustrated
EMP1005,2026-06-13,2,Sad
EMP1005,2026-06-15,3,Okay
EMP1005,2026-06-17,1,Frustrated
EMP1005,2026-06-19,1,Frustrated
EMP1005,2026-06-21,1,Frustrated
EMP1005,2026-06-25,1,Frustrated
EMP1005,2026-06-27,1,Frustrated
EMP1005,2026-06-29,2,Sad
EMP1005,2026-07-01,1,Frustrated
EMP1005,2026-07-03,2,Sad
EMP1005,2026-07-07,2,Sad
EMP1005,2026-07-09,2,Sad
EMP1005,2026-07-15,1,Frustrated
EMP1005,2026-07-17,1,Frustrated
EMP1005,2026-07-19,1,Frustrated
EMP1005,2026-07-21,2,Sad
EMP1005,2026-07-23,2,Sad
EMP1005,2026-07-27,1,Frustrated
EMP1005,2026-07-29,1,Frustrated
EMP1005,2026-07-31,1,Frustrated
EMP1005,2026-08-02,1,Frustrated
EMP1005,2026-08-08,1,Frustrated
EMP1005,2026-08-10,1,Frustrated
EMP1005,2026-08-12,1,Frustrated
EMP1005,2026-08-14,1,Frustrated
EMP1005,2026-08-18,2,Sad
EMP1005,2026-08-20,2,Sad
EMP1005,2026-08-22,1,Frustrated
EMP1005,2026-08-24,1,Frustrated
EMP1005,2026-08-26,1,Frustrated
EMP1006,2026-04-28,2,Sad
EMP1006,2026-04-30,3,Okay
EMP1006,2026-05-04,4,Happy
EMP1006,2026-05-06,3,Okay
EMP1006,2026-05-08,2,Sad
EMP1006,2026-05-10,3,Okay
EMP1006,2026-05-12,3,Okay
EMP1006,2026-05-14,4,Happy
EMP1006,2026-05-16,5,Excited
EMP1006,2026-05-18,4,Happy
EMP1006,2026-05-20,3,Okay
EMP1006,2026-05-28,3,Okay
EMP1006,2026-05-30,4,Happy
EMP1006,2026-06-01,3,Okay
EMP1006,2026-06-03,4,Happy
EMP1006,2026-06-07,4,Happy
EMP1006,2026-06-09,3,Okay
EMP1006,2026-06-11,4,Happy
EMP1006,2026-06-13,4,Happy
EMP1006,2026-06-15,3,Okay
EMP1006,2026-06-19,3,Okay
EMP1006,2026-06-21,3,Okay
EMP1006,2026-06-23,4,Happy
EMP1006,2026-06-25,3,Okay
EMP1006,2026-06-27,4,Happy
EMP1006,2026-06-29,4,Happy
EMP1006,2026-07-01,2,Sad
EMP1006,2026-07-03,3,Okay
EMP1006,2026-07-05,4,Happy
EMP1006,2026-07-09,3,Okay
EMP1006,2026-07-13,4,Happy
EMP1006,2026-07-15,3,Okay
EMP1006,2026-07-17,3,Okay
EMP1006,2026-07-19,4,Happy
EMP1006,2026-07-23,2,Sad
EMP1006,2026-07-25,5,Excited
EMP1006,2026-07-27,4,Happy
EMP1006,2026-07-29,5,Excited
EMP1006,2026-07-31,3,Okay
EMP1006,2026-08-02,3,Okay
EMP1006,2026-08-06,5,Excited
EMP1006,2026-08-08,3,Okay
EMP1006,2026-08-10,5,Excited
EMP1006,2026-08-12,3,Okay
EMP1006,2026-08-14,4,Happy
EMP1006,2026-08-16,2,Sad
EMP1006,2026-08-18,3,Okay
EMP1006,2026-08-20,4,Happy
EMP1006,2026-08-22,3,Okay
EMP1006,2026-08-24,4,Happy
EMP1007,2026-04-30,2,Sad
EMP1007,2026-05-04,2,Sad
EMP1007,2026-05-06,2,Sad
EMP1007,2026-05-10,2,Sad
EMP1007,2026-05-14,2,Sad
EMP1007,2026-05-18,3,Okay
EMP1007,2026-05-20,1,Frustrated
EMP1007,2026-05-22,2,Sad
EMP1007,2026-05-24,2,Sad
EMP1007,2026-05-26,2,Sad
EMP1007,2026-05-28,3,Okay
EMP1007,2026-05-30,2,Sad
EMP1007,2026-06-01,3,Okay
EMP1007,2026-06-03,2,Sad
EMP1007,2026-06-05,2,Sad
EMP1007,2026-06-07,2,Sad
EMP1007,2026-06-09,2,Sad
EMP1007,2026-06-13,2,Sad
EMP1007,2026-06-15,3,Okay
EMP1007,2026-06-17,2,Sad
EMP1007,2026-06-19,1,Frustrated
EMP1007,2026-06-21,2,Sad
EMP1007,2026-06-23,2,Sad
EMP1007,2026-06-25,3,Okay
EMP1007,2026-06-27,2,Sad
EMP1007,2026-06-29,2,Sad
EMP1007,2026-07-01,1,Frustrated
EMP1007,2026-07-03,2,Sad
EMP1007,2026-07-05,1,Frustrated
EMP1007,2026-07-09,2,Sad
EMP1007,2026-07-11,3,Okay
EMP1007,2026-07-13,1,Frustrated
EMP1007,2026-07-15,1,Frustrated
EMP1007,2026-07-17,1,Frustrated
EMP1007,2026-07-19,1,Frustrated
EMP1007,2026-07-21,2,Sad
EMP1007,2026-07-23,1,Frustrated
EMP1007,2026-07-25,1,Frustrated
EMP1007,2026-07-27,2,Sad
EMP1007,2026-07-29,1,Frustrated
EMP1007,2026-08-02,1,Frustrated
EMP1007,2026-08-04,1,Frustrated
EMP1007,2026-08-06,1,Frustrated
EMP1007,2026-08-08,3,Okay
EMP1007,2026-08-10,2,Sad
EMP1007,2026-08-12,2,Sad
EMP1007,2026-08-14,2,Sad
EMP1007,2026-08-16,2,Sad
EMP1007,2026-08-18,2,Sad
EMP1007,2026-08-20,3,Okay
EMP1007,2026-08-22,1,Frustrated
EMP1007,2026-08-24,1,Frustrated
EMP1007,2026-08-26,1,Frustrated
EMP1008,2026-04-28,3,Okay
EMP1008,2026-04-30,4,Happy
EMP1008,2026-05-02,4,Happy
EMP1008,2026-05-04,3,Okay
EMP1008,2026-05-06,3,Okay
EMP1008,2026-05-08,3,Okay
EMP1008,2026-05-10,5,Excited
EMP1008,2026-05-12,2,Sad
EMP1008,2026-05-14,4,Happy
EMP1008,2026-05-16,3,Okay
EMP1008,2026-05-20,3,Okay
EMP1008,2026-05-22,3,Okay
EMP1008,2026-05-26,3,Okay
EMP1008,2026-05-28,5,Excited
EMP1008,2026-05-30,4,Happy
EMP1008,2026-06-01,3,Okay
EMP1008,2026-06-03,3,Okay
EMP1008,2026-06-05,2,Sad
EMP1008,2026-06-07,3,Okay
EMP1008,2026-06-09,4,Happy
EMP1008,2026-06-11,4,Happy
EMP1008,2026-06-13,4,Happy
EMP1008,2026-06-15,3,Okay
EMP1008,2026-06-17,4,Happy
EMP1008,2026-06-19,4,Happy
EMP1008,2026-06-21,5,Excited
EMP1008,2026-06-23,5,Excited
EMP1008,2026-06-25,4,Happy
EMP1008,2026-06-27,3,Okay
EMP1008,2026-06-29,4,Happy
EMP1008,2026-07-01,3,Okay
EMP1008,2026-07-03,3,Okay
EMP1008,2026-07-05,4,Happy
EMP1008,2026-07-07,3,Okay
EMP1008,2026-07-09,4,Happy
EMP1008,2026-07-11,4,Happy
EMP1008,2026-07-13,4,Happy
EMP1008,2026-07-15,3,Okay
EMP1008,2026-07-17,3,Okay
EMP1008,2026-07-21,3,Okay
EMP1008,2026-07-25,4,Happy
EMP1008,2026-07-27,4,Happy
EMP1008,2026-07-29,3,Okay
EMP1008,2026-07-31,4,Happy
EMP1008,2026-08-02,3,Okay
EMP1008,2026-08-04,3,Okay
EMP1008,2026-08-06,3,Okay
EMP1008,2026-08-08,2,Sad
EMP1008,2026-08-10,4,Happy
EMP1008,2026-08-12,4,Happy
EMP1008,2026-08-14,3,Okay
EMP1008,2026-08-16,3,Okay
EMP1008,2026-08-18,3,Okay
EMP1008,2026-08-20,3,Okay
EMP1008,2026-08-22,3,Okay
EMP1008,2026-08-24,3,Okay
EMP1008,2026-08-26,4,Happy
EMP1009,2026-04-28,3,Okay
EMP1009,2026-04-30,4,Happy
EMP1009,2026-05-02,4,Happy
EMP1009,2026-05-04,4,Happy
EMP1009,2026-05-06,3,Okay
EMP1009,2026-05-10,2,Sad
EMP1009,2026-05-12,4,Happy
EMP1009,2026-05-14,4,Happy
EMP1009,2026-05-18,4,Happy
EMP1009,2026-05-20,3,Okay
EMP1009,2026-05-24,4,Happy
EMP1009,2026-05-26,4,Happy
EMP1009,2026-05-28,4,Happy
EMP1009,2026-05-30,3,Okay
EMP1009,2026-06-01,4,Happy
EMP1009,2026-06-03,4,Happy
EMP1009,2026-06-05,4,Happy
EMP1009,2026-06-07,4,Happy
EMP1009,2026-06-11,4,Happy
EMP1009,2026-06-13,3,Okay
EMP1009,2026-06-15,2,Sad
EMP1009,2026-06-17,4,Happy
EMP1009,2026-06-19,3,Okay
EMP1009,2026-06-21,3,Okay
EMP1009,2026-06-23,3,Okay
EMP1009,2026-06-25,4,Happy
EMP1009,2026-06-27,3,Okay
EMP1009,2026-06-29,4,Happy
EMP1009,2026-07-01,5,Excited
EMP1009,2026-07-03,5,Excited
EMP1009,2026-07-07,3,Okay
EMP1009,2026-07-09,3,Okay
EMP1009,2026-07-13,4,Happy
EMP1009,2026-07-15,4,Happy
EMP1009,2026-07-17,4,Happy
EMP1009,2026-07-19,4,Happy
EMP1009,2026-07-21,3,Okay
EMP1009,2026-07-23,4,Happy
EMP1009,2026-07-25,4,Happy
EMP1009,2026-07-27,4,Happy
EMP1009,2026-07-29,4,Happy
EMP1009,2026-08-02,3,Okay
EMP1009,2026-08-04,4,Happy
EMP1009,2026-08-06,3,Okay
EMP1009,2026-08-08,2,Sad
EMP1009,2026-08-12,4,Happy
EMP1009,2026-08-14,4,Happy
EMP1009,2026-08-16,2,Sad
EMP1009,2026-08-18,3,Okay
EMP1009,2026-08-20,3,Okay
EMP1009,2026-08-22,3,Okay
EMP1009,2026-08-24,2,Sad
EMP1009,2026-08-26,3,Okay
EMP1010,2026-04-28,4,Happy
EMP1010,2026-04-30,4,Happy
EMP1010,2026-05-02,3,Okay
EMP1010,2026-05-04,4,Happy
EMP1010,2026-05-06,4,Happy
EMP1010,2026-05-08,2,Sad
EMP1010,2026-05-10,4,Happy
EMP1010,2026-05-12,4,Happy
EMP1010,2026-05-14,4,Happy
EMP1010,2026-05-16,5,Excited
EMP1010,2026-05-18,4,Happy
EMP1010,2026-05-20,4,Happy
EMP1010,2026-05-24,4,Happy
EMP1010,2026-05-26,3,Okay
EMP1010,2026-05-28,4,Happy
EMP1010,2026-05-30,4,Happy
EMP1010,2026-06-01,5,Excited
EMP1010,2026-06-03,3,Okay
EMP1010,2026-06-07,4,Happy
EMP1010,2026-06-09,5,Excited
EMP1010,2026-06-11,4,Happy
EMP1010,2026-06-13,5,Excited
EMP1010,2026-06-15,3,Okay
EMP1010,2026-06-19,3,Okay
EMP1010,2026-06-21,4,Happy
EMP1010,2026-06-23,4,Happy
EMP1010,2026-06-25,3,Okay
EMP1010,2026-06-27,3,Okay
EMP1010,2026-06-29,4,Happy
EMP1010,2026-07-01,3,Okay
EMP1010,2026-07-05,4,Happy
EMP1010,2026-07-07,4,Happy
EMP1010,2026-07-09,4,Happy
EMP1010,2026-07-11,3,Okay
EMP1010,2026-07-13,4,Happy
EMP1010,2026-07-15,3,Okay
EMP1010,2026-07-17,4,Happy
EMP1010,2026-07-19,3,Okay
EMP1010,2026-07-23,4,Happy
EMP1010,2026-07-25,3,Okay
EMP1010,2026-07-27,4,Happy
EMP1010,2026-07-29,4,Happy
EMP1010,2026-07-31,3,Okay
EMP1010,2026-08-02,4,Happy
EMP1010,2026-08-04,3,Okay
EMP1010,2026-08-06,4,Happy
EMP1010,2026-08-08,3,Okay
EMP1010,2026-08-12,4,Happy
EMP1010,2026-08-14,5,Excited
EMP1010,2026-08-16,5,Excited
EMP1010,2026-08-18,4,Happy
EMP1010,2026-08-20,4,Happy
EMP1010,2026-08-22,5,Excited
EMP1010,2026-08-24,4,Happy
EMP1010,2026-08-26,3,Okay
EMP1011,2026-04-28,5,Excited
EMP1011,2026-04-30,5,Excited
EMP1011,2026-05-02,4,Happy
EMP1011,2026-05-04,4,Happy
EMP1011,2026-05-06,4,Happy
EMP1011,2026-05-08,5,Excited
EMP1011,2026-05-10,4,Happy
EMP1011,2026-05-12,5,Excited
EMP1011,2026-05-14,5,Excited
EMP1011,2026-05-20,5,Excited
EMP1011,2026-05-22,4,Happy
EMP1011,2026-05-24,4,Happy
EMP1011,2026-05-26,4,Happy
EMP1011,2026-05-28,5,Excited
EMP1011,2026-05-30,5,Excited
EMP1011,2026-06-01,4,Happy
EMP1011,2026-06-03,4,Happy
EMP1011,2026-06-05,5,Excited
EMP1011,2026-06-07,5,Excited
EMP1011,2026-06-09,4,Happy
EMP1011,2026-06-11,4,Happy
EMP1011,2026-06-13,4,Happy
EMP1011,2026-06-15,5,Excited
EMP1011,2026-06-19,5,Excited
EMP1011,2026-06-21,5,Excited
EMP1011,2026-06-23,5,Excited
EMP1011,2026-06-25,5,Excited
EMP1011,2026-06-27,4,Happy
EMP1011,2026-06-29,5,Excited
EMP1011,2026-07-01,5,Excited
EMP1011,2026-07-03,5,Excited
EMP1011,2026-07-05,4,Happy
EMP1011,2026-07-07,5,Excited
EMP1011,2026-07-09,5,Excited
EMP1011,2026-07-11,5,Excited
EMP1011,2026-07-13,5,Excited
EMP1011,2026-07-15,4,Happy
EMP1011,2026-07-17,5,Excited
EMP1011,2026-07-19,5,Excited
EMP1011,2026-07-21,5,Excited
EMP1011,2026-07-23,5,Excited
EMP1011,2026-07-29,5,Excited
EMP1011,2026-07-31,4,Happy
EMP1011,2026-08-02,4,Happy
EMP1011,2026-08-04,4,Happy
EMP1011,2026-08-06,4,Happy
EMP1011,2026-08-08,4,Happy
EMP1011,2026-08-10,5,Excited
EMP1011,2026-08-12,5,Excited
EMP1011,2026-08-14,5,Excited
EMP1011,2026-08-16,5,Excited
EMP1011,2026-08-18,5,Excited
EMP1011,2026-08-22,4,Happy
EMP1011,2026-08-24,4,Happy
EMP1011,2026-08-26,4,Happy
EMP1012,2026-04-28,2,Sad
EMP1012,2026-04-30,1,Frustrated
EMP1012,2026-05-02,2,Sad
EMP1012,2026-05-04,1,Frustrated
EMP1012,2026-05-06,2,Sad
EMP1012,2026-05-08,2,Sad
EMP1012,2026-05-10,2,Sad
EMP1012,2026-05-12,2,Sad
EMP1012,2026-05-14,2,Sad
EMP1012,2026-05-16,1,Frustrated
EMP1012,2026-05-18,1,Frustrated
EMP1012,2026-05-20,2,Sad
EMP1012,2026-05-22,3,Okay
EMP1012,2026-05-24,3,Okay
EMP1012,2026-05-26,3,Okay
EMP1012,2026-05-28,2,Sad
EMP1012,2026-05-30,1,Frustrated
EMP1012,2026-06-01,3,Okay
EMP1012,2026-06-07,2,Sad
EMP1012,2026-06-09,2,Sad
EMP1012,2026-06-11,1,Frustrated
EMP1012,2026-06-13,2,Sad
EMP1012,2026-06-15,1,Frustrated
EMP1012,2026-06-19,3,Okay
EMP1012,2026-06-21,2,Sad
EMP1012,2026-06-23,1,Frustrated
EMP1012,2026-06-25,2,Sad
EMP1012,2026-06-27,2,Sad
EMP1012,2026-06-29,1,Frustrated
EMP1012,2026-07-01,1,Frustrated
EMP1012,2026-07-03,2,Sad
EMP1012,2026-07-05,2,Sad
EMP1012,2026-07-07,2,Sad
EMP1012,2026-07-09,2,Sad
EMP1012,2026-07-11,1,Frustrated
EMP1012,2026-07-15,1,Frustrated
EMP1012,2026-07-17,2,Sad
EMP1012,2026-07-21,1,Frustrated
EMP1012,2026-07-25,2,Sad
EMP1012,2026-07-27,2,Sad
EMP1012,2026-07-29,2,Sad
EMP1012,2026-07-31,1,Frustrated
EMP1012,2026-08-02,2,Sad
EMP1012,2026-08-04,1,Frustrated
EMP1012,2026-08-06,1,Frustrated
EMP1012,2026-08-08,2,Sad
EMP1012,2026-08-10,1,Frustrated
EMP1012,2026-08-14,1,Frustrated
EMP1012,2026-08-16,1,Frustrated
EMP1012,2026-08-20,1,Frustrated
EMP1012,2026-08-22,1,Frustrated
EMP1012,2026-08-24,2,Sad
EMP1012,2026-08-26,1,Frustrated
EMP1013,2026-04-28,2,Sad
EMP1013,2026-04-30,2,Sad
EMP1013,2026-05-02,2,Sad
EMP1013,2026-05-04,2,Sad
EMP1013,2026-05-06,3,Okay
EMP1013,2026-05-08,2,Sad
EMP1013,2026-05-10,1,Frustrated
EMP1013,2026-05-14,2,Sad
EMP1013,2026-05-16,3,Okay
EMP1013,2026-05-18,2,Sad
EMP1013,2026-05-22,2,Sad
EMP1013,2026-05-24,3,Okay
EMP1013,2026-05-26,3,Okay
EMP1013,2026-05-28,3,Okay
EMP1013,2026-05-30,3,Okay
EMP1013,2026-06-01,1,Frustrated
EMP1013,2026-06-03,2,Sad
EMP1013,2026-06-07,2,Sad
EMP1013,2026-06-09,1,Frustrated
EMP1013,2026-06-11,3,Okay
EMP1013,2026-06-13,2,Sad
EMP1013,2026-06-15,1,Frustrated
EMP1013,2026-06-17,1,Frustrated
EMP1013,2026-06-19,2,Sad
EMP1013,2026-06-21,2,Sad
EMP1013,2026-06-23,2,Sad
EMP1013,2026-06-25,2,Sad
EMP1013,2026-06-27,2,Sad
EMP1013,2026-06-29,2,Sad
EMP1013,2026-07-01,2,Sad
EMP1013,2026-07-03,2,Sad
EMP1013,2026-07-05,3,Okay
EMP1013,2026-07-07,4,Happy
EMP1013,2026-07-09,1,Frustrated
EMP1013,2026-07-11,2,Sad
EMP1013,2026-07-13,1,Frustrated
EMP1013,2026-07-15,2,Sad
EMP1013,2026-07-17,1,Frustrated
EMP1013,2026-07-21,2,Sad
EMP1013,2026-07-23,1,Frustrated
EMP1013,2026-07-27,2,Sad
EMP1013,2026-07-29,1,Frustrated
EMP1013,2026-08-02,2,Sad
EMP1013,2026-08-04,2,Sad
EMP1013,2026-08-06,2,Sad
EMP1013,2026-08-08,1,Frustrated
EMP1013,2026-08-10,1,Frustrated
EMP1013,2026-08-12,2,Sad
EMP1013,2026-08-14,2,Sad
EMP1013,2026-08-16,2,Sad
EMP1013,2026-08-18,1,Frustrated
EMP1013,2026-08-20,2,Sad
EMP1013,2026-08-24,1,Frustrated
EMP1013,2026-08-26,1,Frustrated
EMP1014,2026-04-28,3,Okay
EMP1014,2026-05-02,3,Okay
EMP1014,2026-05-04,2,Sad
EMP1014,2026-05-06,3,Okay
EMP1014,2026-05-08,2,Sad
EMP1014,2026-05-10,2,Sad
EMP1014,2026-05-12,4,Happy
EMP1014,2026-05-14,3,Okay
EMP1014,2026-05-16,2,Sad
EMP1014,2026-05-18,2,Sad
EMP1014,2026-05-20,3,Okay
EMP1014,2026-05-22,3,Okay
EMP1014,2026-05-24,2,Sad
EMP1014,2026-05-26,1,Frustrated
EMP1014,2026-05-28,2,Sad
EMP1014,2026-05-30,2,Sad
EMP1014,2026-06-01,2,Sad
EMP1014,2026-06-03,3,Okay
EMP1014,2026-06-05,2,Sad
EMP1014,2026-06-07,3,Okay
EMP1014,2026-06-11,3,Okay
EMP1014,2026-06-13,3,Okay
EMP1014,2026-06-15,3,Okay
EMP1014,2026-06-17,2,Sad
EMP1014,2026-06-19,2,Sad
EMP1014,2026-06-23,2,Sad
EMP1014,2026-06-25,2,Sad
EMP1014,2026-06-27,2,Sad
EMP1014,2026-06-29,2,Sad
EMP1014,2026-07-01,2,Sad
EMP1014,2026-07-03,2,Sad
EMP1014,2026-07-05,2,Sad
EMP1014,2026-07-07,2,Sad
EMP1014,2026-07-11,1,Frustrated
EMP1014,2026-07-13,2,Sad
EMP1014,2026-07-15,2,Sad
EMP1014,2026-07-17,1,Frustrated
EMP1014,2026-07-19,2,Sad
EMP1014,2026-07-23,1,Frustrated
EMP1014,2026-07-25,2,Sad
EMP1014,2026-07-27,1,Frustrated
EMP1014,2026-07-31,3,Okay
EMP1014,2026-08-02,3,Okay
EMP1014,2026-08-04,2,Sad
EMP1014,2026-08-06,2,Sad
EMP1014,2026-08-08,2,Sad
EMP1014,2026-08-12,3,Okay
EMP1014,2026-08-14,1,Frustrated
EMP1014,2026-08-16,2,Sad
EMP1014,2026-08-18,2,Sad
EMP1014,2026-08-20,2,Sad
EMP1014,2026-08-22,2,Sad
EMP1014,2026-08-24,1,Frustrated
EMP1014,2026-08-26,2,Sad
EMP1015,2026-05-02,4,Happy
EMP1015,2026-05-06,2,Sad
EMP1015,2026-05-08,4,Happy
EMP1015,2026-05-10,4,Happy
EMP1015,2026-05-12,4,Happy
EMP1015,2026-05-14,4,Happy
EMP1015,2026-05-16,4,Happy
EMP1015,2026-05-18,3,Okay
EMP1015,2026-05-20,3,Okay
EMP1015,2026-05-22,3,Okay
EMP1015,2026-05-24,4,Happy
EMP1015,2026-05-26,3,Okay
EMP1015,2026-05-28,4,Happy
EMP1015,2026-05-30,3,Okay
EMP1015,2026-06-01,3,Okay
EMP1015,2026-06-03,4,Happy
EMP1015,2026-06-05,4,Happy
EMP1015,2026-06-07,3,Okay
EMP1015,2026-06-09,3,Okay
EMP1015,2026-06-11,4,Happy
EMP1015,2026-06-13,4,Happy
EMP1015,2026-06-17,4,Happy
EMP1015,2026-06-19,4,Happy
EMP1015,2026-06-23,4,Happy
EMP1015,2026-06-25,4,Happy
EMP1015,2026-06-27,3,Okay
EMP1015,2026-07-01,4,Happy
EMP1015,2026-07-03,4,Happy
EMP1015,2026-07-05,3,Okay
EMP1015,2026-07-07,3,Okay
EMP1015,2026-07-09,4,Happy
EMP1015,2026-07-11,4,Happy
EMP1015,2026-07-13,4,Happy
EMP1015,2026-07-19,5,Excited
EMP1015,2026-07-21,3,Okay
EMP1015,2026-07-23,4,Happy
EMP1015,2026-07-25,3,Okay
EMP1015,2026-07-27,5,Excited
EMP1015,2026-07-29,5,Excited
EMP1015,2026-07-31,2,Sad
EMP1015,2026-08-02,3,Okay
EMP1015,2026-08-04,4,Happy
EMP1015,2026-08-06,4,Happy
EMP1015,2026-08-14,4,Happy
EMP1015,2026-08-16,4,Happy
EMP1015,2026-08-18,4,Happy
EMP1015,2026-08-20,2,Sad
EMP1015,2026-08-22,4,Happy
EMP1015,2026-08-26,4,Happy
EMP1016,2026-04-28,3,Okay
EMP1016,2026-04-30,3,Okay
EMP1016,2026-05-02,4,Happy
EMP1016,2026-05-04,3,Okay
EMP1016,2026-05-06,3,Okay
EMP1016,2026-05-10,4,Happy
EMP1016,2026-05-12,4,Happy
EMP1016,2026-05-14,4,Happy
EMP1016,2026-05-16,4,Happy
EMP1016,2026-05-18,4,Happy
EMP1016,2026-05-20,4,Happy
EMP1016,2026-05-22,4,Happy
EMP1016,2026-05-24,4,Happy
EMP1016,2026-05-26,4,Happy
EMP1016,2026-05-28,3,Okay
EMP1016,2026-05-30,3,Okay
EMP1016,2026-06-03,4,Happy
EMP1016,2026-06-05,3,Okay
EMP1016,2026-06-07,4,Happy
EMP1016,2026-06-09,3,Okay
EMP1016,2026-06-11,4,Happy
EMP1016,2026-06-15,4,Happy
EMP1016,2026-06-17,4,Happy
EMP1016,2026-06-19,3,Okay
EMP1016,2026-06-23,4,Happy
EMP1016,2026-06-27,4,Happy
EMP1016,2026-06-29,3,Okay
EMP1016,2026-07-01,3,Okay
EMP1016,2026-07-05,4,Happy
EMP1016,2026-07-07,4,Happy
EMP1016,2026-07-09,3,Okay
EMP1016,2026-07-13,3,Okay
EMP1016,2026-07-15,2,Sad
EMP1016,2026-07-17,4,Happy
EMP1016,2026-07-19,3,Okay
EMP1016,2026-07-21,3,Okay
EMP1016,2026-07-23,3,Okay
EMP1016,2026-07-25,4,Happy
EMP1016,2026-07-27,3,Okay
EMP1016,2026-07-29,2,Sad
EMP1016,2026-07-31,3,Okay
EMP1016,2026-08-02,2,Sad
EMP1016,2026-08-04,3,Okay
EMP1016,2026-08-06,5,Excited
EMP1016,2026-08-10,4,Happy
EMP1016,2026-08-12,3,Okay
EMP1016,2026-08-14,4,Happy
EMP1016,2026-08-16,3,Okay
EMP1016,2026-08-18,4,Happy
EMP1016,2026-08-20,4,Happy
EMP1016,2026-08-22,5,Excited
EMP1016,2026-08-24,4,Happy
EMP1016,2026-08-26,4,Happy
EMP1017,2026-04-30,3,Okay
EMP1017,2026-05-02,2,Sad
EMP1017,2026-05-04,3,Okay
EMP1017,2026-05-06,2,Sad
EMP1017,2026-05-08,4,Happy
EMP1017,2026-05-10,1,Frustrated
EMP1017,2026-05-16,2,Sad
EMP1017,2026-05-20,2,Sad
EMP1017,2026-05-22,1,Frustrated
EMP1017,2026-05-28,3,Okay
EMP1017,2026-05-30,2,Sad
EMP1017,2026-06-01,2,Sad
EMP1017,2026-06-03,2,Sad
EMP1017,2026-06-05,3,Okay
EMP1017,2026-06-07,2,Sad
EMP1017,2026-06-09,2,Sad
EMP1017,2026-06-11,3,Okay
EMP1017,2026-06-13,3,Okay
EMP1017,2026-06-15,2,Sad
EMP1017,2026-06-17,2,Sad
EMP1017,2026-06-19,1,Frustrated
EMP1017,2026-06-21,2,Sad
EMP1017,2026-06-23,1,Frustrated
EMP1017,2026-06-25,3,Okay
EMP1017,2026-06-27,2,Sad
EMP1017,2026-06-29,3,Okay
EMP1017,2026-07-01,4,Happy
EMP1017,2026-07-03,3,Okay
EMP1017,2026-07-05,1,Frustrated
EMP1017,2026-07-09,3,Okay
EMP1017,2026-07-11,2,Sad
EMP1017,2026-07-13,2,Sad
EMP1017,2026-07-15,2,Sad
EMP1017,2026-07-17,1,Frustrated
EMP1017,2026-07-23,2,Sad
EMP1017,2026-07-25,2,Sad
EMP1017,2026-07-27,2,Sad
EMP1017,2026-07-29,3,Okay
EMP1017,2026-08-02,2,Sad
EMP1017,2026-08-04,3,Okay
EMP1017,2026-08-08,2,Sad
EMP1017,2026-08-12,3,Okay
EMP1017,2026-08-16,2,Sad
EMP1017,2026-08-18,2,Sad
EMP1017,2026-08-20,3,Okay
EMP1017,2026-08-22,3,Okay
EMP1017,2026-08-24,2,Sad
EMP1017,2026-08-26,4,Happy
EMP1018,2026-04-28,4,Happy
EMP1018,2026-04-30,2,Sad
EMP1018,2026-05-02,3,Okay
EMP1018,2026-05-04,4,Happy
EMP1018,2026-05-06,3,Okay
EMP1018,2026-05-08,3,Okay
EMP1018,2026-05-10,2,Sad
EMP1018,2026-05-12,2,Sad
EMP1018,2026-05-14,2,Sad
EMP1018,2026-05-16,2,Sad
EMP1018,2026-05-18,3,Okay
EMP1018,2026-05-22,2,Sad
EMP1018,2026-05-24,2,Sad
EMP1018,2026-05-26,2,Sad
EMP1018,2026-05-28,2,Sad
EMP1018,2026-05-30,2,Sad
EMP1018,2026-06-01,3,Okay
EMP1018,2026-06-03,2,Sad
EMP1018,2026-06-09,2,Sad
EMP1018,2026-06-11,2,Sad
EMP1018,2026-06-13,2,Sad
EMP1018,2026-06-15,3,Okay
EMP1018,2026-06-17,1,Frustrated
EMP1018,2026-06-21,2,Sad
EMP1018,2026-06-23,2,Sad
EMP1018,2026-06-25,2,Sad
EMP1018,2026-06-27,2,Sad
EMP1018,2026-06-29,2,Sad
EMP1018,2026-07-01,2,Sad
EMP1018,2026-07-03,3,Okay
EMP1018,2026-07-07,1,Frustrated
EMP1018,2026-07-09,2,Sad
EMP1018,2026-07-11,1,Frustrated
EMP1018,2026-07-13,2,Sad
EMP1018,2026-07-15,3,Okay
EMP1018,2026-07-19,1,Frustrated
EMP1018,2026-07-21,1,Frustrated
EMP1018,2026-07-23,3,Okay
EMP1018,2026-07-25,2,Sad
EMP1018,2026-07-27,2,Sad
EMP1018,2026-07-29,2,Sad
EMP1018,2026-07-31,3,Okay
EMP1018,2026-08-04,2,Sad
EMP1018,2026-08-08,2,Sad
EMP1018,2026-08-10,1,Frustrated
EMP1018,2026-08-12,1,Frustrated
EMP1018,2026-08-16,1,Frustrated
EMP1018,2026-08-18,2,Sad
EMP1018,2026-08-20,2,Sad
EMP1018,2026-08-22,3,Okay
EMP1018,2026-08-24,1,Frustrated
EMP1018,2026-08-26,2,Sad
EMP1019,2026-04-28,2,Sad
EMP1019,2026-05-02,3,Okay
EMP1019,2026-05-04,2,Sad
EMP1019,2026-05-08,1,Frustrated
EMP1019,2026-05-10,2,Sad
EMP1019,2026-05-12,3,Okay
EMP1019,2026-05-14,2,Sad
EMP1019,2026-05-16,2,Sad
EMP1019,2026-05-18,2,Sad
EMP1019,2026-05-20,2,Sad
EMP1019,2026-05-22,3,Okay
EMP1019,2026-05-24,2,Sad
EMP1019,2026-05-28,1,Frustrated
EMP1019,2026-05-30,2,Sad
EMP1019,2026-06-01,3,Okay
EMP1019,2026-06-03,1,Frustrated
EMP1019,2026-06-05,2,Sad
EMP1019,2026-06-07,2,Sad
EMP1019,2026-06-09,2,Sad
EMP1019,2026-06-11,2,Sad
EMP1019,2026-06-15,2,Sad
EMP1019,2026-06-17,2,Sad
EMP1019,2026-06-19,1,Frustrated
EMP1019,2026-06-21,2,Sad
EMP1019,2026-06-25,2,Sad
EMP1019,2026-06-27,2,Sad
EMP1019,2026-06-29,2,Sad
EMP1019,2026-07-01,3,Okay
EMP1019,2026-07-03,2,Sad
EMP1019,2026-07-05,3,Okay
EMP1019,2026-07-07,3,Okay
EMP1019,2026-07-09,3,Okay
EMP1019,2026-07-11,3,Okay
EMP1019,2026-07-13,2,Sad
EMP1019,2026-07-19,1,Frustrated
EMP1019,2026-07-21,2,Sad
EMP1019,2026-07-23,2,Sad
EMP1019,2026-07-27,1,Frustrated
EMP1019,2026-07-29,1,Frustrated
EMP1019,2026-07-31,2,Sad
EMP1019,2026-08-02,2,Sad
EMP1019,2026-08-04,2,Sad
EMP1019,2026-08-06,2,Sad
EMP1019,2026-08-08,2,Sad
EMP1019,2026-08-10,1,Frustrated
EMP1019,2026-08-12,2,Sad
EMP1019,2026-08-14,2,Sad
EMP1019,2026-08-16,2,Sad
EMP1019,2026-08-18,3,Okay
EMP1019,2026-08-20,2,Sad
EMP1019,2026-08-24,1,Frustrated
EMP1019,2026-08-26,1,Frustrated
EMP1020,2026-04-28,3,Okay
EMP1020,2026-04-30,5,Excited
EMP1020,2026-05-02,4,Happy
EMP1020,2026-05-04,3,Okay
EMP1020,2026-05-06,4,Happy
EMP1020,2026-05-08,4,Happy
EMP1020,2026-05-10,3,Okay
EMP1020,2026-05-12,3,Okay
EMP1020,2026-05-14,3,Okay
EMP1020,2026-05-16,4,Happy
EMP1020,2026-05-18,4,Happy
EMP1020,2026-05-20,4,Happy
EMP1020,2026-05-22,4,Happy
EMP1020,2026-05-24,4,Happy
EMP1020,2026-05-26,5,Excited
EMP1020,2026-05-28,4,Happy
EMP1020,2026-05-30,3,Okay
EMP1020,2026-06-01,4,Happy
EMP1020,2026-06-03,4,Happy
EMP1020,2026-06-05,3,Okay
EMP1020,2026-06-07,4,Happy
EMP1020,2026-06-09,3,Okay
EMP1020,2026-06-13,5,Excited
EMP1020,2026-06-15,4,Happy
EMP1020,2026-06-17,4,Happy
EMP1020,2026-06-19,4,Happy
EMP1020,2026-06-21,4,Happy
EMP1020,2026-06-23,4,Happy
EMP1020,2026-06-25,2,Sad
EMP1020,2026-06-27,3,Okay
EMP1020,2026-06-29,3,Okay
EMP1020,2026-07-03,4,Happy
EMP1020,2026-07-05,4,Happy
EMP1020,2026-07-07,3,Okay
EMP1020,2026-07-09,3,Okay
EMP1020,2026-07-13,3,Okay
EMP1020,2026-07-15,3,Okay
EMP1020,2026-07-17,4,Happy
EMP1020,2026-07-21,3,Okay
EMP1020,2026-07-23,4,Happy
EMP1020,2026-07-25,3,Okay
EMP1020,2026-07-27,3,Okay
EMP1020,2026-07-29,4,Happy
EMP1020,2026-07-31,4,Happy
EMP1020,2026-08-02,3,Okay
EMP1020,2026-08-04,4,Happy
EMP1020,2026-08-06,4,Happy
EMP1020,2026-08-08,5,Excited
EMP1020,2026-08-10,3,Okay
EMP1020,2026-08-12,5,Excited
EMP1020,2026-08-14,4,Happy
EMP1020,2026-08-16,4,Happy
EMP1020,2026-08-18,4,Happy
EMP1020,2026-08-20,4,Happy
EMP1020,2026-08-22,4,Happy
EMP1020,2026-08-24,4,Happy
EMP1020,2026-08-26,3,Okay
EMP1021,2026-04-28,4,Happy
EMP1021,2026-04-30,5,Excited
EMP1021,2026-05-02,5,Excited
EMP1021,2026-05-04,5,Excited
EMP1021,2026-05-06,5,Excited
EMP1021,2026-05-10,5,Excited
EMP1021,2026-05-12,5,Excited
EMP1021,2026-05-14,4,Happy
EMP1021,2026-05-16,4,Happy
EMP1021,2026-05-18,4,Happy
EMP1021,2026-05-20,5,Excited
EMP1021,2026-05-22,4,Happy
EMP1021,2026-05-24,5,Excited
EMP1021,2026-05-26,5,Excited
EMP1021,2026-05-28,5,Excited
EMP1021,2026-05-30,5,Excited
EMP1021,2026-06-01,5,Excited
EMP1021,2026-06-03,5,Excited
EMP1021,2026-06-07,5,Excited
EMP1021,2026-06-09,4,Happy
EMP1021,2026-06-11,5,Excited
EMP1021,2026-06-13,5,Excited
EMP1021,2026-06-15,4,Happy
EMP1021,2026-06-17,5,Excited
EMP1021,2026-06-19,4,Happy
EMP1021,2026-06-21,5,Excited
EMP1021,2026-06-23,5,Excited
EMP1021,2026-06-25,5,Excited
EMP1021,2026-06-27,5,Excited
EMP1021,2026-06-29,4,Happy
EMP1021,2026-07-01,5,Excited
EMP1021,2026-07-05,5,Excited
EMP1021,2026-07-07,5,Excited
EMP1021,2026-07-09,4,Happy
EMP1021,2026-07-11,4,Happy
EMP1021,2026-07-13,5,Excited
EMP1021,2026-07-15,5,Excited
EMP1021,2026-07-17,5,Excited
EMP1021,2026-07-19,5,Excited
EMP1021,2026-07-21,4,Happy
EMP1021,2026-07-23,5,Excited
EMP1021,2026-07-25,5,Excited
EMP1021,2026-07-27,5,Excited
EMP1021,2026-07-29,5,Excited
EMP1021,2026-07-31,4,Happy
EMP1021,2026-08-02,5,Excited
EMP1021,2026-08-04,5,Excited
EMP1021,2026-08-08,5,Excited
EMP1021,2026-08-10,5,Excited
EMP1021,2026-08-12,4,Happy
EMP1021,2026-08-14,5,Excited
EMP1021,2026-08-16,4,Happy
EMP1021,2026-08-18,5,Excited
EMP1021,2026-08-20,5,Excited
EMP1021,2026-08-22,5,Excited
EMP1021,2026-08-24,5,Excited
EMP1021,2026-08-26,5,Excited
EMP1022,2026-04-28,3,Okay
EMP1022,2026-05-02,4,Happy
EMP1022,2026-05-04,3,Okay
EMP1022,2026-05-06,3,Okay
EMP1022,2026-05-10,3,Okay
EMP1022,2026-05-12,2,Sad
EMP1022,2026-05-14,3,Okay
EMP1022,2026-05-16,2,Sad
EMP1022,2026-05-20,4,Happy
EMP1022,2026-05-22,5,Excited
EMP1022,2026-05-26,3,Okay
EMP1022,2026-05-28,4,Happy
EMP1022,2026-05-30,3,Okay
EMP1022,2026-06-01,3,Okay
EMP1022,2026-06-03,5,Excited
EMP1022,2026-06-05,3,Okay
EMP1022,2026-06-13,4,Happy
EMP1022,2026-06-15,3,Okay
EMP1022,2026-06-19,4,Happy
EMP1022,2026-06-21,4,Happy
EMP1022,2026-06-23,3,Okay
EMP1022,2026-06-25,4,Happy
EMP1022,2026-06-27,4,Happy
EMP1022,2026-06-29,2,Sad
EMP1022,2026-07-01,3,Okay
EMP1022,2026-07-03,4,Happy
EMP1022,2026-07-09,3,Okay
EMP1022,2026-07-11,4,Happy
EMP1022,2026-07-13,5,Excited
EMP1022,2026-07-15,2,Sad
EMP1022,2026-07-17,5,Excited
EMP1022,2026-07-19,3,Okay
EMP1022,2026-07-21,4,Happy
EMP1022,2026-07-23,4,Happy
EMP1022,2026-07-25,4,Happy
EMP1022,2026-07-27,4,Happy
EMP1022,2026-07-29,3,Okay
EMP1022,2026-07-31,4,Happy
EMP1022,2026-08-02,3,Okay
EMP1022,2026-08-06,5,Excited
EMP1022,2026-08-10,5,Excited
EMP1022,2026-08-14,5,Excited
EMP1022,2026-08-16,5,Excited
EMP1022,2026-08-18,5,Excited
EMP1022,2026-08-20,4,Happy
EMP1022,2026-08-22,3,Okay
EMP1022,2026-08-24,3,Okay
EMP1022,2026-08-26,2,Sad
EMP1023,2026-04-28,2,Sad
EMP1023,2026-04-30,4,Happy
EMP1023,2026-05-04,3,Okay
EMP1023,2026-05-06,4,Happy
EMP1023,2026-05-08,5,Excited
EMP1023,2026-05-10,5,Excited
EMP1023,2026-05-12,4,Happy
EMP1023,2026-05-14,4,Happy
EMP1023,2026-05-16,3,Okay
EMP1023,2026-05-18,3,Okay
EMP1023,2026-05-22,3,Okay
EMP1023,2026-05-26,3,Okay
EMP1023,2026-05-28,4,Happy
EMP1023,2026-05-30,5,Excited
EMP1023,2026-06-01,3,Okay
EMP1023,2026-06-03,4,Happy
EMP1023,2026-06-05,3,Okay
EMP1023,2026-06-07,3,Okay
EMP1023,2026-06-09,3,Okay
EMP1023,2026-06-11,5,Excited
EMP1023,2026-06-13,5,Excited
EMP1023,2026-06-17,3,Okay
EMP1023,2026-06-19,4,Happy
EMP1023,2026-06-21,3,Okay
EMP1023,2026-06-23,4,Happy
EMP1023,2026-06-25,4,Happy
EMP1023,2026-06-27,4,Happy
EMP1023,2026-06-29,4,Happy
EMP1023,2026-07-01,3,Okay
EMP1023,2026-07-03,3,Okay
EMP1023,2026-07-05,2,Sad
EMP1023,2026-07-07,3,Okay
EMP1023,2026-07-09,3,Okay
EMP1023,2026-07-11,3,Okay
EMP1023,2026-07-13,3,Okay
EMP1023,2026-07-15,4,Happy
EMP1023,2026-07-17,4,Happy
EMP1023,2026-07-19,3,Okay
EMP1023,2026-07-23,3,Okay
EMP1023,2026-07-25,4,Happy
EMP1023,2026-07-27,5,Excited
EMP1023,2026-07-29,4,Happy
EMP1023,2026-07-31,3,Okay
EMP1023,2026-08-02,5,Excited
EMP1023,2026-08-04,3,Okay
EMP1023,2026-08-08,3,Okay
EMP1023,2026-08-10,2,Sad
EMP1023,2026-08-12,5,Excited
EMP1023,2026-08-16,3,Okay
EMP1023,2026-08-18,4,Happy
EMP1023,2026-08-20,3,Okay
EMP1023,2026-08-22,4,Happy
EMP1023,2026-08-24,3,Okay
EMP1023,2026-08-26,3,Okay
EMP1024,2026-04-28,4,Happy
EMP1024,2026-04-30,4,Happy
EMP1024,2026-05-02,4,Happy
EMP1024,2026-05-04,4,Happy
EMP1024,2026-05-06,5,Excited
EMP1024,2026-05-10,4,Happy
EMP1024,2026-05-14,3,Okay
EMP1024,2026-05-16,5,Excited
EMP1024,2026-05-18,3,Okay
EMP1024,2026-05-20,4,Happy
EMP1024,2026-05-22,4,Happy
EMP1024,2026-05-26,3,Okay
EMP1024,2026-05-30,3,Okay
EMP1024,2026-06-01,4,Happy
EMP1024,2026-06-03,4,Happy
EMP1024,2026-06-05,3,Okay
EMP1024,2026-06-07,3,Okay
EMP1024,2026-06-09,4,Happy
EMP1024,2026-06-11,4,Happy
EMP1024,2026-06-13,4,Happy
EMP1024,2026-06-15,5,Excited
EMP1024,2026-06-19,4,Happy
EMP1024,2026-06-21,3,Okay
EMP1024,2026-06-23,3,Okay
EMP1024,2026-06-25,3,Okay
EMP1024,2026-06-27,3,Okay
EMP1024,2026-06-29,3,Okay
EMP1024,2026-07-01,3,Okay
EMP1024,2026-07-03,4,Happy
EMP1024,2026-07-05,3,Okay
EMP1024,2026-07-07,3,Okay
EMP1024,2026-07-09,3,Okay
EMP1024,2026-07-11,5,Excited
EMP1024,2026-07-13,4,Happy
EMP1024,2026-07-15,5,Excited
EMP1024,2026-07-17,4,Happy
EMP1024,2026-07-19,5,Excited
EMP1024,2026-07-23,4,Happy
EMP1024,2026-07-25,5,Excited
EMP1024,2026-07-27,3,Okay
EMP1024,2026-07-29,4,Happy
EMP1024,2026-07-31,5,Excited
EMP1024,2026-08-02,4,Happy
EMP1024,2026-08-04,4,Happy
EMP1024,2026-08-06,4,Happy
EMP1024,2026-08-08,3,Okay
EMP1024,2026-08-10,4,Happy
EMP1024,2026-08-12,3,Okay
EMP1024,2026-08-14,3,Okay
EMP1024,2026-08-16,3,Okay
EMP1024,2026-08-18,3,Okay
EMP1024,2026-08-20,4,Happy
EMP1024,2026-08-22,4,Happy
EMP1024,2026-08-24,3,Okay
EMP1025,2026-04-28,4,Happy
EMP1025,2026-04-30,4,Happy
EMP1025,2026-05-02,3,Okay
EMP1025,2026-05-04,4,Happy
EMP1025,2026-05-06,4,Happy
EMP1025,2026-05-08,4,Happy
EMP1025,2026-05-10,2,Sad
EMP1025,2026-05-12,4,Happy
EMP1025,2026-05-14,5,Excited
EMP1025,2026-05-16,2,Sad
EMP1025,2026-05-22,4,Happy
EMP1025,2026-05-24,5,Excited
EMP1025,2026-05-26,3,Okay
EMP1025,2026-05-28,4,Happy
EMP1025,2026-06-03,3,Okay
EMP1025,2026-06-05,4,Happy
EMP1025,2026-06-07,3,Okay
EMP1025,2026-06-09,5,Excited
EMP1025,2026-06-11,3,Okay
EMP1025,2026-06-13,4,Happy
EMP1025,2026-06-15,3,Okay
EMP1025,2026-06-17,4,Happy
EMP1025,2026-06-19,4,Happy
EMP1025,2026-06-21,2,Sad
EMP1025,2026-06-25,3,Okay
EMP1025,2026-06-27,3,Okay
EMP1025,2026-06-29,5,Excited
EMP1025,2026-07-01,3,Okay
EMP1025,2026-07-03,3,Okay
EMP1025,2026-07-05,5,Excited
EMP1025,2026-07-07,4,Happy
EMP1025,2026-07-11,4,Happy
EMP1025,2026-07-13,3,Okay
EMP1025,2026-07-15,4,Happy
EMP1025,2026-07-17,4,Happy
EMP1025,2026-07-19,4,Happy
EMP1025,2026-07-21,4,Happy
EMP1025,2026-07-23,4,Happy
EMP1025,2026-07-25,4,Happy
EMP1025,2026-07-27,3,Okay
EMP1025,2026-07-29,5,Excited
EMP1025,2026-07-31,4,Happy
EMP1025,2026-08-04,3,Okay
EMP1025,2026-08-06,4,Happy
EMP1025,2026-08-08,4,Happy
EMP1025,2026-08-10,4,Happy
EMP1025,2026-08-12,3,Okay
EMP1025,2026-08-14,4,Happy
EMP1025,2026-08-16,2,Sad
EMP1025,2026-08-18,3,Okay
EMP1025,2026-08-20,4,Happy
EMP1025,2026-08-22,3,Okay
EMP1025,2026-08-24,4,Happy
EMP1025,2026-08-26,4,Happy
EMP1026,2026-04-28,2,Sad
EMP1026,2026-04-30,2,Sad
EMP1026,2026-05-02,3,Okay
EMP1026,2026-05-04,2,Sad
EMP1026,2026-05-06,2,Sad
EMP1026,2026-05-08,2,Sad
EMP1026,2026-05-10,2,Sad
EMP1026,2026-05-16,2,Sad
EMP1026,2026-05-18,1,Frustrated
EMP1026,2026-05-22,2,Sad
EMP1026,2026-05-24,2,Sad
EMP1026,2026-05-26,1,Frustrated
EMP1026,2026-05-30,2,Sad
EMP1026,2026-06-01,2,Sad
EMP1026,2026-06-03,1,Frustrated
EMP1026,2026-06-05,2,Sad
EMP1026,2026-06-07,1,Frustrated
EMP1026,2026-06-09,2,Sad
EMP1026,2026-06-11,2,Sad
EMP1026,2026-06-13,1,Frustrated
EMP1026,2026-06-15,1,Frustrated
EMP1026,2026-06-17,2,Sad
EMP1026,2026-06-19,1,Frustrated
EMP1026,2026-06-21,1,Frustrated
EMP1026,2026-06-23,2,Sad
EMP1026,2026-06-25,2,Sad
EMP1026,2026-06-27,1,Frustrated
EMP1026,2026-06-29,1,Frustrated
EMP1026,2026-07-01,1,Frustrated
EMP1026,2026-07-05,1,Frustrated
EMP1026,2026-07-09,2,Sad
EMP1026,2026-07-11,1,Frustrated
EMP1026,2026-07-13,2,Sad
EMP1026,2026-07-15,2,Sad
EMP1026,2026-07-17,1,Frustrated
EMP1026,2026-07-19,1,Frustrated
EMP1026,2026-07-21,2,Sad
EMP1026,2026-07-23,2,Sad
EMP1026,2026-07-25,1,Frustrated
EMP1026,2026-07-27,1,Frustrated
EMP1026,2026-07-29,1,Frustrated
EMP1026,2026-08-02,2,Sad
EMP1026,2026-08-04,1,Frustrated
EMP1026,2026-08-06,1,Frustrated
EMP1026,2026-08-08,2,Sad
EMP1026,2026-08-10,1,Frustrated
EMP1026,2026-08-12,1,Frustrated
EMP1026,2026-08-16,1,Frustrated
EMP1026,2026-08-18,1,Frustrated
EMP1026,2026-08-22,1,Frustrated
EMP1026,2026-08-24,1,Frustrated
EMP1026,2026-08-26,1,Frustrated
EMP1027,2026-04-28,3,Okay
EMP1027,2026-04-30,4,Happy
EMP1027,2026-05-04,5,Excited
EMP1027,2026-05-06,4,Happy
EMP1027,2026-05-08,5,Excited
EMP1027,2026-05-10,4,Happy
EMP1027,2026-05-12,4,Happy
EMP1027,2026-05-14,3,Okay
EMP1027,2026-05-16,4,Happy
EMP1027,2026-05-20,3,Okay
EMP1027,2026-05-22,2,Sad
EMP1027,2026-05-24,4,Happy
EMP1027,2026-05-26,3,Okay
EMP1027,2026-05-28,3,Okay
EMP1027,2026-05-30,3,Okay
EMP1027,2026-06-03,4,Happy
EMP1027,2026-06-05,3,Okay
EMP1027,2026-06-09,4,Happy
EMP1027,2026-06-15,3,Okay
EMP1027,2026-06-17,3,Okay
EMP1027,2026-06-19,4,Happy
EMP1027,2026-06-21,4,Happy
EMP1027,2026-06-23,3,Okay
EMP1027,2026-06-25,5,Excited
EMP1027,2026-06-27,4,Happy
EMP1027,2026-06-29,3,Okay
EMP1027,2026-07-01,4,Happy
EMP1027,2026-07-03,3,Okay
EMP1027,2026-07-05,2,Sad
EMP1027,2026-07-09,3,Okay
EMP1027,2026-07-11,3,Okay
EMP1027,2026-07-13,3,Okay
EMP1027,2026-07-15,4,Happy
EMP1027,2026-07-17,2,Sad
EMP1027,2026-07-19,4,Happy
EMP1027,2026-07-23,3,Okay
EMP1027,2026-07-25,3,Okay
EMP1027,2026-07-27,3,Okay
EMP1027,2026-07-29,3,Okay
EMP1027,2026-07-31,3,Okay
EMP1027,2026-08-02,4,Happy
EMP1027,2026-08-04,4,Happy
EMP1027,2026-08-06,4,Happy
EMP1027,2026-08-08,3,Okay
EMP1027,2026-08-10,3,Okay
EMP1027,2026-08-12,3,Okay
EMP1027,2026-08-14,4,Happy
EMP1027,2026-08-16,2,Sad
EMP1027,2026-08-20,3,Okay
EMP1027,2026-08-22,3,Okay
EMP1027,2026-08-24,4,Happy
EMP1027,2026-08-26,4,Happy
EMP1028,2026-04-28,4,Happy
EMP1028,2026-04-30,4,Happy
EMP1028,2026-05-02,4,Happy
EMP1028,2026-05-06,4,Happy
EMP1028,2026-05-08,4,Happy
EMP1028,2026-05-10,5,Excited
EMP1028,2026-05-12,4,Happy
EMP1028,2026-05-14,4,Happy
EMP1028,2026-05-16,3,Okay
EMP1028,2026-05-18,3,Okay
EMP1028,2026-05-20,4,Happy
EMP1028,2026-05-22,3,Okay
EMP1028,2026-05-24,4,Happy
EMP1028,2026-05-26,4,Happy
EMP1028,2026-05-28,4,Happy
EMP1028,2026-05-30,2,Sad
EMP1028,2026-06-01,4,Happy
EMP1028,2026-06-03,4,Happy
EMP1028,2026-06-05,3,Okay
EMP1028,2026-06-07,4,Happy
EMP1028,2026-06-09,2,Sad
EMP1028,2026-06-11,4,Happy
EMP1028,2026-06-13,3,Okay
EMP1028,2026-06-15,4,Happy
EMP1028,2026-06-17,2,Sad
EMP1028,2026-06-19,4,Happy
EMP1028,2026-06-21,3,Okay
EMP1028,2026-06-23,4,Happy
EMP1028,2026-06-25,3,Okay
EMP1028,2026-06-27,3,Okay
EMP1028,2026-06-29,5,Excited
EMP1028,2026-07-01,3,Okay
EMP1028,2026-07-03,3,Okay
EMP1028,2026-07-05,3,Okay
EMP1028,2026-07-07,3,Okay
EMP1028,2026-07-09,4,Happy
EMP1028,2026-07-11,5,Excited
EMP1028,2026-07-13,3,Okay
EMP1028,2026-07-15,2,Sad
EMP1028,2026-07-21,4,Happy
EMP1028,2026-07-23,4,Happy
EMP1028,2026-07-25,3,Okay
EMP1028,2026-07-27,3,Okay
EMP1028,2026-07-29,3,Okay
EMP1028,2026-07-31,3,Okay
EMP1028,2026-08-02,4,Happy
EMP1028,2026-08-04,3,Okay
EMP1028,2026-08-08,4,Happy
EMP1028,2026-08-10,3,Okay
EMP1028,2026-08-12,4,Happy
EMP1028,2026-08-14,5,Excited
EMP1028,2026-08-16,4,Happy
EMP1028,2026-08-18,3,Okay
EMP1028,2026-08-20,4,Happy
EMP1028,2026-08-22,5,Excited
EMP1028,2026-08-24,3,Okay
EMP1028,2026-08-26,3,Okay
EMP1029,2026-04-30,2,Sad
EMP1029,2026-05-02,1,Frustrated
EMP1029,2026-05-04,2,Sad
EMP1029,2026-05-06,2,Sad
EMP1029,2026-05-08,2,Sad
EMP1029,2026-05-10,2,Sad
EMP1029,2026-05-12,3,Okay
EMP1029,2026-05-14,3,Okay
EMP1029,2026-05-16,1,Frustrated
EMP1029,2026-05-18,2,Sad
EMP1029,2026-05-20,3,Okay
EMP1029,2026-05-22,2,Sad
EMP1029,2026-05-24,3,Okay
EMP1029,2026-05-26,2,Sad
EMP1029,2026-05-28,1,Frustrated
EMP1029,2026-05-30,3,Okay
EMP1029,2026-06-01,1,Frustrated
EMP1029,2026-06-03,1,Frustrated
EMP1029,2026-06-05,3,Okay
EMP1029,2026-06-07,1,Frustrated
EMP1029,2026-06-11,1,Frustrated
EMP1029,2026-06-13,1,Frustrated
EMP1029,2026-06-15,1,Frustrated
EMP1029,2026-06-17,2,Sad
EMP1029,2026-06-21,1,Frustrated
EMP1029,2026-06-23,2,Sad
EMP1029,2026-06-25,1,Frustrated
EMP1029,2026-06-27,1,Frustrated
EMP1029,2026-07-01,2,Sad
EMP1029,2026-07-05,3,Okay
EMP1029,2026-07-07,1,Frustrated
EMP1029,2026-07-11,2,Sad
EMP1029,2026-07-13,3,Okay
EMP1029,2026-07-15,1,Frustrated
EMP1029,2026-07-17,2,Sad
EMP1029,2026-07-19,1,Frustrated
EMP1029,2026-07-23,1,Frustrated
EMP1029,2026-07-25,1,Frustrated
EMP1029,2026-07-27,3,Okay
EMP1029,2026-07-29,2,Sad
EMP1029,2026-07-31,2,Sad
EMP1029,2026-08-02,3,Okay
EMP1029,2026-08-04,2,Sad
EMP1029,2026-08-06,1,Frustrated
EMP1029,2026-08-08,2,Sad
EMP1029,2026-08-12,2,Sad
EMP1029,2026-08-14,2,Sad
EMP1029,2026-08-16,1,Frustrated
EMP1029,2026-08-18,1,Frustrated
EMP1029,2026-08-20,1,Frustrated
EMP1029,2026-08-22,1,Frustrated
EMP1029,2026-08-26,2,Sad
EMP1030,2026-04-28,1,Frustrated
EMP1030,2026-04-30,2,Sad
EMP1030,2026-05-02,2,Sad
EMP1030,2026-05-04,2,Sad
EMP1030,2026-05-06,3,Okay
EMP1030,2026-05-08,2,Sad
EMP1030,2026-05-10,3,Okay
EMP1030,2026-05-14,2,Sad
EMP1030,2026-05-18,2,Sad
EMP1030,2026-05-20,3,Okay
EMP1030,2026-05-22,2,Sad
EMP1030,2026-05-24,3,Okay
EMP1030,2026-05-28,3,Okay
EMP1030,2026-05-30,4,Happy
EMP1030,2026-06-01,2,Sad
EMP1030,2026-06-03,2,Sad
EMP1030,2026-06-05,3,Okay
EMP1030,2026-06-07,3,Okay
EMP1030,2026-06-09,3,Okay
EMP1030,2026-06-11,3,Okay
EMP1030,2026-06-13,3,Okay
EMP1030,2026-06-15,3,Okay
EMP1030,2026-06-19,3,Okay
EMP1030,2026-06-21,3,Okay
EMP1030,2026-06-23,3,Okay
EMP1030,2026-06-25,3,Okay
EMP1030,2026-06-27,3,Okay
EMP1030,2026-06-29,2,Sad
EMP1030,2026-07-01,4,Happy
EMP1030,2026-07-03,3,Okay
EMP1030,2026-07-05,3,Okay
EMP1030,2026-07-07,3,Okay
EMP1030,2026-07-09,2,Sad
EMP1030,2026-07-11,4,Happy
EMP1030,2026-07-13,2,Sad
EMP1030,2026-07-17,2,Sad
EMP1030,2026-07-21,4,Happy
EMP1030,2026-07-23,3,Okay
EMP1030,2026-07-25,3,Okay
EMP1030,2026-07-27,2,Sad
EMP1030,2026-07-31,3,Okay
EMP1030,2026-08-02,4,Happy
EMP1030,2026-08-04,2,Sad
EMP1030,2026-08-06,3,Okay
EMP1030,2026-08-08,3,Okay
EMP1030,2026-08-10,2,Sad
EMP1030,2026-08-12,3,Okay
EMP1030,2026-08-14,2,Sad
EMP1030,2026-08-16,1,Frustrated
EMP1030,2026-08-18,3,Okay
EMP1030,2026-08-20,3,Okay
EMP1030,2026-08-22,2,Sad
EMP1030,2026-08-24,2,Sad
EMP1030,2026-08-26,3,Okay
EMP1031,2026-04-28,2,Sad
EMP1031,2026-04-30,3,Okay
EMP1031,2026-05-02,3,Okay
EMP1031,2026-05-04,2,Sad
EMP1031,2026-05-06,2,Sad
EMP1031,2026-05-08,2,Sad
EMP1031,2026-05-10,2,Sad
EMP1031,2026-05-12,2,Sad
EMP1031,2026-05-14,2,Sad
EMP1031,2026-05-16,3,Okay
EMP1031,2026-05-18,2,Sad
EMP1031,2026-05-20,2,Sad
EMP1031,2026-05-22,2,Sad
EMP1031,2026-05-26,1,Frustrated
EMP1031,2026-05-28,1,Frustrated
EMP1031,2026-05-30,2,Sad
EMP1031,2026-06-01,1,Frustrated
EMP1031,2026-06-03,2,Sad
EMP1031,2026-06-05,1,Frustrated
EMP1031,2026-06-07,3,Okay
EMP1031,2026-06-09,2,Sad
EMP1031,2026-06-11,2,Sad
EMP1031,2026-06-13,2,Sad
EMP1031,2026-06-15,3,Okay
EMP1031,2026-06-17,2,Sad
EMP1031,2026-06-19,2,Sad
EMP1031,2026-06-23,2,Sad
EMP1031,2026-06-27,2,Sad
EMP1031,2026-06-29,3,Okay
EMP1031,2026-07-01,1,Frustrated
EMP1031,2026-07-03,2,Sad
EMP1031,2026-07-07,3,Okay
EMP1031,2026-07-09,1,Frustrated
EMP1031,2026-07-11,1,Frustrated
EMP1031,2026-07-13,2,Sad
EMP1031,2026-07-15,2,Sad
EMP1031,2026-07-17,1,Frustrated
EMP1031,2026-07-19,1,Frustrated
EMP1031,2026-07-21,1,Frustrated
EMP1031,2026-07-25,1,Frustrated
EMP1031,2026-07-27,1,Frustrated
EMP1031,2026-07-31,1,Frustrated
EMP1031,2026-08-02,1,Frustrated
EMP1031,2026-08-06,2,Sad
EMP1031,2026-08-08,1,Frustrated
EMP1031,2026-08-10,1,Frustrated
EMP1031,2026-08-12,1,Frustrated
EMP1031,2026-08-14,1,Frustrated
EMP1031,2026-08-16,1,Frustrated
EMP1031,2026-08-18,1,Frustrated
EMP1031,2026-08-20,1,Frustrated
EMP1031,2026-08-22,2,Sad
EMP1031,2026-08-24,1,Frustrated
EMP1031,2026-08-26,1,Frustrated
EMP1032,2026-04-28,4,Happy
EMP1032,2026-04-30,3,Okay
EMP1032,2026-05-02,3,Okay
EMP1032,2026-05-04,4,Happy
EMP1032,2026-05-08,3,Okay
EMP1032,2026-05-10,4,Happy
EMP1032,2026-05-12,4,Happy
EMP1032,2026-05-14,3,Okay
EMP1032,2026-05-16,3,Okay
EMP1032,2026-05-18,5,Excited
EMP1032,2026-05-20,5,Excited
EMP1032,2026-05-22,3,Okay
EMP1032,2026-05-24,3,Okay
EMP1032,2026-05-26,3,Okay
EMP1032,2026-05-28,3,Okay
EMP1032,2026-05-30,2,Sad
EMP1032,2026-06-01,4,Happy
EMP1032,2026-06-07,4,Happy
EMP1032,2026-06-09,3,Okay
EMP1032,2026-06-11,4,Happy
EMP1032,2026-06-13,4,Happy
EMP1032,2026-06-15,4,Happy
EMP1032,2026-06-19,4,Happy
EMP1032,2026-06-21,3,Okay
EMP1032,2026-06-23,5,Excited
EMP1032,2026-06-25,4,Happy
EMP1032,2026-06-27,3,Okay
EMP1032,2026-06-29,4,Happy
EMP1032,2026-07-01,4,Happy
EMP1032,2026-07-03,4,Happy
EMP1032,2026-07-05,5,Excited
EMP1032,2026-07-07,5,Excited
EMP1032,2026-07-09,3,Okay
EMP1032,2026-07-11,4,Happy
EMP1032,2026-07-13,3,Okay
EMP1032,2026-07-15,4,Happy
EMP1032,2026-07-17,4,Happy
EMP1032,2026-07-21,4,Happy
EMP1032,2026-07-23,2,Sad
EMP1032,2026-07-25,3,Okay
EMP1032,2026-07-27,4,Happy
EMP1032,2026-07-31,3,Okay
EMP1032,2026-08-02,3,Okay
EMP1032,2026-08-04,4,Happy
EMP1032,2026-08-06,3,Okay
EMP1032,2026-08-08,3,Okay
EMP1032,2026-08-10,4,Happy
EMP1032,2026-08-12,3,Okay
EMP1032,2026-08-16,3,Okay
EMP1032,2026-08-18,3,Okay
EMP1032,2026-08-20,4,Happy
EMP1032,2026-08-22,2,Sad
EMP1032,2026-08-24,4,Happy
EMP1032,2026-08-26,4,Happy
EMP1033,2026-04-28,3,Okay
EMP1033,2026-05-02,3,Okay
EMP1033,2026-05-04,5,Excited
EMP1033,2026-05-06,4,Happy
EMP1033,2026-05-08,4,Happy
EMP1033,2026-05-10,2,Sad
EMP1033,2026-05-12,3,Okay
EMP1033,2026-05-14,4,Happy
EMP1033,2026-05-18,4,Happy
EMP1033,2026-05-20,4,Happy
EMP1033,2026-05-22,3,Okay
EMP1033,2026-05-24,3,Okay
EMP1033,2026-05-28,4,Happy
EMP1033,2026-06-01,4,Happy
EMP1033,2026-06-03,5,Excited
EMP1033,2026-06-05,3,Okay
EMP1033,2026-06-07,3,Okay
EMP1033,2026-06-09,4,Happy
EMP1033,2026-06-11,3,Okay
EMP1033,2026-06-13,2,Sad
EMP1033,2026-06-15,4,Happy
EMP1033,2026-06-17,4,Happy
EMP1033,2026-06-19,3,Okay
EMP1033,2026-06-21,5,Excited
EMP1033,2026-06-23,4,Happy
EMP1033,2026-06-25,3,Okay
EMP1033,2026-06-27,4,Happy
EMP1033,2026-06-29,3,Okay
EMP1033,2026-07-01,3,Okay
EMP1033,2026-07-03,4,Happy
EMP1033,2026-07-05,3,Okay
EMP1033,2026-07-07,3,Okay
EMP1033,2026-07-09,5,Excited
EMP1033,2026-07-11,4,Happy
EMP1033,2026-07-13,4,Happy
EMP1033,2026-07-15,4,Happy
EMP1033,2026-07-17,4,Happy
EMP1033,2026-07-19,5,Excited
EMP1033,2026-07-21,4,Happy
EMP1033,2026-07-23,5,Excited
EMP1033,2026-07-25,3,Okay
EMP1033,2026-07-27,3,Okay
EMP1033,2026-07-31,3,Okay
EMP1033,2026-08-02,4,Happy
EMP1033,2026-08-04,5,Excited
EMP1033,2026-08-06,3,Okay
EMP1033,2026-08-10,3,Okay
EMP1033,2026-08-14,3,Okay
EMP1033,2026-08-16,4,Happy
EMP1033,2026-08-18,2,Sad
EMP1033,2026-08-20,4,Happy
EMP1033,2026-08-22,4,Happy
EMP1033,2026-08-26,3,Okay
EMP1034,2026-04-28,3,Okay
EMP1034,2026-04-30,5,Excited
EMP1034,2026-05-02,3,Okay
EMP1034,2026-05-04,5,Excited
EMP1034,2026-05-06,4,Happy
EMP1034,2026-05-08,3,Okay
EMP1034,2026-05-10,3,Okay
EMP1034,2026-05-12,4,Happy
EMP1034,2026-05-14,5,Excited
EMP1034,2026-05-16,3,Okay
EMP1034,2026-05-18,3,Okay
EMP1034,2026-05-20,4,Happy
EMP1034,2026-05-22,4,Happy
EMP1034,2026-05-24,5,Excited
EMP1034,2026-05-26,3,Okay
EMP1034,2026-05-28,4,Happy
EMP1034,2026-05-30,3,Okay
EMP1034,2026-06-01,5,Excited
EMP1034,2026-06-03,3,Okay
EMP1034,2026-06-07,4,Happy
EMP1034,2026-06-09,4,Happy
EMP1034,2026-06-11,5,Excited
EMP1034,2026-06-13,3,Okay
EMP1034,2026-06-15,4,Happy
EMP1034,2026-06-17,4,Happy
EMP1034,2026-06-19,5,Excited
EMP1034,2026-06-21,4,Happy
EMP1034,2026-06-29,4,Happy
EMP1034,2026-07-01,4,Happy
EMP1034,2026-07-03,3,Okay
EMP1034,2026-07-05,4,Happy
EMP1034,2026-07-07,3,Okay
EMP1034,2026-07-09,4,Happy
EMP1034,2026-07-11,4,Happy
EMP1034,2026-07-13,4,Happy
EMP1034,2026-07-15,3,Okay
EMP1034,2026-07-17,3,Okay
EMP1034,2026-07-19,4,Happy
EMP1034,2026-07-23,4,Happy
EMP1034,2026-07-25,4,Happy
EMP1034,2026-07-27,3,Okay
EMP1034,2026-07-29,4,Happy
EMP1034,2026-08-02,4,Happy
EMP1034,2026-08-04,4,Happy
EMP1034,2026-08-06,3,Okay
EMP1034,2026-08-08,4,Happy
EMP1034,2026-08-10,4,Happy
EMP1034,2026-08-12,2,Sad
EMP1034,2026-08-14,4,Happy
EMP1034,2026-08-18,4,Happy
EMP1034,2026-08-20,5,Excited
EMP1034,2026-08-22,3,Okay
EMP1034,2026-08-24,4,Happy
EMP1034,2026-08-26,3,Okay
EMP1035,2026-04-28,5,Excited
EMP1035,2026-04-30,5,Excited
EMP1035,2026-05-04,4,Happy
EMP1035,2026-05-06,5,Excited
EMP1035,2026-05-10,5,Excited
EMP1035,2026-05-12,5,Excited
EMP1035,2026-05-16,4,Happy
EMP1035,2026-05-18,4,Happy
EMP1035,2026-05-20,4,Happy
EMP1035,2026-05-22,5,Excited
EMP1035,2026-05-24,5,Excited
EMP1035,2026-05-26,4,Happy
EMP1035,2026-05-30,5,Excited
EMP1035,2026-06-03,5,Excited
EMP1035,2026-06-05,5,Excited
EMP1035,2026-06-07,5,Excited
EMP1035,2026-06-09,5,Excited
EMP1035,2026-06-11,5,Excited
EMP1035,2026-06-13,5,Excited
EMP1035,2026-06-17,5,Excited
EMP1035,2026-06-19,4,Happy
EMP1035,2026-06-21,4,Happy
EMP1035,2026-06-23,4,Happy
EMP1035,2026-06-25,4,Happy
EMP1035,2026-06-27,4,Happy
EMP1035,2026-06-29,4,Happy
EMP1035,2026-07-01,5,Excited
EMP1035,2026-07-03,4,Happy
EMP1035,2026-07-05,5,Excited
EMP1035,2026-07-11,4,Happy
EMP1035,2026-07-13,4,Happy
EMP1035,2026-07-15,4,Happy
EMP1035,2026-07-17,4,Happy
EMP1035,2026-07-19,5,Excited
EMP1035,2026-07-21,5,Excited
EMP1035,2026-07-23,4,Happy
EMP1035,2026-07-25,4,Happy
EMP1035,2026-07-27,4,Happy
EMP1035,2026-07-29,5,Excited
EMP1035,2026-07-31,5,Excited
EMP1035,2026-08-02,5,Excited
EMP1035,2026-08-06,4,Happy
EMP1035,2026-08-08,4,Happy
EMP1035,2026-08-10,4,Happy
EMP1035,2026-08-12,5,Excited
EMP1035,2026-08-14,4,Happy
EMP1035,2026-08-16,5,Excited
EMP1035,2026-08-18,4,Happy
EMP1035,2026-08-22,5,Excited
EMP1035,2026-08-24,4,Happy
EMP1036,2026-05-02,2,Sad
EMP1036,2026-05-04,1,Frustrated
EMP1036,2026-05-06,1,Frustrated
EMP1036,2026-05-08,1,Frustrated
EMP1036,2026-05-10,3,Okay
EMP1036,2026-05-12,4,Happy
EMP1036,2026-05-16,3,Okay
EMP1036,2026-05-18,3,Okay
EMP1036,2026-05-20,2,Sad
EMP1036,2026-05-24,2,Sad
EMP1036,2026-05-26,2,Sad
EMP1036,2026-05-28,4,Happy
EMP1036,2026-06-01,3,Okay
EMP1036,2026-06-03,3,Okay
EMP1036,2026-06-07,3,Okay
EMP1036,2026-06-09,3,Okay
EMP1036,2026-06-11,3,Okay
EMP1036,2026-06-13,3,Okay
EMP1036,2026-06-15,3,Okay
EMP1036,2026-06-19,4,Happy
EMP1036,2026-06-21,4,Happy
EMP1036,2026-06-23,3,Okay
EMP1036,2026-06-25,3,Okay
EMP1036,2026-06-27,1,Frustrated
EMP1036,2026-06-29,2,Sad
EMP1036,2026-07-01,2,Sad
EMP1036,2026-07-03,2,Sad
EMP1036,2026-07-05,3,Okay
EMP1036,2026-07-07,2,Sad
EMP1036,2026-07-09,2,Sad
EMP1036,2026-07-11,1,Frustrated
EMP1036,2026-07-13,2,Sad
EMP1036,2026-07-15,2,Sad
EMP1036,2026-07-17,2,Sad
EMP1036,2026-07-19,2,Sad
EMP1036,2026-07-21,4,Happy
EMP1036,2026-07-23,1,Frustrated
EMP1036,2026-07-25,2,Sad
EMP1036,2026-07-29,3,Okay
EMP1036,2026-08-02,3,Okay
EMP1036,2026-08-04,2,Sad
EMP1036,2026-08-06,2,Sad
EMP1036,2026-08-10,2,Sad
EMP1036,2026-08-12,4,Happy
EMP1036,2026-08-14,4,Happy
EMP1036,2026-08-16,2,Sad
EMP1036,2026-08-18,3,Okay
EMP1036,2026-08-20,3,Okay
EMP1036,2026-08-22,4,Happy
EMP1036,2026-08-24,2,Sad
EMP1036,2026-08-26,3,Okay
EMP1037,2026-04-28,3,Okay
EMP1037,2026-04-30,3,Okay
EMP1037,2026-05-02,4,Happy
EMP1037,2026-05-04,3,Okay
EMP1037,2026-05-06,3,Okay
EMP1037,2026-05-08,2,Sad
EMP1037,2026-05-10,3,Okay
EMP1037,2026-05-12,5,Excited
EMP1037,2026-05-14,5,Excited
EMP1037,2026-05-16,4,Happy
EMP1037,2026-05-18,4,Happy
EMP1037,2026-05-20,3,Okay
EMP1037,2026-05-24,4,Happy
EMP1037,2026-05-26,3,Okay
EMP1037,2026-05-30,4,Happy
EMP1037,2026-06-03,3,Okay
EMP1037,2026-06-05,4,Happy
EMP1037,2026-06-07,3,Okay
EMP1037,2026-06-09,4,Happy
EMP1037,2026-06-11,4,Happy
EMP1037,2026-06-13,3,Okay
EMP1037,2026-06-15,4,Happy
EMP1037,2026-06-17,3,Okay
EMP1037,2026-06-19,3,Okay
EMP1037,2026-06-21,3,Okay
EMP1037,2026-06-25,4,Happy
EMP1037,2026-06-27,5,Excited
EMP1037,2026-06-29,2,Sad
EMP1037,2026-07-01,3,Okay
EMP1037,2026-07-03,3,Okay
EMP1037,2026-07-05,4,Happy
EMP1037,2026-07-07,3,Okay
EMP1037,2026-07-11,4,Happy
EMP1037,2026-07-13,4,Happy
EMP1037,2026-07-15,3,Okay
EMP1037,2026-07-17,5,Excited
EMP1037,2026-07-19,4,Happy
EMP1037,2026-07-21,3,Okay
EMP1037,2026-07-23,4,Happy
EMP1037,2026-07-25,3,Okay
EMP1037,2026-07-29,3,Okay
EMP1037,2026-07-31,3,Okay
EMP1037,2026-08-02,3,Okay
EMP1037,2026-08-04,3,Okay
EMP1037,2026-08-06,4,Happy
EMP1037,2026-08-08,4,Happy
EMP1037,2026-08-10,4,Happy
EMP1037,2026-08-12,3,Okay
EMP1037,2026-08-14,1,Frustrated
EMP1037,2026-08-16,4,Happy
EMP1037,2026-08-18,2,Sad
EMP1037,2026-08-20,4,Happy
EMP1037,2026-08-22,4,Happy
EMP1037,2026-08-24,4,Happy
EMP1038,2026-04-28,2,Sad
EMP1038,2026-04-30,2,Sad
EMP1038,2026-05-04,2,Sad
EMP1038,2026-05-06,1,Frustrated
EMP1038,2026-05-08,3,Okay
EMP1038,2026-05-10,2,Sad
EMP1038,2026-05-12,3,Okay
EMP1038,2026-05-14,2,Sad
EMP1038,2026-05-16,2,Sad
EMP1038,2026-05-18,2,Sad
EMP1038,2026-05-20,2,Sad
EMP1038,2026-05-22,3,Okay
EMP1038,2026-05-26,2,Sad
EMP1038,2026-05-28,1,Frustrated
EMP1038,2026-06-01,2,Sad
EMP1038,2026-06-05,3,Okay
EMP1038,2026-06-07,3,Okay
EMP1038,2026-06-09,2,Sad
EMP1038,2026-06-11,2,Sad
EMP1038,2026-06-15,2,Sad
EMP1038,2026-06-17,2,Sad
EMP1038,2026-06-19,2,Sad
EMP1038,2026-06-21,1,Frustrated
EMP1038,2026-06-23,1,Frustrated
EMP1038,2026-06-25,2,Sad
EMP1038,2026-06-27,2,Sad
EMP1038,2026-06-29,2,Sad
EMP1038,2026-07-01,1,Frustrated
EMP1038,2026-07-05,1,Frustrated
EMP1038,2026-07-07,1,Frustrated
EMP1038,2026-07-11,2,Sad
EMP1038,2026-07-13,4,Happy
EMP1038,2026-07-15,2,Sad
EMP1038,2026-07-17,1,Frustrated
EMP1038,2026-07-19,1,Frustrated
EMP1038,2026-07-23,1,Frustrated
EMP1038,2026-07-25,1,Frustrated
EMP1038,2026-07-27,2,Sad
EMP1038,2026-07-29,2,Sad
EMP1038,2026-07-31,2,Sad
EMP1038,2026-08-02,2,Sad
EMP1038,2026-08-04,2,Sad
EMP1038,2026-08-06,2,Sad
EMP1038,2026-08-08,1,Frustrated
EMP1038,2026-08-10,1,Frustrated
EMP1038,2026-08-14,3,Okay
EMP1038,2026-08-16,2,Sad
EMP1038,2026-08-18,2,Sad
EMP1038,2026-08-20,1,Frustrated
EMP1038,2026-08-22,1,Frustrated
EMP1038,2026-08-26,1,Frustrated
EMP1039,2026-04-28,2,Sad
EMP1039,2026-04-30,2,Sad
EMP1039,2026-05-02,2,Sad
EMP1039,2026-05-04,2,Sad
EMP1039,2026-05-06,2,Sad
EMP1039,2026-05-08,2,Sad
EMP1039,2026-05-10,2,Sad
EMP1039,2026-05-12,2,Sad
EMP1039,2026-05-14,2,Sad
EMP1039,2026-05-16,2,Sad
EMP1039,2026-05-18,2,Sad
EMP1039,2026-05-20,2,Sad
EMP1039,2026-05-22,1,Frustrated
EMP1039,2026-05-26,1,Frustrated
EMP1039,2026-05-28,2,Sad
EMP1039,2026-05-30,2,Sad
EMP1039,2026-06-01,1,Frustrated
EMP1039,2026-06-03,1,Frustrated
EMP1039,2026-06-05,1,Frustrated
EMP1039,2026-06-07,1,Frustrated
EMP1039,2026-06-09,1,Frustrated
EMP1039,2026-06-11,2,Sad
EMP1039,2026-06-13,2,Sad
EMP1039,2026-06-15,2,Sad
EMP1039,2026-06-17,1,Frustrated
EMP1039,2026-06-19,2,Sad
EMP1039,2026-06-21,1,Frustrated
EMP1039,2026-06-23,2,Sad
EMP1039,2026-06-25,2,Sad
EMP1039,2026-06-27,2,Sad
EMP1039,2026-07-01,1,Frustrated
EMP1039,2026-07-03,2,Sad
EMP1039,2026-07-07,1,Frustrated
EMP1039,2026-07-09,1,Frustrated
EMP1039,2026-07-11,2,Sad
EMP1039,2026-07-13,3,Okay
EMP1039,2026-07-15,1,Frustrated
EMP1039,2026-07-17,2,Sad
EMP1039,2026-07-21,1,Frustrated
EMP1039,2026-07-25,1,Frustrated
EMP1039,2026-07-27,2,Sad
EMP1039,2026-07-29,1,Frustrated
EMP1039,2026-07-31,1,Frustrated
EMP1039,2026-08-02,1,Frustrated
EMP1039,2026-08-04,1,Frustrated
EMP1039,2026-08-06,1,Frustrated
EMP1039,2026-08-08,1,Frustrated
EMP1039,2026-08-10,1,Frustrated
EMP1039,2026-08-12,1,Frustrated
EMP1039,2026-08-14,2,Sad
EMP1039,2026-08-16,2,Sad
EMP1039,2026-08-18,2,Sad
EMP1039,2026-08-20,1,Frustrated
EMP1039,2026-08-22,2,Sad
EMP1039,2026-08-24,2,Sad
EMP1039,2026-08-26,2,Sad
EMP1040,2026-04-30,4,Happy
EMP1040,2026-05-04,4,Happy
EMP1040,2026-05-06,4,Happy
EMP1040,2026-05-10,3,Okay
EMP1040,2026-05-12,2,Sad
EMP1040,2026-05-14,3,Okay
EMP1040,2026-05-16,2,Sad
EMP1040,2026-05-18,4,Happy
EMP1040,2026-05-20,4,Happy
EMP1040,2026-05-22,2,Sad
EMP1040,2026-05-24,4,Happy
EMP1040,2026-05-26,4,Happy
EMP1040,2026-05-28,4,Happy
EMP1040,2026-06-01,5,Excited
EMP1040,2026-06-03,3,Okay
EMP1040,2026-06-05,4,Happy
EMP1040,2026-06-07,4,Happy
EMP1040,2026-06-11,4,Happy
EMP1040,2026-06-13,3,Okay
EMP1040,2026-06-15,3,Okay
EMP1040,2026-06-19,3,Okay
EMP1040,2026-06-21,4,Happy
EMP1040,2026-06-23,3,Okay
EMP1040,2026-06-25,3,Okay
EMP1040,2026-06-27,4,Happy
EMP1040,2026-06-29,4,Happy
EMP1040,2026-07-01,4,Happy
EMP1040,2026-07-03,2,Sad
EMP1040,2026-07-05,3,Okay
EMP1040,2026-07-07,3,Okay
EMP1040,2026-07-09,4,Happy
EMP1040,2026-07-11,3,Okay
EMP1040,2026-07-15,4,Happy
EMP1040,2026-07-17,4,Happy
EMP1040,2026-07-19,4,Happy
EMP1040,2026-07-21,4,Happy
EMP1040,2026-07-23,3,Okay
EMP1040,2026-07-25,4,Happy
EMP1040,2026-07-27,4,Happy
EMP1040,2026-07-29,4,Happy
EMP1040,2026-07-31,4,Happy
EMP1040,2026-08-02,4,Happy
EMP1040,2026-08-04,4,Happy
EMP1040,2026-08-06,4,Happy
EMP1040,2026-08-08,4,Happy
EMP1040,2026-08-10,4,Happy
EMP1040,2026-08-12,4,Happy
EMP1040,2026-08-16,4,Happy
EMP1040,2026-08-20,5,Excited
EMP1040,2026-08-22,4,Happy
EMP1040,2026-08-24,3,Okay
EMP1040,2026-08-26,3,Okay
EMP1041,2026-04-28,2,Sad
EMP1041,2026-04-30,4,Happy
EMP1041,2026-05-04,1,Frustrated
EMP1041,2026-05-06,3,Okay
EMP1041,2026-05-10,3,Okay
EMP1041,2026-05-12,1,Frustrated
EMP1041,2026-05-16,2,Sad
EMP1041,2026-05-18,2,Sad
EMP1041,2026-05-20,2,Sad
EMP1041,2026-05-22,1,Frustrated
EMP1041,2026-05-24,2,Sad
EMP1041,2026-05-26,3,Okay
EMP1041,2026-05-28,1,Frustrated
EMP1041,2026-05-30,3,Okay
EMP1041,2026-06-01,2,Sad
EMP1041,2026-06-03,4,Happy
EMP1041,2026-06-07,2,Sad
EMP1041,2026-06-11,2,Sad
EMP1041,2026-06-13,1,Frustrated
EMP1041,2026-06-15,2,Sad
EMP1041,2026-06-17,1,Frustrated
EMP1041,2026-06-21,3,Okay
EMP1041,2026-06-23,2,Sad
EMP1041,2026-06-25,1,Frustrated
EMP1041,2026-06-27,2,Sad
EMP1041,2026-06-29,1,Frustrated
EMP1041,2026-07-05,1,Frustrated
EMP1041,2026-07-07,2,Sad
EMP1041,2026-07-09,2,Sad
EMP1041,2026-07-11,1,Frustrated
EMP1041,2026-07-13,2,Sad
EMP1041,2026-07-15,2,Sad
EMP1041,2026-07-17,1,Frustrated
EMP1041,2026-07-19,2,Sad
EMP1041,2026-07-21,1,Frustrated
EMP1041,2026-07-23,2,Sad
EMP1041,2026-07-25,2,Sad
EMP1041,2026-07-27,2,Sad
EMP1041,2026-07-29,1,Frustrated
EMP1041,2026-07-31,2,Sad
EMP1041,2026-08-02,1,Frustrated
EMP1041,2026-08-04,2,Sad
EMP1041,2026-08-06,1,Frustrated
EMP1041,2026-08-08,1,Frustrated
EMP1041,2026-08-10,2,Sad
EMP1041,2026-08-16,2,Sad
EMP1041,2026-08-18,1,Frustrated
EMP1041,2026-08-20,1,Frustrated
EMP1041,2026-08-22,1,Frustrated
EMP1041,2026-08-24,1,Frustrated
EMP1041,2026-08-26,1,Frustrated
EMP1042,2026-04-28,3,Okay
EMP1042,2026-04-30,5,Excited
EMP1042,2026-05-02,5,Excited
EMP1042,2026-05-04,3,Okay
EMP1042,2026-05-06,5,Excited
EMP1042,2026-05-08,4,Happy
EMP1042,2026-05-10,4,Happy
EMP1042,2026-05-12,4,Happy
EMP1042,2026-05-14,4,Happy
EMP1042,2026-05-16,5,Excited
EMP1042,2026-05-18,4,Happy
EMP1042,2026-05-20,3,Okay
EMP1042,2026-05-22,5,Excited
EMP1042,2026-05-24,3,Okay
EMP1042,2026-05-26,3,Okay
EMP1042,2026-05-28,2,Sad
EMP1042,2026-05-30,4,Happy
EMP1042,2026-06-01,4,Happy
EMP1042,2026-06-03,4,Happy
EMP1042,2026-06-05,4,Happy
EMP1042,2026-06-07,5,Excited
EMP1042,2026-06-09,4,Happy
EMP1042,2026-06-11,4,Happy
EMP1042,2026-06-13,3,Okay
EMP1042,2026-06-15,3,Okay
EMP1042,2026-06-17,4,Happy
EMP1042,2026-06-19,4,Happy
EMP1042,2026-06-21,3,Okay
EMP1042,2026-06-23,4,Happy
EMP1042,2026-06-25,3,Okay
EMP1042,2026-06-27,3,Okay
EMP1042,2026-06-29,4,Happy
EMP1042,2026-07-01,3,Okay
EMP1042,2026-07-03,3,Okay
EMP1042,2026-07-05,3,Okay
EMP1042,2026-07-07,5,Excited
EMP1042,2026-07-09,3,Okay
EMP1042,2026-07-13,4,Happy
EMP1042,2026-07-15,4,Happy
EMP1042,2026-07-17,3,Okay
EMP1042,2026-07-19,3,Okay
EMP1042,2026-07-21,4,Happy
EMP1042,2026-07-23,4,Happy
EMP1042,2026-07-25,3,Okay
EMP1042,2026-07-27,3,Okay
EMP1042,2026-07-29,4,Happy
EMP1042,2026-07-31,4,Happy
EMP1042,2026-08-02,4,Happy
EMP1042,2026-08-04,3,Okay
EMP1042,2026-08-06,4,Happy
EMP1042,2026-08-08,4,Happy
EMP1042,2026-08-12,3,Okay
EMP1042,2026-08-14,4,Happy
EMP1042,2026-08-16,3,Okay
EMP1042,2026-08-18,3,Okay
EMP1042,2026-08-20,4,Happy
EMP1042,2026-08-22,4,Happy
EMP1042,2026-08-24,3,Okay
EMP1043,2026-04-28,1,Frustrated
EMP1043,2026-04-30,2,Sad
EMP1043,2026-05-02,3,Okay
EMP1043,2026-05-04,3,Okay
EMP1043,2026-05-06,3,Okay
EMP1043,2026-05-10,1,Frustrated
EMP1043,2026-05-12,3,Okay
EMP1043,2026-05-14,3,Okay
EMP1043,2026-05-16,4,Happy
EMP1043,2026-05-18,3,Okay
EMP1043,2026-05-20,2,Sad
EMP1043,2026-05-22,3,Okay
EMP1043,2026-05-24,2,Sad
EMP1043,2026-05-28,4,Happy
EMP1043,2026-05-30,3,Okay
EMP1043,2026-06-01,3,Okay
EMP1043,2026-06-03,3,Okay
EMP1043,2026-06-05,4,Happy
EMP1043,2026-06-07,3,Okay
EMP1043,2026-06-09,3,Okay
EMP1043,2026-06-13,1,Frustrated
EMP1043,2026-06-15,4,Happy
EMP1043,2026-06-17,4,Happy
EMP1043,2026-06-19,3,Okay
EMP1043,2026-06-21,3,Okay
EMP1043,2026-06-23,3,Okay
EMP1043,2026-06-25,2,Sad
EMP1043,2026-06-27,4,Happy
EMP1043,2026-07-01,3,Okay
EMP1043,2026-07-03,3,Okay
EMP1043,2026-07-05,3,Okay
EMP1043,2026-07-07,3,Okay
EMP1043,2026-07-09,3,Okay
EMP1043,2026-07-11,1,Frustrated
EMP1043,2026-07-13,3,Okay
EMP1043,2026-07-17,2,Sad
EMP1043,2026-07-19,2,Sad
EMP1043,2026-07-21,3,Okay
EMP1043,2026-07-25,3,Okay
EMP1043,2026-07-27,1,Frustrated
EMP1043,2026-07-29,3,Okay
EMP1043,2026-07-31,1,Frustrated
EMP1043,2026-08-02,2,Sad
EMP1043,2026-08-04,3,Okay
EMP1043,2026-08-06,2,Sad
EMP1043,2026-08-08,3,Okay
EMP1043,2026-08-10,5,Excited
EMP1043,2026-08-12,3,Okay
EMP1043,2026-08-14,3,Okay
EMP1043,2026-08-16,2,Sad
EMP1043,2026-08-18,2,Sad
EMP1043,2026-08-20,2,Sad
EMP1043,2026-08-22,2,Sad
EMP1043,2026-08-24,2,Sad
EMP1043,2026-08-26,2,Sad
EMP1044,2026-04-28,3,Okay
EMP1044,2026-04-30,3,Okay
EMP1044,2026-05-02,3,Okay
EMP1044,2026-05-06,4,Happy
EMP1044,2026-05-08,4,Happy
EMP1044,2026-05-10,4,Happy
EMP1044,2026-05-12,4,Happy
EMP1044,2026-05-14,3,Okay
EMP1044,2026-05-18,3,Okay
EMP1044,2026-05-20,5,Excited
EMP1044,2026-05-22,4,Happy
EMP1044,2026-05-26,3,Okay
EMP1044,2026-05-28,4,Happy
EMP1044,2026-05-30,2,Sad
EMP1044,2026-06-01,3,Okay
EMP1044,2026-06-03,4,Happy
EMP1044,2026-06-05,4,Happy
EMP1044,2026-06-07,3,Okay
EMP1044,2026-06-09,4,Happy
EMP1044,2026-06-11,3,Okay
EMP1044,2026-06-13,4,Happy
EMP1044,2026-06-15,3,Okay
EMP1044,2026-06-19,4,Happy
EMP1044,2026-06-21,3,Okay
EMP1044,2026-06-23,5,Excited
EMP1044,2026-06-25,3,Okay
EMP1044,2026-06-27,5,Excited
EMP1044,2026-07-07,4,Happy
EMP1044,2026-07-09,4,Happy
EMP1044,2026-07-11,3,Okay
EMP1044,2026-07-13,4,Happy
EMP1044,2026-07-17,4,Happy
EMP1044,2026-07-19,4,Happy
EMP1044,2026-07-21,4,Happy
EMP1044,2026-07-23,2,Sad
EMP1044,2026-07-25,5,Excited
EMP1044,2026-07-27,4,Happy
EMP1044,2026-07-29,3,Okay
EMP1044,2026-07-31,3,Okay
EMP1044,2026-08-02,2,Sad
EMP1044,2026-08-04,3,Okay
EMP1044,2026-08-08,3,Okay
EMP1044,2026-08-10,3,Okay
EMP1044,2026-08-12,3,Okay
EMP1044,2026-08-16,3,Okay
EMP1044,2026-08-18,3,Okay
EMP1044,2026-08-20,5,Excited
EMP1044,2026-08-22,4,Happy
EMP1044,2026-08-24,4,Happy
EMP1044,2026-08-26,3,Okay
EMP1045,2026-04-28,1,Frustrated
EMP1045,2026-04-30,1,Frustrated
EMP1045,2026-05-02,2,Sad
EMP1045,2026-05-04,2,Sad
EMP1045,2026-05-06,3,Okay
EMP1045,2026-05-08,3,Okay
EMP1045,2026-05-10,3,Okay
EMP1045,2026-05-12,3,Okay
EMP1045,2026-05-14,2,Sad
EMP1045,2026-05-16,1,Frustrated
EMP1045,2026-05-18,2,Sad
EMP1045,2026-05-20,2,Sad
EMP1045,2026-05-22,2,Sad
EMP1045,2026-05-24,2,Sad
EMP1045,2026-05-26,1,Frustrated
EMP1045,2026-05-28,2,Sad
EMP1045,2026-05-30,2,Sad
EMP1045,2026-06-05,3,Okay
EMP1045,2026-06-07,2,Sad
EMP1045,2026-06-09,2,Sad
EMP1045,2026-06-11,2,Sad
EMP1045,2026-06-13,4,Happy
EMP1045,2026-06-15,2,Sad
EMP1045,2026-06-19,4,Happy
EMP1045,2026-06-21,4,Happy
EMP1045,2026-06-23,2,Sad
EMP1045,2026-06-25,4,Happy
EMP1045,2026-06-27,2,Sad
EMP1045,2026-06-29,2,Sad
EMP1045,2026-07-01,2,Sad
EMP1045,2026-07-07,2,Sad
EMP1045,2026-07-09,3,Okay
EMP1045,2026-07-11,2,Sad
EMP1045,2026-07-13,2,Sad
EMP1045,2026-07-15,3,Okay
EMP1045,2026-07-19,3,Okay
EMP1045,2026-07-21,2,Sad
EMP1045,2026-07-23,3,Okay
EMP1045,2026-07-25,3,Okay
EMP1045,2026-07-27,4,Happy
EMP1045,2026-07-29,1,Frustrated
EMP1045,2026-07-31,3,Okay
EMP1045,2026-08-02,2,Sad
EMP1045,2026-08-04,1,Frustrated
EMP1045,2026-08-06,2,Sad
EMP1045,2026-08-08,3,Okay
EMP1045,2026-08-14,3,Okay
EMP1045,2026-08-16,3,Okay
EMP1045,2026-08-18,3,Okay
EMP1045,2026-08-20,2,Sad
EMP1045,2026-08-22,2,Sad
EMP1045,2026-08-24,3,Okay
EMP1045,2026-08-26,2,Sad
EMP1046,2026-04-28,2,Sad
EMP1046,2026-05-02,3,Okay
EMP1046,2026-05-04,1,Frustrated
EMP1046,2026-05-06,1,Frustrated
EMP1046,2026-05-08,1,Frustrated
EMP1046,2026-05-10,1,Frustrated
EMP1046,2026-05-14,2,Sad
EMP1046,2026-05-16,2,Sad
EMP1046,2026-05-18,1,Frustrated
EMP1046,2026-05-20,2,Sad
EMP1046,2026-05-22,1,Frustrated
EMP1046,2026-05-24,2,Sad
EMP1046,2026-05-26,1,Frustrated
EMP1046,2026-05-28,3,Okay
EMP1046,2026-05-30,2,Sad
EMP1046,2026-06-01,1,Frustrated
EMP1046,2026-06-03,1,Frustrated
EMP1046,2026-06-05,1,Frustrated
EMP1046,2026-06-07,1,Frustrated
EMP1046,2026-06-09,1,Frustrated
EMP1046,2026-06-11,1,Frustrated
EMP1046,2026-06-13,2,Sad
EMP1046,2026-06-15,1,Frustrated
EMP1046,2026-06-17,1,Frustrated
EMP1046,2026-06-19,1,Frustrated
EMP1046,2026-06-21,1,Frustrated
EMP1046,2026-06-23,2,Sad
EMP1046,2026-06-25,1,Frustrated
EMP1046,2026-06-29,1,Frustrated
EMP1046,2026-07-01,2,Sad
EMP1046,2026-07-03,2,Sad
EMP1046,2026-07-05,1,Frustrated
EMP1046,2026-07-07,1,Frustrated
EMP1046,2026-07-09,1,Frustrated
EMP1046,2026-07-11,2,Sad
EMP1046,2026-07-13,2,Sad
EMP1046,2026-07-15,2,Sad
EMP1046,2026-07-17,2,Sad
EMP1046,2026-07-19,1,Frustrated
EMP1046,2026-07-21,1,Frustrated
EMP1046,2026-07-23,1,Frustrated
EMP1046,2026-07-25,2,Sad
EMP1046,2026-07-27,2,Sad
EMP1046,2026-07-29,1,Frustrated
EMP1046,2026-07-31,1,Frustrated
EMP1046,2026-08-02,2,Sad
EMP1046,2026-08-04,1,Frustrated
EMP1046,2026-08-06,1,Frustrated
EMP1046,2026-08-08,2,Sad
EMP1046,2026-08-10,1,Frustrated
EMP1046,2026-08-12,1,Frustrated
EMP1046,2026-08-14,2,Sad
EMP1046,2026-08-16,2,Sad
EMP1046,2026-08-18,1,Frustrated
EMP1046,2026-08-20,1,Frustrated
EMP1046,2026-08-22,1,Frustrated
EMP1046,2026-08-24,1,Frustrated
EMP1046,2026-08-26,1,Frustrated
EMP1047,2026-04-28,3,Okay
EMP1047,2026-05-04,1,Frustrated
EMP1047,2026-05-08,2,Sad
EMP1047,2026-05-10,2,Sad
EMP1047,2026-05-12,2,Sad
EMP1047,2026-05-14,3,Okay
EMP1047,2026-05-16,2,Sad
EMP1047,2026-05-18,2,Sad
EMP1047,2026-05-20,1,Frustrated
EMP1047,2026-05-22,2,Sad
EMP1047,2026-05-24,2,Sad
EMP1047,2026-05-26,2,Sad
EMP1047,2026-05-28,2,Sad
EMP1047,2026-05-30,2,Sad
EMP1047,2026-06-01,2,Sad
EMP1047,2026-06-05,1,Frustrated
EMP1047,2026-06-07,1,Frustrated
EMP1047,2026-06-09,2,Sad
EMP1047,2026-06-11,1,Frustrated
EMP1047,2026-06-13,1,Frustrated
EMP1047,2026-06-15,3,Okay
EMP1047,2026-06-17,1,Frustrated
EMP1047,2026-06-19,1,Frustrated
EMP1047,2026-06-21,2,Sad
EMP1047,2026-06-23,1,Frustrated
EMP1047,2026-06-25,3,Okay
EMP1047,2026-06-29,2,Sad
EMP1047,2026-07-01,2,Sad
EMP1047,2026-07-03,2,Sad
EMP1047,2026-07-05,1,Frustrated
EMP1047,2026-07-07,2,Sad
EMP1047,2026-07-09,1,Frustrated
EMP1047,2026-07-11,2,Sad
EMP1047,2026-07-13,1,Frustrated
EMP1047,2026-07-17,2,Sad
EMP1047,2026-07-19,1,Frustrated
EMP1047,2026-07-21,1,Frustrated
EMP1047,2026-07-23,1,Frustrated
EMP1047,2026-07-25,1,Frustrated
EMP1047,2026-07-27,2,Sad
EMP1047,2026-07-29,2,Sad
EMP1047,2026-08-02,1,Frustrated
EMP1047,2026-08-04,1,Frustrated
EMP1047,2026-08-08,1,Frustrated
EMP1047,2026-08-12,2,Sad
EMP1047,2026-08-14,1,Frustrated
EMP1047,2026-08-16,2,Sad
EMP1047,2026-08-18,1,Frustrated
EMP1047,2026-08-20,2,Sad
EMP1047,2026-08-22,1,Frustrated
EMP1047,2026-08-24,1,Frustrated
EMP1047,2026-08-26,1,Frustrated
EMP1048,2026-04-28,4,Happy
EMP1048,2026-04-30,4,Happy
EMP1048,2026-05-02,5,Excited
EMP1048,2026-05-04,5,Excited
EMP1048,2026-05-06,4,Happy
EMP1048,2026-05-10,4,Happy
EMP1048,2026-05-12,4,Happy
EMP1048,2026-05-14,5,Excited
EMP1048,2026-05-16,4,Happy
EMP1048,2026-05-18,3,Okay
EMP1048,2026-05-20,3,Okay
EMP1048,2026-05-22,5,Excited
EMP1048,2026-05-24,4,Happy
EMP1048,2026-05-28,4,Happy
EMP1048,2026-05-30,3,Okay
EMP1048,2026-06-03,3,Okay
EMP1048,2026-06-05,2,Sad
EMP1048,2026-06-07,4,Happy
EMP1048,2026-06-09,3,Okay
EMP1048,2026-06-11,3,Okay
EMP1048,2026-06-13,3,Okay
EMP1048,2026-06-15,4,Happy
EMP1048,2026-06-17,4,Happy
EMP1048,2026-06-19,4,Happy
EMP1048,2026-06-21,2,Sad
EMP1048,2026-06-23,4,Happy
EMP1048,2026-06-25,3,Okay
EMP1048,2026-06-27,4,Happy
EMP1048,2026-07-01,4,Happy
EMP1048,2026-07-03,5,Excited
EMP1048,2026-07-05,4,Happy
EMP1048,2026-07-07,4,Happy
EMP1048,2026-07-09,4,Happy
EMP1048,2026-07-11,3,Okay
EMP1048,2026-07-13,4,Happy
EMP1048,2026-07-15,4,Happy
EMP1048,2026-07-17,3,Okay
EMP1048,2026-07-19,4,Happy
EMP1048,2026-07-23,4,Happy
EMP1048,2026-07-25,4,Happy
EMP1048,2026-07-29,3,Okay
EMP1048,2026-08-04,3,Okay
EMP1048,2026-08-06,4,Happy
EMP1048,2026-08-08,3,Okay
EMP1048,2026-08-12,2,Sad
EMP1048,2026-08-14,2,Sad
EMP1048,2026-08-18,4,Happy
EMP1048,2026-08-20,3,Okay
EMP1048,2026-08-22,4,Happy
EMP1048,2026-08-24,4,Happy
EMP1049,2026-04-28,3,Okay
EMP1049,2026-05-04,3,Okay
EMP1049,2026-05-06,4,Happy
EMP1049,2026-05-08,3,Okay
EMP1049,2026-05-10,3,Okay
EMP1049,2026-05-14,5,Excited
EMP1049,2026-05-16,3,Okay
EMP1049,2026-05-18,2,Sad
EMP1049,2026-05-20,4,Happy
EMP1049,2026-05-22,4,Happy
EMP1049,2026-05-24,4,Happy
EMP1049,2026-05-28,4,Happy
EMP1049,2026-05-30,3,Okay
EMP1049,2026-06-01,3,Okay
EMP1049,2026-06-03,3,Okay
EMP1049,2026-06-05,4,Happy
EMP1049,2026-06-07,4,Happy
EMP1049,2026-06-09,4,Happy
EMP1049,2026-06-11,4,Happy
EMP1049,2026-06-17,4,Happy
EMP1049,2026-06-19,3,Okay
EMP1049,2026-06-21,2,Sad
EMP1049,2026-06-23,4,Happy
EMP1049,2026-06-27,3,Okay
EMP1049,2026-06-29,4,Happy
EMP1049,2026-07-01,3,Okay
EMP1049,2026-07-03,3,Okay
EMP1049,2026-07-05,5,Excited
EMP1049,2026-07-07,2,Sad
EMP1049,2026-07-09,4,Happy
EMP1049,2026-07-11,5,Excited
EMP1049,2026-07-13,4,Happy
EMP1049,2026-07-17,4,Happy
EMP1049,2026-07-19,5,Excited
EMP1049,2026-07-21,3,Okay
EMP1049,2026-07-23,4,Happy
EMP1049,2026-07-27,4,Happy
EMP1049,2026-07-29,4,Happy
EMP1049,2026-08-02,3,Okay
EMP1049,2026-08-04,4,Happy
EMP1049,2026-08-06,3,Okay
EMP1049,2026-08-08,3,Okay
EMP1049,2026-08-10,4,Happy
EMP1049,2026-08-12,4,Happy
EMP1049,2026-08-14,3,Okay
EMP1049,2026-08-16,5,Excited
EMP1049,2026-08-18,4,Happy
EMP1049,2026-08-20,3,Okay
EMP1049,2026-08-22,4,Happy
EMP1049,2026-08-24,3,Okay
EMP1049,2026-08-26,4,Happy
EMP1050,2026-04-28,4,Happy
EMP1050,2026-04-30,4,Happy
EMP1050,2026-05-04,3,Okay
EMP1050,2026-05-06,4,Happy
EMP1050,2026-05-08,5,Excited
EMP1050,2026-05-10,2,Sad
EMP1050,2026-05-12,4,Happy
EMP1050,2026-05-14,4,Happy
EMP1050,2026-05-16,3,Okay
EMP1050,2026-05-18,3,Okay
EMP1050,2026-05-20,5,Excited
EMP1050,2026-05-22,3,Okay
EMP1050,2026-05-24,5,Excited
EMP1050,2026-05-26,4,Happy
EMP1050,2026-05-28,4,Happy
EMP1050,2026-05-30,4,Happy
EMP1050,2026-06-01,4,Happy
EMP1050,2026-06-03,4,Happy
EMP1050,2026-06-05,4,Happy
EMP1050,2026-06-07,4,Happy
EMP1050,2026-06-09,4,Happy
EMP1050,2026-06-11,5,Excited
EMP1050,2026-06-15,3,Okay
EMP1050,2026-06-17,3,Okay
EMP1050,2026-06-19,4,Happy
EMP1050,2026-06-21,3,Okay
EMP1050,2026-06-23,3,Okay
EMP1050,2026-06-25,3,Okay
EMP1050,2026-06-27,3,Okay
EMP1050,2026-06-29,4,Happy
EMP1050,2026-07-01,4,Happy
EMP1050,2026-07-03,4,Happy
EMP1050,2026-07-05,5,Excited
EMP1050,2026-07-09,5,Excited
EMP1050,2026-07-11,4,Happy
EMP1050,2026-07-15,3,Okay
EMP1050,2026-07-17,2,Sad
EMP1050,2026-07-19,3,Okay
EMP1050,2026-07-21,4,Happy
EMP1050,2026-07-25,3,Okay
EMP1050,2026-07-27,5,Excited
EMP1050,2026-07-29,3,Okay
EMP1050,2026-08-02,2,Sad
EMP1050,2026-08-04,4,Happy
EMP1050,2026-08-06,3,Okay
EMP1050,2026-08-08,4,Happy
EMP1050,2026-08-10,4,Happy
EMP1050,2026-08-12,3,Okay
EMP1050,2026-08-14,4,Happy
EMP1050,2026-08-16,4,Happy
EMP1050,2026-08-18,4,Happy
EMP1050,2026-08-20,4,Happy
EMP1050,2026-08-22,4,Happy
EMP1050,2026-08-26,3,Okay
EMP1051,2026-04-28,2,Sad
EMP1051,2026-04-30,3,Okay
EMP1051,2026-05-02,3,Okay
EMP1051,2026-05-04,3,Okay
EMP1051,2026-05-06,2,Sad
EMP1051,2026-05-08,3,Okay
EMP1051,2026-05-10,3,Okay
EMP1051,2026-05-12,2,Sad
EMP1051,2026-05-14,2,Sad
EMP1051,2026-05-16,4,Happy
EMP1051,2026-05-18,3,Okay
EMP1051,2026-05-20,2,Sad
EMP1051,2026-05-22,2,Sad
EMP1051,2026-05-24,2,Sad
EMP1051,2026-05-26,3,Okay
EMP1051,2026-05-28,3,Okay
EMP1051,2026-05-30,2,Sad
EMP1051,2026-06-01,3,Okay
EMP1051,2026-06-03,2,Sad
EMP1051,2026-06-05,2,Sad
EMP1051,2026-06-07,3,Okay
EMP1051,2026-06-09,3,Okay
EMP1051,2026-06-13,2,Sad
EMP1051,2026-06-15,3,Okay
EMP1051,2026-06-17,3,Okay
EMP1051,2026-06-21,2,Sad
EMP1051,2026-06-23,2,Sad
EMP1051,2026-06-25,3,Okay
EMP1051,2026-06-27,3,Okay
EMP1051,2026-06-29,3,Okay
EMP1051,2026-07-01,3,Okay
EMP1051,2026-07-03,3,Okay
EMP1051,2026-07-07,3,Okay
EMP1051,2026-07-09,2,Sad
EMP1051,2026-07-11,3,Okay
EMP1051,2026-07-13,3,Okay
EMP1051,2026-07-17,3,Okay
EMP1051,2026-07-19,2,Sad
EMP1051,2026-07-21,2,Sad
EMP1051,2026-07-23,2,Sad
EMP1051,2026-07-27,3,Okay
EMP1051,2026-07-29,4,Happy
EMP1051,2026-08-02,3,Okay
EMP1051,2026-08-04,3,Okay
EMP1051,2026-08-06,3,Okay
EMP1051,2026-08-08,2,Sad
EMP1051,2026-08-10,2,Sad
EMP1051,2026-08-12,3,Okay
EMP1051,2026-08-14,2,Sad
EMP1051,2026-08-16,3,Okay
EMP1051,2026-08-18,3,Okay
EMP1051,2026-08-22,4,Happy
EMP1051,2026-08-24,2,Sad
EMP1052,2026-04-28,3,Okay
EMP1052,2026-04-30,3,Okay
EMP1052,2026-05-02,4,Happy
EMP1052,2026-05-04,4,Happy
EMP1052,2026-05-06,5,Excited
EMP1052,2026-05-08,4,Happy
EMP1052,2026-05-10,4,Happy
EMP1052,2026-05-18,3,Okay
EMP1052,2026-05-20,4,Happy
EMP1052,2026-05-22,4,Happy
EMP1052,2026-05-24,5,Excited
EMP1052,2026-05-26,4,Happy
EMP1052,2026-05-28,4,Happy
EMP1052,2026-05-30,4,Happy
EMP1052,2026-06-01,4,Happy
EMP1052,2026-06-03,4,Happy
EMP1052,2026-06-07,3,Okay
EMP1052,2026-06-09,4,Happy
EMP1052,2026-06-11,5,Excited
EMP1052,2026-06-13,4,Happy
EMP1052,2026-06-15,3,Okay
EMP1052,2026-06-17,3,Okay
EMP1052,2026-06-19,3,Okay
EMP1052,2026-06-23,4,Happy
EMP1052,2026-06-25,4,Happy
EMP1052,2026-06-27,5,Excited
EMP1052,2026-06-29,5,Excited
EMP1052,2026-07-01,3,Okay
EMP1052,2026-07-03,4,Happy
EMP1052,2026-07-05,4,Happy
EMP1052,2026-07-07,4,Happy
EMP1052,2026-07-09,4,Happy
EMP1052,2026-07-11,4,Happy
EMP1052,2026-07-13,5,Excited
EMP1052,2026-07-15,4,Happy
EMP1052,2026-07-17,4,Happy
EMP1052,2026-07-19,4,Happy
EMP1052,2026-07-21,4,Happy
EMP1052,2026-07-25,4,Happy
EMP1052,2026-07-27,5,Excited
EMP1052,2026-07-29,4,Happy
EMP1052,2026-07-31,4,Happy
EMP1052,2026-08-02,3,Okay
EMP1052,2026-08-04,3,Okay
EMP1052,2026-08-06,3,Okay
EMP1052,2026-08-08,4,Happy
EMP1052,2026-08-12,2,Sad
EMP1052,2026-08-14,4,Happy
EMP1052,2026-08-16,4,Happy
EMP1052,2026-08-18,4,Happy
EMP1052,2026-08-22,4,Happy
EMP1052,2026-08-24,3,Okay
EMP1052,2026-08-26,3,Okay
EMP1053,2026-04-28,1,Frustrated
EMP1053,2026-04-30,2,Sad
EMP1053,2026-05-02,3,Okay
EMP1053,2026-05-04,3,Okay
EMP1053,2026-05-06,2,Sad
EMP1053,2026-05-08,1,Frustrated
EMP1053,2026-05-10,2,Sad
EMP1053,2026-05-12,1,Frustrated
EMP1053,2026-05-14,2,Sad
EMP1053,2026-05-18,2,Sad
EMP1053,2026-05-20,2,Sad
EMP1053,2026-05-22,2,Sad
EMP1053,2026-05-24,2,Sad
EMP1053,2026-05-26,1,Frustrated
EMP1053,2026-05-28,1,Frustrated
EMP1053,2026-05-30,2,Sad
EMP1053,2026-06-01,3,Okay
EMP1053,2026-06-03,3,Okay
EMP1053,2026-06-05,2,Sad
EMP1053,2026-06-07,3,Okay
EMP1053,2026-06-09,2,Sad
EMP1053,2026-06-11,3,Okay
EMP1053,2026-06-13,2,Sad
EMP1053,2026-06-17,2,Sad
EMP1053,2026-06-19,1,Frustrated
EMP1053,2026-06-21,1,Frustrated
EMP1053,2026-06-23,1,Frustrated
EMP1053,2026-06-27,2,Sad
EMP1053,2026-07-01,1,Frustrated
EMP1053,2026-07-03,3,Okay
EMP1053,2026-07-05,1,Frustrated
EMP1053,2026-07-07,1,Frustrated
EMP1053,2026-07-09,3,Okay
EMP1053,2026-07-13,2,Sad
EMP1053,2026-07-15,1,Frustrated
EMP1053,2026-07-17,1,Frustrated
EMP1053,2026-07-21,2,Sad
EMP1053,2026-07-23,3,Okay
EMP1053,2026-07-25,1,Frustrated
EMP1053,2026-07-27,2,Sad
EMP1053,2026-07-29,1,Frustrated
EMP1053,2026-07-31,2,Sad
EMP1053,2026-08-02,1,Frustrated
EMP1053,2026-08-04,2,Sad
EMP1053,2026-08-08,1,Frustrated
EMP1053,2026-08-10,1,Frustrated
EMP1053,2026-08-12,1,Frustrated
EMP1053,2026-08-14,1,Frustrated
EMP1053,2026-08-16,2,Sad
EMP1053,2026-08-18,2,Sad
EMP1053,2026-08-20,2,Sad
EMP1053,2026-08-22,1,Frustrated
EMP1053,2026-08-24,1,Frustrated
EMP1053,2026-08-26,1,Frustrated
EMP1054,2026-04-28,5,Excited
EMP1054,2026-04-30,4,Happy
EMP1054,2026-05-02,4,Happy
EMP1054,2026-05-04,3,Okay
EMP1054,2026-05-06,2,Sad
EMP1054,2026-05-08,3,Okay
EMP1054,2026-05-10,3,Okay
EMP1054,2026-05-14,4,Happy
EMP1054,2026-05-16,3,Okay
EMP1054,2026-05-18,3,Okay
EMP1054,2026-05-20,5,Excited
EMP1054,2026-05-22,3,Okay
EMP1054,2026-05-24,3,Okay
EMP1054,2026-05-26,3,Okay
EMP1054,2026-05-28,3,Okay
EMP1054,2026-05-30,3,Okay
EMP1054,2026-06-03,5,Excited
EMP1054,2026-06-05,2,Sad
EMP1054,2026-06-07,4,Happy
EMP1054,2026-06-09,4,Happy
EMP1054,2026-06-11,4,Happy
EMP1054,2026-06-13,3,Okay
EMP1054,2026-06-15,3,Okay
EMP1054,2026-06-17,4,Happy
EMP1054,2026-06-19,3,Okay
EMP1054,2026-06-21,4,Happy
EMP1054,2026-06-23,4,Happy
EMP1054,2026-06-25,4,Happy
EMP1054,2026-06-27,3,Okay
EMP1054,2026-06-29,4,Happy
EMP1054,2026-07-03,4,Happy
EMP1054,2026-07-05,4,Happy
EMP1054,2026-07-07,3,Okay
EMP1054,2026-07-09,3,Okay
EMP1054,2026-07-11,3,Okay
EMP1054,2026-07-13,4,Happy
EMP1054,2026-07-15,3,Okay
EMP1054,2026-07-17,3,Okay
EMP1054,2026-07-19,4,Happy
EMP1054,2026-07-21,4,Happy
EMP1054,2026-07-23,2,Sad
EMP1054,2026-07-25,5,Excited
EMP1054,2026-07-27,4,Happy
EMP1054,2026-07-29,4,Happy
EMP1054,2026-07-31,4,Happy
EMP1054,2026-08-02,4,Happy
EMP1054,2026-08-04,3,Okay
EMP1054,2026-08-06,5,Excited
EMP1054,2026-08-08,3,Okay
EMP1054,2026-08-10,4,Happy
EMP1054,2026-08-12,4,Happy
EMP1054,2026-08-14,3,Okay
EMP1054,2026-08-16,4,Happy
EMP1054,2026-08-18,4,Happy
EMP1054,2026-08-20,5,Excited
EMP1054,2026-08-22,3,Okay
EMP1054,2026-08-24,4,Happy
EMP1054,2026-08-26,4,Happy
EMP1055,2026-04-28,3,Okay
EMP1055,2026-04-30,2,Sad
EMP1055,2026-05-02,3,Okay
EMP1055,2026-05-06,3,Okay
EMP1055,2026-05-08,3,Okay
EMP1055,2026-05-10,3,Okay
EMP1055,2026-05-12,3,Okay
EMP1055,2026-05-14,3,Okay
EMP1055,2026-05-16,2,Sad
EMP1055,2026-05-18,2,Sad
EMP1055,2026-05-20,2,Sad
EMP1055,2026-05-22,2,Sad
EMP1055,2026-05-24,2,Sad
EMP1055,2026-05-26,2,Sad
EMP1055,2026-05-28,3,Okay
EMP1055,2026-05-30,4,Happy
EMP1055,2026-06-01,2,Sad
EMP1055,2026-06-03,2,Sad
EMP1055,2026-06-05,2,Sad
EMP1055,2026-06-07,3,Okay
EMP1055,2026-06-09,2,Sad
EMP1055,2026-06-11,2,Sad
EMP1055,2026-06-13,2,Sad
EMP1055,2026-06-15,2,Sad
EMP1055,2026-06-17,2,Sad
EMP1055,2026-06-19,3,Okay
EMP1055,2026-06-21,2,Sad
EMP1055,2026-06-23,2,Sad
EMP1055,2026-06-25,2,Sad
EMP1055,2026-06-27,3,Okay
EMP1055,2026-06-29,2,Sad
EMP1055,2026-07-01,3,Okay
EMP1055,2026-07-03,1,Frustrated
EMP1055,2026-07-05,2,Sad
EMP1055,2026-07-07,2,Sad
EMP1055,2026-07-09,2,Sad
EMP1055,2026-07-11,2,Sad
EMP1055,2026-07-13,2,Sad
EMP1055,2026-07-15,1,Frustrated
EMP1055,2026-07-17,2,Sad
EMP1055,2026-07-19,1,Frustrated
EMP1055,2026-07-21,3,Okay
EMP1055,2026-07-25,1,Frustrated
EMP1055,2026-07-27,1,Frustrated
EMP1055,2026-07-29,3,Okay
EMP1055,2026-07-31,1,Frustrated
EMP1055,2026-08-02,2,Sad
EMP1055,2026-08-06,1,Frustrated
EMP1055,2026-08-08,2,Sad
EMP1055,2026-08-10,2,Sad
EMP1055,2026-08-12,2,Sad
EMP1055,2026-08-14,2,Sad
EMP1055,2026-08-16,1,Frustrated
EMP1055,2026-08-18,2,Sad
EMP1055,2026-08-20,1,Frustrated
EMP1055,2026-08-22,2,Sad
EMP1055,2026-08-24,3,Okay
EMP1055,2026-08-26,2,Sad
EMP1056,2026-04-28,4,Happy
EMP1056,2026-04-30,3,Okay
EMP1056,2026-05-02,3,Okay
EMP1056,2026-05-04,5,Excited
EMP1056,2026-05-06,3,Okay
EMP1056,2026-05-08,3,Okay
EMP1056,2026-05-10,4,Happy
EMP1056,2026-05-12,3,Okay
EMP1056,2026-05-16,2,Sad
EMP1056,2026-05-18,4,Happy
EMP1056,2026-05-20,4,Happy
EMP1056,2026-05-22,3,Okay
EMP1056,2026-05-26,4,Happy
EMP1056,2026-05-30,3,Okay
EMP1056,2026-06-01,2,Sad
EMP1056,2026-06-03,4,Happy
EMP1056,2026-06-05,5,Excited
EMP1056,2026-06-07,3,Okay
EMP1056,2026-06-09,2,Sad
EMP1056,2026-06-11,5,Excited
EMP1056,2026-06-13,3,Okay
EMP1056,2026-06-15,4,Happy
EMP1056,2026-06-17,4,Happy
EMP1056,2026-06-19,3,Okay
EMP1056,2026-06-21,3,Okay
EMP1056,2026-06-25,5,Excited
EMP1056,2026-06-27,2,Sad
EMP1056,2026-06-29,3,Okay
EMP1056,2026-07-01,5,Excited
EMP1056,2026-07-05,3,Okay
EMP1056,2026-07-07,4,Happy
EMP1056,2026-07-09,4,Happy
EMP1056,2026-07-11,4,Happy
EMP1056,2026-07-13,3,Okay
EMP1056,2026-07-15,3,Okay
EMP1056,2026-07-17,3,Okay
EMP1056,2026-07-19,4,Happy
EMP1056,2026-07-21,3,Okay
EMP1056,2026-07-23,3,Okay
EMP1056,2026-07-25,3,Okay
EMP1056,2026-07-27,5,Excited
EMP1056,2026-07-29,4,Happy
EMP1056,2026-07-31,4,Happy
EMP1056,2026-08-02,4,Happy
EMP1056,2026-08-04,4,Happy
EMP1056,2026-08-10,5,Excited
EMP1056,2026-08-12,5,Excited
EMP1056,2026-08-14,4,Happy
EMP1056,2026-08-16,3,Okay
EMP1056,2026-08-18,4,Happy
EMP1056,2026-08-20,4,Happy
EMP1056,2026-08-22,4,Happy
EMP1056,2026-08-24,3,Okay
EMP1056,2026-08-26,2,Sad
EMP1057,2026-04-28,4,Happy
EMP1057,2026-04-30,4,Happy
EMP1057,2026-05-02,4,Happy
EMP1057,2026-05-04,3,Okay
EMP1057,2026-05-06,4,Happy
EMP1057,2026-05-08,3,Okay
EMP1057,2026-05-10,4,Happy
EMP1057,2026-05-14,3,Okay
EMP1057,2026-05-16,3,Okay
EMP1057,2026-05-18,2,Sad
EMP1057,2026-05-22,2,Sad
EMP1057,2026-05-24,4,Happy
EMP1057,2026-05-26,4,Happy
EMP1057,2026-05-28,4,Happy
EMP1057,2026-05-30,4,Happy
EMP1057,2026-06-01,3,Okay
EMP1057,2026-06-03,4,Happy
EMP1057,2026-06-05,3,Okay
EMP1057,2026-06-07,4,Happy
EMP1057,2026-06-09,4,Happy
EMP1057,2026-06-11,3,Okay
EMP1057,2026-06-13,4,Happy
EMP1057,2026-06-15,4,Happy
EMP1057,2026-06-17,3,Okay
EMP1057,2026-06-19,4,Happy
EMP1057,2026-06-23,3,Okay
EMP1057,2026-06-25,3,Okay
EMP1057,2026-06-27,2,Sad
EMP1057,2026-06-29,4,Happy
EMP1057,2026-07-01,3,Okay
EMP1057,2026-07-03,2,Sad
EMP1057,2026-07-05,4,Happy
EMP1057,2026-07-07,4,Happy
EMP1057,2026-07-09,3,Okay
EMP1057,2026-07-11,3,Okay
EMP1057,2026-07-13,3,Okay
EMP1057,2026-07-15,4,Happy
EMP1057,2026-07-17,3,Okay
EMP1057,2026-07-19,3,Okay
EMP1057,2026-07-21,5,Excited
EMP1057,2026-07-23,4,Happy
EMP1057,2026-07-25,4,Happy
EMP1057,2026-07-27,3,Okay
EMP1057,2026-07-29,3,Okay
EMP1057,2026-07-31,4,Happy
EMP1057,2026-08-02,4,Happy
EMP1057,2026-08-04,3,Okay
EMP1057,2026-08-06,4,Happy
EMP1057,2026-08-08,4,Happy
EMP1057,2026-08-14,3,Okay
EMP1057,2026-08-16,2,Sad
EMP1057,2026-08-20,4,Happy
EMP1057,2026-08-22,4,Happy
EMP1057,2026-08-24,3,Okay
EMP1057,2026-08-26,3,Okay
EMP1058,2026-04-28,5,Excited
EMP1058,2026-05-02,4,Happy
EMP1058,2026-05-04,5,Excited
EMP1058,2026-05-08,5,Excited
EMP1058,2026-05-12,4,Happy
EMP1058,2026-05-14,4,Happy
EMP1058,2026-05-16,5,Excited
EMP1058,2026-05-18,4,Happy
EMP1058,2026-05-20,4,Happy
EMP1058,2026-05-22,4,Happy
EMP1058,2026-05-24,5,Excited
EMP1058,2026-05-26,5,Excited
EMP1058,2026-05-28,5,Excited
EMP1058,2026-05-30,4,Happy
EMP1058,2026-06-01,4,Happy
EMP1058,2026-06-03,5,Excited
EMP1058,2026-06-07,4,Happy
EMP1058,2026-06-09,4,Happy
EMP1058,2026-06-11,5,Excited
EMP1058,2026-06-13,5,Excited
EMP1058,2026-06-15,5,Excited
EMP1058,2026-06-17,5,Excited
EMP1058,2026-06-21,4,Happy
EMP1058,2026-06-23,4,Happy
EMP1058,2026-06-25,5,Excited
EMP1058,2026-06-27,5,Excited
EMP1058,2026-06-29,5,Excited
EMP1058,2026-07-01,5,Excited
EMP1058,2026-07-03,5,Excited
EMP1058,2026-07-07,5,Excited
EMP1058,2026-07-11,5,Excited
EMP1058,2026-07-13,5,Excited
EMP1058,2026-07-17,4,Happy
EMP1058,2026-07-19,4,Happy
EMP1058,2026-07-23,5,Excited
EMP1058,2026-07-25,4,Happy
EMP1058,2026-07-27,5,Excited
EMP1058,2026-07-29,5,Excited
EMP1058,2026-07-31,4,Happy
EMP1058,2026-08-02,4,Happy
EMP1058,2026-08-04,5,Excited
EMP1058,2026-08-06,5,Excited
EMP1058,2026-08-08,5,Excited
EMP1058,2026-08-12,5,Excited
EMP1058,2026-08-14,4,Happy
EMP1058,2026-08-20,4,Happy
EMP1058,2026-08-22,4,Happy
EMP1058,2026-08-26,5,Excited
EMP1059,2026-04-28,3,Okay
EMP1059,2026-04-30,2,Sad
EMP1059,2026-05-02,1,Frustrated
EMP1059,2026-05-04,3,Okay
EMP1059,2026-05-06,2,Sad
EMP1059,2026-05-08,2,Sad
EMP1059,2026-05-10,1,Frustrated
EMP1059,2026-05-12,2,Sad
EMP1059,2026-05-14,2,Sad
EMP1059,2026-05-16,2,Sad
EMP1059,2026-05-18,1,Frustrated
EMP1059,2026-05-22,2,Sad
EMP1059,2026-05-24,1,Frustrated
EMP1059,2026-05-26,2,Sad
EMP1059,2026-05-28,1,Frustrated
EMP1059,2026-05-30,3,Okay
EMP1059,2026-06-01,1,Frustrated
EMP1059,2026-06-03,2,Sad
EMP1059,2026-06-05,1,Frustrated
EMP1059,2026-06-07,2,Sad
EMP1059,2026-06-09,2,Sad
EMP1059,2026-06-11,1,Frustrated
EMP1059,2026-06-13,2,Sad
EMP1059,2026-06-15,1,Frustrated
EMP1059,2026-06-17,3,Okay
EMP1059,2026-06-19,2,Sad
EMP1059,2026-06-21,3,Okay
EMP1059,2026-06-23,1,Frustrated
EMP1059,2026-06-25,1,Frustrated
EMP1059,2026-06-27,3,Okay
EMP1059,2026-06-29,2,Sad
EMP1059,2026-07-03,2,Sad
EMP1059,2026-07-05,1,Frustrated
EMP1059,2026-07-07,2,Sad
EMP1059,2026-07-09,2,Sad
EMP1059,2026-07-11,2,Sad
EMP1059,2026-07-13,1,Frustrated
EMP1059,2026-07-15,2,Sad
EMP1059,2026-07-17,1,Frustrated
EMP1059,2026-07-21,2,Sad
EMP1059,2026-07-23,2,Sad
EMP1059,2026-07-25,2,Sad
EMP1059,2026-07-27,2,Sad
EMP1059,2026-07-29,1,Frustrated
EMP1059,2026-07-31,2,Sad
EMP1059,2026-08-04,2,Sad
EMP1059,2026-08-08,1,Frustrated
EMP1059,2026-08-10,1,Frustrated
EMP1059,2026-08-12,2,Sad
EMP1059,2026-08-14,2,Sad
EMP1059,2026-08-16,1,Frustrated
EMP1059,2026-08-18,1,Frustrated
EMP1059,2026-08-20,2,Sad
EMP1059,2026-08-22,1,Frustrated
EMP1059,2026-08-24,3,Okay
EMP1059,2026-08-26,1,Frustrated
EMP1060,2026-04-28,1,Frustrated
EMP1060,2026-04-30,3,Okay
EMP1060,2026-05-02,3,Okay
EMP1060,2026-05-04,1,Frustrated
EMP1060,2026-05-06,3,Okay
EMP1060,2026-05-08,2,Sad
EMP1060,2026-05-10,3,Okay
EMP1060,2026-05-12,2,Sad
EMP1060,2026-05-14,1,Frustrated
EMP1060,2026-05-16,2,Sad
EMP1060,2026-05-18,2,Sad
EMP1060,2026-05-20,3,Okay
EMP1060,2026-05-22,3,Okay
EMP1060,2026-05-24,2,Sad
EMP1060,2026-05-26,2,Sad
EMP1060,2026-05-28,1,Frustrated
EMP1060,2026-05-30,2,Sad
EMP1060,2026-06-01,1,Frustrated
EMP1060,2026-06-03,2,Sad
EMP1060,2026-06-05,1,Frustrated
EMP1060,2026-06-07,2,Sad
EMP1060,2026-06-09,2,Sad
EMP1060,2026-06-13,2,Sad
EMP1060,2026-06-15,1,Frustrated
EMP1060,2026-06-17,2,Sad
EMP1060,2026-06-19,1,Frustrated
EMP1060,2026-06-21,1,Frustrated
EMP1060,2026-06-23,1,Frustrated
EMP1060,2026-06-25,2,Sad
EMP1060,2026-06-27,2,Sad
EMP1060,2026-06-29,1,Frustrated
EMP1060,2026-07-01,1,Frustrated
EMP1060,2026-07-03,2,Sad
EMP1060,2026-07-05,2,Sad
EMP1060,2026-07-07,2,Sad
EMP1060,2026-07-09,1,Frustrated
EMP1060,2026-07-11,1,Frustrated
EMP1060,2026-07-13,1,Frustrated
EMP1060,2026-07-15,2,Sad
EMP1060,2026-07-17,1,Frustrated
EMP1060,2026-07-19,1,Frustrated
EMP1060,2026-07-21,2,Sad
EMP1060,2026-07-23,1,Frustrated
EMP1060,2026-07-25,2,Sad
EMP1060,2026-07-27,1,Frustrated
EMP1060,2026-08-02,2,Sad
EMP1060,2026-08-04,2,Sad
EMP1060,2026-08-06,1,Frustrated
EMP1060,2026-08-08,1,Frustrated
EMP1060,2026-08-10,2,Sad
EMP1060,2026-08-12,2,Sad
EMP1060,2026-08-14,2,Sad
EMP1060,2026-08-16,3,Okay
EMP1060,2026-08-20,1,Frustrated
EMP1060,2026-08-22,2,Sad
EMP1060,2026-08-24,1,Frustrated
EMP1060,2026-08-26,1,Frustrated
EMP1061,2026-04-30,3,Okay
EMP1061,2026-05-02,2,Sad
EMP1061,2026-05-06,2,Sad
EMP1061,2026-05-08,3,Okay
EMP1061,2026-05-10,2,Sad
EMP1061,2026-05-12,3,Okay
EMP1061,2026-05-14,2,Sad
EMP1061,2026-05-16,2,Sad
EMP1061,2026-05-18,3,Okay
EMP1061,2026-05-20,2,Sad
EMP1061,2026-05-22,3,Okay
EMP1061,2026-05-24,2,Sad
EMP1061,2026-05-26,1,Frustrated
EMP1061,2026-05-28,3,Okay
EMP1061,2026-05-30,3,Okay
EMP1061,2026-06-01,2,Sad
EMP1061,2026-06-03,3,Okay
EMP1061,2026-06-05,2,Sad
EMP1061,2026-06-07,2,Sad
EMP1061,2026-06-09,3,Okay
EMP1061,2026-06-11,2,Sad
EMP1061,2026-06-13,4,Happy
EMP1061,2026-06-15,2,Sad
EMP1061,2026-06-17,3,Okay
EMP1061,2026-06-19,3,Okay
EMP1061,2026-06-21,1,Frustrated
EMP1061,2026-06-23,2,Sad
EMP1061,2026-06-25,3,Okay
EMP1061,2026-06-29,3,Okay
EMP1061,2026-07-01,3,Okay
EMP1061,2026-07-03,2,Sad
EMP1061,2026-07-05,2,Sad
EMP1061,2026-07-07,1,Frustrated
EMP1061,2026-07-09,3,Okay
EMP1061,2026-07-11,2,Sad
EMP1061,2026-07-13,3,Okay
EMP1061,2026-07-15,3,Okay
EMP1061,2026-07-17,2,Sad
EMP1061,2026-07-19,4,Happy
EMP1061,2026-07-21,3,Okay
EMP1061,2026-07-23,3,Okay
EMP1061,2026-07-27,2,Sad
EMP1061,2026-07-29,2,Sad
EMP1061,2026-07-31,2,Sad
EMP1061,2026-08-02,2,Sad
EMP1061,2026-08-04,3,Okay
EMP1061,2026-08-06,3,Okay
EMP1061,2026-08-08,3,Okay
EMP1061,2026-08-10,2,Sad
EMP1061,2026-08-14,3,Okay
EMP1061,2026-08-16,1,Frustrated
EMP1061,2026-08-22,3,Okay
EMP1061,2026-08-24,2,Sad
EMP1061,2026-08-26,2,Sad
EMP1062,2026-04-28,3,Okay
EMP1062,2026-04-30,4,Happy
EMP1062,2026-05-02,3,Okay
EMP1062,2026-05-04,3,Okay
EMP1062,2026-05-06,3,Okay
EMP1062,2026-05-08,4,Happy
EMP1062,2026-05-10,3,Okay
EMP1062,2026-05-12,2,Sad
EMP1062,2026-05-14,4,Happy
EMP1062,2026-05-16,3,Okay
EMP1062,2026-05-18,4,Happy
EMP1062,2026-05-20,4,Happy
EMP1062,2026-05-22,4,Happy
EMP1062,2026-05-24,4,Happy
EMP1062,2026-05-26,3,Okay
EMP1062,2026-05-28,3,Okay
EMP1062,2026-05-30,3,Okay
EMP1062,2026-06-01,5,Excited
EMP1062,2026-06-03,4,Happy
EMP1062,2026-06-05,5,Excited
EMP1062,2026-06-07,3,Okay
EMP1062,2026-06-09,2,Sad
EMP1062,2026-06-13,4,Happy
EMP1062,2026-06-15,4,Happy
EMP1062,2026-06-17,4,Happy
EMP1062,2026-06-19,4,Happy
EMP1062,2026-06-21,4,Happy
EMP1062,2026-06-23,2,Sad
EMP1062,2026-06-25,4,Happy
EMP1062,2026-06-27,3,Okay
EMP1062,2026-06-29,3,Okay
EMP1062,2026-07-05,3,Okay
EMP1062,2026-07-07,2,Sad
EMP1062,2026-07-09,4,Happy
EMP1062,2026-07-11,4,Happy
EMP1062,2026-07-13,4,Happy
EMP1062,2026-07-17,3,Okay
EMP1062,2026-07-19,3,Okay
EMP1062,2026-07-21,4,Happy
EMP1062,2026-07-23,4,Happy
EMP1062,2026-07-25,4,Happy
EMP1062,2026-07-27,3,Okay
EMP1062,2026-07-29,4,Happy
EMP1062,2026-07-31,4,Happy
EMP1062,2026-08-04,3,Okay
EMP1062,2026-08-06,5,Excited
EMP1062,2026-08-10,4,Happy
EMP1062,2026-08-14,4,Happy
EMP1062,2026-08-16,2,Sad
EMP1062,2026-08-18,4,Happy
EMP1062,2026-08-20,4,Happy
EMP1062,2026-08-22,5,Excited
EMP1062,2026-08-24,4,Happy
EMP1062,2026-08-26,4,Happy
EMP1063,2026-04-28,2,Sad
EMP1063,2026-05-02,2,Sad
EMP1063,2026-05-04,2,Sad
EMP1063,2026-05-06,1,Frustrated
EMP1063,2026-05-08,2,Sad
EMP1063,2026-05-10,1,Frustrated
EMP1063,2026-05-14,1,Frustrated
EMP1063,2026-05-16,1,Frustrated
EMP1063,2026-05-18,1,Frustrated
EMP1063,2026-05-20,3,Okay
EMP1063,2026-05-22,2,Sad
EMP1063,2026-05-24,2,Sad
EMP1063,2026-05-26,2,Sad
EMP1063,2026-05-28,3,Okay
EMP1063,2026-05-30,1,Frustrated
EMP1063,2026-06-01,3,Okay
EMP1063,2026-06-03,2,Sad
EMP1063,2026-06-05,2,Sad
EMP1063,2026-06-07,2,Sad
EMP1063,2026-06-11,1,Frustrated
EMP1063,2026-06-13,2,Sad
EMP1063,2026-06-15,2,Sad
EMP1063,2026-06-17,1,Frustrated
EMP1063,2026-06-19,2,Sad
EMP1063,2026-06-21,2,Sad
EMP1063,2026-06-23,2,Sad
EMP1063,2026-06-25,2,Sad
EMP1063,2026-06-27,2,Sad
EMP1063,2026-06-29,1,Frustrated
EMP1063,2026-07-01,1,Frustrated
EMP1063,2026-07-03,2,Sad
EMP1063,2026-07-05,1,Frustrated
EMP1063,2026-07-07,1,Frustrated
EMP1063,2026-07-11,1,Frustrated
EMP1063,2026-07-13,1,Frustrated
EMP1063,2026-07-15,2,Sad
EMP1063,2026-07-17,3,Okay
EMP1063,2026-07-19,1,Frustrated
EMP1063,2026-07-21,2,Sad
EMP1063,2026-07-25,1,Frustrated
EMP1063,2026-07-27,1,Frustrated
EMP1063,2026-07-29,1,Frustrated
EMP1063,2026-07-31,2,Sad
EMP1063,2026-08-02,1,Frustrated
EMP1063,2026-08-04,2,Sad
EMP1063,2026-08-06,1,Frustrated
EMP1063,2026-08-08,1,Frustrated
EMP1063,2026-08-10,2,Sad
EMP1063,2026-08-12,2,Sad
EMP1063,2026-08-14,1,Frustrated
EMP1063,2026-08-16,1,Frustrated
EMP1063,2026-08-18,1,Frustrated
EMP1063,2026-08-22,3,Okay
EMP1063,2026-08-24,1,Frustrated
EMP1063,2026-08-26,1,Frustrated
EMP1064,2026-04-28,3,Okay
EMP1064,2026-05-02,3,Okay
EMP1064,2026-05-04,4,Happy
EMP1064,2026-05-06,3,Okay
EMP1064,2026-05-10,3,Okay
EMP1064,2026-05-12,3,Okay
EMP1064,2026-05-14,5,Excited
EMP1064,2026-05-16,3,Okay
EMP1064,2026-05-18,2,Sad
EMP1064,2026-05-20,4,Happy
EMP1064,2026-05-22,3,Okay
EMP1064,2026-05-24,3,Okay
EMP1064,2026-05-26,4,Happy
EMP1064,2026-05-28,3,Okay
EMP1064,2026-05-30,4,Happy
EMP1064,2026-06-01,3,Okay
EMP1064,2026-06-03,5,Excited
EMP1064,2026-06-05,5,Excited
EMP1064,2026-06-07,3,Okay
EMP1064,2026-06-09,3,Okay
EMP1064,2026-06-11,3,Okay
EMP1064,2026-06-13,4,Happy
EMP1064,2026-06-15,4,Happy
EMP1064,2026-06-17,3,Okay
EMP1064,2026-06-19,4,Happy
EMP1064,2026-06-21,3,Okay
EMP1064,2026-06-23,3,Okay
EMP1064,2026-06-25,2,Sad
EMP1064,2026-06-27,5,Excited
EMP1064,2026-06-29,4,Happy
EMP1064,2026-07-01,4,Happy
EMP1064,2026-07-03,3,Okay
EMP1064,2026-07-07,2,Sad
EMP1064,2026-07-09,4,Happy
EMP1064,2026-07-11,5,Excited
EMP1064,2026-07-13,3,Okay
EMP1064,2026-07-15,4,Happy
EMP1064,2026-07-17,4,Happy
EMP1064,2026-07-19,3,Okay
EMP1064,2026-07-21,4,Happy
EMP1064,2026-07-23,4,Happy
EMP1064,2026-07-25,4,Happy
EMP1064,2026-07-27,4,Happy
EMP1064,2026-07-29,3,Okay
EMP1064,2026-08-02,4,Happy
EMP1064,2026-08-04,5,Excited
EMP1064,2026-08-06,4,Happy
EMP1064,2026-08-08,3,Okay
EMP1064,2026-08-12,4,Happy
EMP1064,2026-08-14,4,Happy
EMP1064,2026-08-16,3,Okay
EMP1064,2026-08-18,2,Sad
EMP1064,2026-08-20,3,Okay
EMP1064,2026-08-22,4,Happy
EMP1064,2026-08-24,3,Okay
EMP1064,2026-08-26,3,Okay
EMP1065,2026-04-28,4,Happy
EMP1065,2026-04-30,4,Happy
EMP1065,2026-05-02,4,Happy
EMP1065,2026-05-04,4,Happy
EMP1065,2026-05-06,3,Okay
EMP1065,2026-05-08,5,Excited
EMP1065,2026-05-10,4,Happy
EMP1065,2026-05-12,4,Happy
EMP1065,2026-05-14,3,Okay
EMP1065,2026-05-16,3,Okay
EMP1065,2026-05-18,4,Happy
EMP1065,2026-05-22,4,Happy
EMP1065,2026-05-24,4,Happy
EMP1065,2026-05-26,4,Happy
EMP1065,2026-05-28,4,Happy
EMP1065,2026-05-30,4,Happy
EMP1065,2026-06-01,3,Okay
EMP1065,2026-06-03,3,Okay
EMP1065,2026-06-07,3,Okay
EMP1065,2026-06-09,3,Okay
EMP1065,2026-06-11,4,Happy
EMP1065,2026-06-13,3,Okay
EMP1065,2026-06-15,3,Okay
EMP1065,2026-06-19,4,Happy
EMP1065,2026-06-21,4,Happy
EMP1065,2026-06-23,5,Excited
EMP1065,2026-06-27,4,Happy
EMP1065,2026-06-29,3,Okay
EMP1065,2026-07-01,4,Happy
EMP1065,2026-07-03,3,Okay
EMP1065,2026-07-05,4,Happy
EMP1065,2026-07-07,4,Happy
EMP1065,2026-07-09,4,Happy
EMP1065,2026-07-13,4,Happy
EMP1065,2026-07-21,3,Okay
EMP1065,2026-07-23,4,Happy
EMP1065,2026-07-25,4,Happy
EMP1065,2026-07-27,3,Okay
EMP1065,2026-07-29,4,Happy
EMP1065,2026-07-31,3,Okay
EMP1065,2026-08-02,4,Happy
EMP1065,2026-08-06,4,Happy
EMP1065,2026-08-08,3,Okay
EMP1065,2026-08-10,3,Okay
EMP1065,2026-08-12,4,Happy
EMP1065,2026-08-14,4,Happy
EMP1065,2026-08-16,2,Sad
EMP1065,2026-08-18,3,Okay
EMP1065,2026-08-20,3,Okay
EMP1065,2026-08-22,4,Happy
EMP1065,2026-08-24,4,Happy
EMP1065,2026-08-26,4,Happy
EMP1066,2026-04-28,5,Excited
EMP1066,2026-04-30,4,Happy
EMP1066,2026-05-02,4,Happy
EMP1066,2026-05-04,3,Okay
EMP1066,2026-05-06,3,Okay
EMP1066,2026-05-08,3,Okay
EMP1066,2026-05-10,4,Happy
EMP1066,2026-05-14,4,Happy
EMP1066,2026-05-16,3,Okay
EMP1066,2026-05-18,4,Happy
EMP1066,2026-05-22,4,Happy
EMP1066,2026-05-24,4,Happy
EMP1066,2026-05-26,3,Okay
EMP1066,2026-05-28,3,Okay
EMP1066,2026-05-30,4,Happy
EMP1066,2026-06-01,4,Happy
EMP1066,2026-06-03,3,Okay
EMP1066,2026-06-05,3,Okay
EMP1066,2026-06-07,5,Excited
EMP1066,2026-06-09,3,Okay
EMP1066,2026-06-11,3,Okay
EMP1066,2026-06-13,4,Happy
EMP1066,2026-06-15,3,Okay
EMP1066,2026-06-17,4,Happy
EMP1066,2026-06-19,5,Excited
EMP1066,2026-06-21,4,Happy
EMP1066,2026-06-23,4,Happy
EMP1066,2026-06-27,4,Happy
EMP1066,2026-06-29,4,Happy
EMP1066,2026-07-03,3,Okay
EMP1066,2026-07-05,4,Happy
EMP1066,2026-07-09,4,Happy
EMP1066,2026-07-11,4,Happy
EMP1066,2026-07-13,2,Sad
EMP1066,2026-07-15,4,Happy
EMP1066,2026-07-17,5,Excited
EMP1066,2026-07-21,3,Okay
EMP1066,2026-07-25,4,Happy
EMP1066,2026-07-27,3,Okay
EMP1066,2026-07-29,4,Happy
EMP1066,2026-07-31,3,Okay
EMP1066,2026-08-02,4,Happy
EMP1066,2026-08-04,5,Excited
EMP1066,2026-08-06,2,Sad
EMP1066,2026-08-08,4,Happy
EMP1066,2026-08-10,3,Okay
EMP1066,2026-08-12,3,Okay
EMP1066,2026-08-16,3,Okay
EMP1066,2026-08-18,4,Happy
EMP1066,2026-08-22,4,Happy
EMP1066,2026-08-24,5,Excited
EMP1066,2026-08-26,4,Happy
EMP1067,2026-04-30,4,Happy
EMP1067,2026-05-02,3,Okay
EMP1067,2026-05-04,4,Happy
EMP1067,2026-05-06,4,Happy
EMP1067,2026-05-08,4,Happy
EMP1067,2026-05-10,5,Excited
EMP1067,2026-05-12,4,Happy
EMP1067,2026-05-14,4,Happy
EMP1067,2026-05-16,5,Excited
EMP1067,2026-05-20,3,Okay
EMP1067,2026-05-22,3,Okay
EMP1067,2026-05-24,3,Okay
EMP1067,2026-05-26,4,Happy
EMP1067,2026-05-28,3,Okay
EMP1067,2026-05-30,5,Excited
EMP1067,2026-06-01,5,Excited
EMP1067,2026-06-03,4,Happy
EMP1067,2026-06-05,3,Okay
EMP1067,2026-06-07,4,Happy
EMP1067,2026-06-09,4,Happy
EMP1067,2026-06-11,3,Okay
EMP1067,2026-06-13,4,Happy
EMP1067,2026-06-15,4,Happy
EMP1067,2026-06-17,4,Happy
EMP1067,2026-06-19,5,Excited
EMP1067,2026-06-21,4,Happy
EMP1067,2026-06-23,3,Okay
EMP1067,2026-06-29,4,Happy
EMP1067,2026-07-01,3,Okay
EMP1067,2026-07-03,4,Happy
EMP1067,2026-07-05,4,Happy
EMP1067,2026-07-07,4,Happy
EMP1067,2026-07-09,3,Okay
EMP1067,2026-07-11,3,Okay
EMP1067,2026-07-13,5,Excited
EMP1067,2026-07-15,3,Okay
EMP1067,2026-07-17,5,Excited
EMP1067,2026-07-19,4,Happy
EMP1067,2026-07-21,4,Happy
EMP1067,2026-07-23,5,Excited
EMP1067,2026-07-25,4,Happy
EMP1067,2026-07-27,5,Excited
EMP1067,2026-07-29,3,Okay
EMP1067,2026-07-31,4,Happy
EMP1067,2026-08-02,3,Okay
EMP1067,2026-08-04,4,Happy
EMP1067,2026-08-06,4,Happy
EMP1067,2026-08-08,4,Happy
EMP1067,2026-08-10,5,Excited
EMP1067,2026-08-12,2,Sad
EMP1067,2026-08-14,4,Happy
EMP1067,2026-08-16,3,Okay
EMP1067,2026-08-20,3,Okay
EMP1067,2026-08-24,3,Okay
EMP1067,2026-08-26,4,Happy
EMP1068,2026-04-30,2,Sad
EMP1068,2026-05-02,2,Sad
EMP1068,2026-05-04,2,Sad
EMP1068,2026-05-06,3,Okay
EMP1068,2026-05-08,3,Okay
EMP1068,2026-05-10,2,Sad
EMP1068,2026-05-14,1,Frustrated
EMP1068,2026-05-16,1,Frustrated
EMP1068,2026-05-18,2,Sad
EMP1068,2026-05-20,2,Sad
EMP1068,2026-05-22,2,Sad
EMP1068,2026-05-24,2,Sad
EMP1068,2026-05-26,2,Sad
EMP1068,2026-05-28,3,Okay
EMP1068,2026-05-30,2,Sad
EMP1068,2026-06-01,1,Frustrated
EMP1068,2026-06-03,1,Frustrated
EMP1068,2026-06-05,3,Okay
EMP1068,2026-06-07,1,Frustrated
EMP1068,2026-06-09,2,Sad
EMP1068,2026-06-13,2,Sad
EMP1068,2026-06-17,2,Sad
EMP1068,2026-06-19,3,Okay
EMP1068,2026-06-21,3,Okay
EMP1068,2026-06-23,2,Sad
EMP1068,2026-06-25,3,Okay
EMP1068,2026-06-27,2,Sad
EMP1068,2026-06-29,3,Okay
EMP1068,2026-07-03,2,Sad
EMP1068,2026-07-05,1,Frustrated
EMP1068,2026-07-07,2,Sad
EMP1068,2026-07-09,3,Okay
EMP1068,2026-07-11,2,Sad
EMP1068,2026-07-13,2,Sad
EMP1068,2026-07-15,3,Okay
EMP1068,2026-07-17,1,Frustrated
EMP1068,2026-07-19,2,Sad
EMP1068,2026-07-21,2,Sad
EMP1068,2026-07-23,2,Sad
EMP1068,2026-07-25,2,Sad
EMP1068,2026-07-27,3,Okay
EMP1068,2026-07-29,1,Frustrated
EMP1068,2026-07-31,1,Frustrated
EMP1068,2026-08-02,1,Frustrated
EMP1068,2026-08-04,2,Sad
EMP1068,2026-08-06,1,Frustrated
EMP1068,2026-08-08,2,Sad
EMP1068,2026-08-10,1,Frustrated
EMP1068,2026-08-14,2,Sad
EMP1068,2026-08-16,2,Sad
EMP1068,2026-08-18,2,Sad
EMP1068,2026-08-20,2,Sad
EMP1068,2026-08-22,1,Frustrated
EMP1068,2026-08-24,1,Frustrated
EMP1068,2026-08-26,2,Sad
EMP1069,2026-04-28,5,Excited
EMP1069,2026-04-30,5,Excited
EMP1069,2026-05-02,4,Happy
EMP1069,2026-05-04,4,Happy
EMP1069,2026-05-06,4,Happy
EMP1069,2026-05-10,5,Excited
EMP1069,2026-05-12,5,Excited
EMP1069,2026-05-14,5,Excited
EMP1069,2026-05-16,5,Excited
EMP1069,2026-05-18,5,Excited
EMP1069,2026-05-20,4,Happy
EMP1069,2026-05-24,5,Excited
EMP1069,2026-05-26,4,Happy
EMP1069,2026-05-28,4,Happy
EMP1069,2026-05-30,5,Excited
EMP1069,2026-06-01,4,Happy
EMP1069,2026-06-07,4,Happy
EMP1069,2026-06-09,5,Excited
EMP1069,2026-06-11,4,Happy
EMP1069,2026-06-15,3,Okay
EMP1069,2026-06-21,4,Happy
EMP1069,2026-06-23,5,Excited
EMP1069,2026-06-25,5,Excited
EMP1069,2026-06-27,4,Happy
EMP1069,2026-06-29,5,Excited
EMP1069,2026-07-01,5,Excited
EMP1069,2026-07-03,4,Happy
EMP1069,2026-07-05,5,Excited
EMP1069,2026-07-07,4,Happy
EMP1069,2026-07-09,4,Happy
EMP1069,2026-07-11,4,Happy
EMP1069,2026-07-13,4,Happy
EMP1069,2026-07-15,5,Excited
EMP1069,2026-07-17,4,Happy
EMP1069,2026-07-19,4,Happy
EMP1069,2026-07-21,4,Happy
EMP1069,2026-07-23,5,Excited
EMP1069,2026-07-25,4,Happy
EMP1069,2026-07-27,5,Excited
EMP1069,2026-07-29,4,Happy
EMP1069,2026-07-31,4,Happy
EMP1069,2026-08-02,4,Happy
EMP1069,2026-08-04,5,Excited
EMP1069,2026-08-06,4,Happy
EMP1069,2026-08-08,5,Excited
EMP1069,2026-08-10,5,Excited
EMP1069,2026-08-12,4,Happy
EMP1069,2026-08-16,5,Excited
EMP1069,2026-08-18,4,Happy
EMP1069,2026-08-20,4,Happy
EMP1069,2026-08-22,4,Happy
EMP1069,2026-08-24,5,Excited
EMP1069,2026-08-26,5,Excited
EMP1070,2026-04-28,3,Okay
EMP1070,2026-04-30,4,Happy
EMP1070,2026-05-02,4,Happy
EMP1070,2026-05-04,4,Happy
EMP1070,2026-05-06,3,Okay
EMP1070,2026-05-08,4,Happy
EMP1070,2026-05-10,4,Happy
EMP1070,2026-05-12,4,Happy
EMP1070,2026-05-14,3,Okay
EMP1070,2026-05-16,3,Okay
EMP1070,2026-05-18,3,Okay
EMP1070,2026-05-20,2,Sad
EMP1070,2026-05-22,4,Happy
EMP1070,2026-05-24,3,Okay
EMP1070,2026-05-26,4,Happy
EMP1070,2026-05-28,3,Okay
EMP1070,2026-06-01,3,Okay
EMP1070,2026-06-03,3,Okay
EMP1070,2026-06-05,4,Happy
EMP1070,2026-06-07,3,Okay
EMP1070,2026-06-09,4,Happy
EMP1070,2026-06-11,3,Okay
EMP1070,2026-06-13,4,Happy
EMP1070,2026-06-15,2,Sad
EMP1070,2026-06-19,3,Okay
EMP1070,2026-06-21,4,Happy
EMP1070,2026-06-23,4,Happy
EMP1070,2026-06-25,3,Okay
EMP1070,2026-06-27,4,Happy
EMP1070,2026-06-29,4,Happy
EMP1070,2026-07-01,4,Happy
EMP1070,2026-07-03,4,Happy
EMP1070,2026-07-05,4,Happy
EMP1070,2026-07-07,3,Okay
EMP1070,2026-07-09,4,Happy
EMP1070,2026-07-11,3,Okay
EMP1070,2026-07-15,4,Happy
EMP1070,2026-07-19,3,Okay
EMP1070,2026-07-21,3,Okay
EMP1070,2026-07-23,4,Happy
EMP1070,2026-07-25,3,Okay
EMP1070,2026-07-27,4,Happy
EMP1070,2026-07-29,3,Okay
EMP1070,2026-07-31,3,Okay
EMP1070,2026-08-04,3,Okay
EMP1070,2026-08-06,3,Okay
EMP1070,2026-08-08,5,Excited
EMP1070,2026-08-10,5,Excited
EMP1070,2026-08-12,4,Happy
EMP1070,2026-08-14,4,Happy
EMP1070,2026-08-16,3,Okay
EMP1070,2026-08-18,4,Happy
EMP1070,2026-08-20,4,Happy
EMP1070,2026-08-22,4,Happy
EMP1070,2026-08-24,3,Okay
EMP1070,2026-08-26,4,Happy
EMP1071,2026-04-28,3,Okay
EMP1071,2026-04-30,4,Happy
EMP1071,2026-05-02,5,Excited
EMP1071,2026-05-04,4,Happy
EMP1071,2026-05-06,2,Sad
EMP1071,2026-05-08,3,Okay
EMP1071,2026-05-10,2,Sad
EMP1071,2026-05-12,3,Okay
EMP1071,2026-05-14,4,Happy
EMP1071,2026-05-16,4,Happy
EMP1071,2026-05-18,3,Okay
EMP1071,2026-05-22,3,Okay
EMP1071,2026-05-26,3,Okay
EMP1071,2026-05-28,3,Okay
EMP1071,2026-05-30,5,Excited
EMP1071,2026-06-01,3,Okay
EMP1071,2026-06-05,4,Happy
EMP1071,2026-06-07,3,Okay
EMP1071,2026-06-09,4,Happy
EMP1071,2026-06-11,3,Okay
EMP1071,2026-06-13,4,Happy
EMP1071,2026-06-15,4,Happy
EMP1071,2026-06-17,4,Happy
EMP1071,2026-06-19,4,Happy
EMP1071,2026-06-21,4,Happy
EMP1071,2026-06-23,4,Happy
EMP1071,2026-06-25,4,Happy
EMP1071,2026-06-27,4,Happy
EMP1071,2026-06-29,4,Happy
EMP1071,2026-07-01,3,Okay
EMP1071,2026-07-03,4,Happy
EMP1071,2026-07-07,3,Okay
EMP1071,2026-07-09,5,Excited
EMP1071,2026-07-11,3,Okay
EMP1071,2026-07-13,3,Okay
EMP1071,2026-07-15,4,Happy
EMP1071,2026-07-17,2,Sad
EMP1071,2026-07-19,3,Okay
EMP1071,2026-07-21,2,Sad
EMP1071,2026-07-25,3,Okay
EMP1071,2026-07-27,4,Happy
EMP1071,2026-07-29,4,Happy
EMP1071,2026-07-31,4,Happy
EMP1071,2026-08-02,4,Happy
EMP1071,2026-08-04,4,Happy
EMP1071,2026-08-06,3,Okay
EMP1071,2026-08-08,4,Happy
EMP1071,2026-08-10,3,Okay
EMP1071,2026-08-12,3,Okay
EMP1071,2026-08-16,4,Happy
EMP1071,2026-08-18,4,Happy
EMP1071,2026-08-20,4,Happy
EMP1071,2026-08-22,4,Happy
EMP1071,2026-08-24,3,Okay
EMP1071,2026-08-26,3,Okay
EMP1072,2026-04-28,3,Okay
EMP1072,2026-05-02,3,Okay
EMP1072,2026-05-04,5,Excited
EMP1072,2026-05-06,4,Happy
EMP1072,2026-05-08,3,Okay
EMP1072,2026-05-10,4,Happy
EMP1072,2026-05-12,3,Okay
EMP1072,2026-05-14,4,Happy
EMP1072,2026-05-16,4,Happy
EMP1072,2026-05-18,4,Happy
EMP1072,2026-05-22,3,Okay
EMP1072,2026-05-24,4,Happy
EMP1072,2026-05-26,4,Happy
EMP1072,2026-05-28,4,Happy
EMP1072,2026-05-30,3,Okay
EMP1072,2026-06-01,4,Happy
EMP1072,2026-06-03,3,Okay
EMP1072,2026-06-05,4,Happy
EMP1072,2026-06-07,4,Happy
EMP1072,2026-06-09,4,Happy
EMP1072,2026-06-11,3,Okay
EMP1072,2026-06-13,4,Happy
EMP1072,2026-06-15,3,Okay
EMP1072,2026-06-17,3,Okay
EMP1072,2026-06-19,4,Happy
EMP1072,2026-06-21,4,Happy
EMP1072,2026-06-25,3,Okay
EMP1072,2026-06-27,4,Happy
EMP1072,2026-06-29,5,Excited
EMP1072,2026-07-01,4,Happy
EMP1072,2026-07-03,4,Happy
EMP1072,2026-07-05,2,Sad
EMP1072,2026-07-07,3,Okay
EMP1072,2026-07-09,4,Happy
EMP1072,2026-07-11,4,Happy
EMP1072,2026-07-13,4,Happy
EMP1072,2026-07-15,3,Okay
EMP1072,2026-07-17,5,Excited
EMP1072,2026-07-19,5,Excited
EMP1072,2026-07-21,3,Okay
EMP1072,2026-07-23,3,Okay
EMP1072,2026-07-25,5,Excited
EMP1072,2026-07-27,3,Okay
EMP1072,2026-07-29,4,Happy
EMP1072,2026-07-31,5,Excited
EMP1072,2026-08-02,3,Okay
EMP1072,2026-08-04,4,Happy
EMP1072,2026-08-06,3,Okay
EMP1072,2026-08-08,4,Happy
EMP1072,2026-08-10,4,Happy
EMP1072,2026-08-12,5,Excited
EMP1072,2026-08-14,4,Happy
EMP1072,2026-08-16,4,Happy
EMP1072,2026-08-18,4,Happy
EMP1072,2026-08-22,3,Okay
EMP1072,2026-08-26,3,Okay
EMP1073,2026-04-28,3,Okay
EMP1073,2026-05-02,3,Okay
EMP1073,2026-05-04,2,Sad
EMP1073,2026-05-06,4,Happy
EMP1073,2026-05-08,3,Okay
EMP1073,2026-05-10,3,Okay
EMP1073,2026-05-12,3,Okay
EMP1073,2026-05-14,3,Okay
EMP1073,2026-05-16,3,Okay
EMP1073,2026-05-18,4,Happy
EMP1073,2026-05-20,5,Excited
EMP1073,2026-05-22,4,Happy
EMP1073,2026-05-24,4,Happy
EMP1073,2026-05-28,4,Happy
EMP1073,2026-05-30,3,Okay
EMP1073,2026-06-01,4,Happy
EMP1073,2026-06-03,3,Okay
EMP1073,2026-06-05,4,Happy
EMP1073,2026-06-07,3,Okay
EMP1073,2026-06-11,2,Sad
EMP1073,2026-06-13,4,Happy
EMP1073,2026-06-15,3,Okay
EMP1073,2026-06-17,3,Okay
EMP1073,2026-06-19,3,Okay
EMP1073,2026-06-21,3,Okay
EMP1073,2026-06-23,4,Happy
EMP1073,2026-06-25,4,Happy
EMP1073,2026-06-27,4,Happy
EMP1073,2026-06-29,4,Happy
EMP1073,2026-07-03,4,Happy
EMP1073,2026-07-05,2,Sad
EMP1073,2026-07-07,4,Happy
EMP1073,2026-07-09,3,Okay
EMP1073,2026-07-11,3,Okay
EMP1073,2026-07-15,3,Okay
EMP1073,2026-07-17,4,Happy
EMP1073,2026-07-19,4,Happy
EMP1073,2026-07-21,2,Sad
EMP1073,2026-07-23,4,Happy
EMP1073,2026-07-25,5,Excited
EMP1073,2026-07-27,4,Happy
EMP1073,2026-07-31,4,Happy
EMP1073,2026-08-02,3,Okay
EMP1073,2026-08-04,3,Okay
EMP1073,2026-08-06,4,Happy
EMP1073,2026-08-08,4,Happy
EMP1073,2026-08-10,3,Okay
EMP1073,2026-08-12,3,Okay
EMP1073,2026-08-14,4,Happy
EMP1073,2026-08-16,2,Sad
EMP1073,2026-08-18,3,Okay
EMP1073,2026-08-20,5,Excited
EMP1073,2026-08-22,5,Excited
EMP1073,2026-08-24,3,Okay
EMP1073,2026-08-26,5,Excited
EMP1074,2026-05-02,2,Sad
EMP1074,2026-05-04,4,Happy
EMP1074,2026-05-06,3,Okay
EMP1074,2026-05-10,4,Happy
EMP1074,2026-05-12,4,Happy
EMP1074,2026-05-14,2,Sad
EMP1074,2026-05-16,5,Excited
EMP1074,2026-05-18,3,Okay
EMP1074,2026-05-20,3,Okay
EMP1074,2026-05-24,4,Happy
EMP1074,2026-05-26,4,Happy
EMP1074,2026-05-28,3,Okay
EMP1074,2026-05-30,4,Happy
EMP1074,2026-06-01,4,Happy
EMP1074,2026-06-03,4,Happy
EMP1074,2026-06-05,4,Happy
EMP1074,2026-06-09,3,Okay
EMP1074,2026-06-13,3,Okay
EMP1074,2026-06-15,2,Sad
EMP1074,2026-06-17,3,Okay
EMP1074,2026-06-19,4,Happy
EMP1074,2026-06-21,4,Happy
EMP1074,2026-06-25,4,Happy
EMP1074,2026-06-27,2,Sad
EMP1074,2026-06-29,3,Okay
EMP1074,2026-07-01,4,Happy
EMP1074,2026-07-03,4,Happy
EMP1074,2026-07-05,3,Okay
EMP1074,2026-07-07,4,Happy
EMP1074,2026-07-09,5,Excited
EMP1074,2026-07-11,3,Okay
EMP1074,2026-07-13,4,Happy
EMP1074,2026-07-17,2,Sad
EMP1074,2026-07-19,4,Happy
EMP1074,2026-07-21,4,Happy
EMP1074,2026-07-23,4,Happy
EMP1074,2026-07-27,3,Okay
EMP1074,2026-07-29,4,Happy
EMP1074,2026-07-31,5,Excited
EMP1074,2026-08-02,3,Okay
EMP1074,2026-08-06,4,Happy
EMP1074,2026-08-08,4,Happy
EMP1074,2026-08-10,4,Happy
EMP1074,2026-08-12,4,Happy
EMP1074,2026-08-14,5,Excited
EMP1074,2026-08-16,4,Happy
EMP1074,2026-08-18,4,Happy
EMP1074,2026-08-20,2,Sad
EMP1074,2026-08-26,4,Happy
EMP1075,2026-04-30,3,Okay
EMP1075,2026-05-02,5,Excited
EMP1075,2026-05-04,3,Okay
EMP1075,2026-05-06,3,Okay
EMP1075,2026-05-08,4,Happy
EMP1075,2026-05-10,3,Okay
EMP1075,2026-05-14,4,Happy
EMP1075,2026-05-18,5,Excited
EMP1075,2026-05-22,4,Happy
EMP1075,2026-05-24,3,Okay
EMP1075,2026-05-26,2,Sad
EMP1075,2026-05-28,3,Okay
EMP1075,2026-05-30,3,Okay
EMP1075,2026-06-03,4,Happy
EMP1075,2026-06-05,2,Sad
EMP1075,2026-06-09,2,Sad
EMP1075,2026-06-11,5,Excited
EMP1075,2026-06-13,3,Okay
EMP1075,2026-06-15,3,Okay
EMP1075,2026-06-17,3,Okay
EMP1075,2026-06-19,4,Happy
EMP1075,2026-06-21,3,Okay
EMP1075,2026-06-27,4,Happy
EMP1075,2026-07-01,4,Happy
EMP1075,2026-07-03,4,Happy
EMP1075,2026-07-05,3,Okay
EMP1075,2026-07-07,3,Okay
EMP1075,2026-07-09,4,Happy
EMP1075,2026-07-11,4,Happy
EMP1075,2026-07-13,3,Okay
EMP1075,2026-07-15,4,Happy
EMP1075,2026-07-17,3,Okay
EMP1075,2026-07-19,4,Happy
EMP1075,2026-07-21,4,Happy
EMP1075,2026-07-23,4,Happy
EMP1075,2026-07-27,2,Sad
EMP1075,2026-07-29,3,Okay
EMP1075,2026-07-31,5,Excited
EMP1075,2026-08-02,3,Okay
EMP1075,2026-08-04,2,Sad
EMP1075,2026-08-06,5,Excited
EMP1075,2026-08-08,4,Happy
EMP1075,2026-08-12,4,Happy
EMP1075,2026-08-14,3,Okay
EMP1075,2026-08-18,3,Okay
EMP1075,2026-08-20,3,Okay
EMP1075,2026-08-22,3,Okay
EMP1075,2026-08-24,3,Okay
EMP1075,2026-08-26,3,Okay
EMP1076,2026-04-28,4,Happy
EMP1076,2026-04-30,4,Happy
EMP1076,2026-05-02,4,Happy
EMP1076,2026-05-06,3,Okay
EMP1076,2026-05-12,5,Excited
EMP1076,2026-05-14,4,Happy
EMP1076,2026-05-16,3,Okay
EMP1076,2026-05-18,4,Happy
EMP1076,2026-05-24,3,Okay
EMP1076,2026-05-26,4,Happy
EMP1076,2026-05-28,4,Happy
EMP1076,2026-05-30,3,Okay
EMP1076,2026-06-01,4,Happy
EMP1076,2026-06-03,3,Okay
EMP1076,2026-06-05,4,Happy
EMP1076,2026-06-09,5,Excited
EMP1076,2026-06-13,4,Happy
EMP1076,2026-06-15,3,Okay
EMP1076,2026-06-19,2,Sad
EMP1076,2026-06-21,3,Okay
EMP1076,2026-06-23,4,Happy
EMP1076,2026-06-27,5,Excited
EMP1076,2026-06-29,4,Happy
EMP1076,2026-07-01,3,Okay
EMP1076,2026-07-03,3,Okay
EMP1076,2026-07-05,3,Okay
EMP1076,2026-07-07,3,Okay
EMP1076,2026-07-09,4,Happy
EMP1076,2026-07-11,4,Happy
EMP1076,2026-07-13,4,Happy
EMP1076,2026-07-15,4,Happy
EMP1076,2026-07-17,3,Okay
EMP1076,2026-07-19,4,Happy
EMP1076,2026-07-21,3,Okay
EMP1076,2026-07-23,4,Happy
EMP1076,2026-07-27,4,Happy
EMP1076,2026-07-29,3,Okay
EMP1076,2026-07-31,3,Okay
EMP1076,2026-08-02,5,Excited
EMP1076,2026-08-04,5,Excited
EMP1076,2026-08-06,3,Okay
EMP1076,2026-08-08,3,Okay
EMP1076,2026-08-10,4,Happy
EMP1076,2026-08-12,4,Happy
EMP1076,2026-08-14,3,Okay
EMP1076,2026-08-16,4,Happy
EMP1076,2026-08-18,3,Okay
EMP1076,2026-08-20,5,Excited
EMP1076,2026-08-22,4,Happy
EMP1076,2026-08-24,3,Okay
EMP1077,2026-04-28,3,Okay
EMP1077,2026-04-30,3,Okay
EMP1077,2026-05-02,1,Frustrated
EMP1077,2026-05-04,2,Sad
EMP1077,2026-05-06,1,Frustrated
EMP1077,2026-05-08,2,Sad
EMP1077,2026-05-10,1,Frustrated
EMP1077,2026-05-12,1,Frustrated
EMP1077,2026-05-14,2,Sad
EMP1077,2026-05-16,1,Frustrated
EMP1077,2026-05-18,2,Sad
EMP1077,2026-05-20,3,Okay
EMP1077,2026-05-22,2,Sad
EMP1077,2026-05-24,1,Frustrated
EMP1077,2026-05-26,3,Okay
EMP1077,2026-05-28,1,Frustrated
EMP1077,2026-05-30,1,Frustrated
EMP1077,2026-06-01,2,Sad
EMP1077,2026-06-03,2,Sad
EMP1077,2026-06-05,3,Okay
EMP1077,2026-06-07,2,Sad
EMP1077,2026-06-09,1,Frustrated
EMP1077,2026-06-11,1,Frustrated
EMP1077,2026-06-13,2,Sad
EMP1077,2026-06-15,1,Frustrated
EMP1077,2026-06-19,1,Frustrated
EMP1077,2026-06-21,1,Frustrated
EMP1077,2026-06-27,1,Frustrated
EMP1077,2026-06-29,1,Frustrated
EMP1077,2026-07-01,1,Frustrated
EMP1077,2026-07-03,2,Sad
EMP1077,2026-07-05,1,Frustrated
EMP1077,2026-07-07,2,Sad
EMP1077,2026-07-09,1,Frustrated
EMP1077,2026-07-11,1,Frustrated
EMP1077,2026-07-13,2,Sad
EMP1077,2026-07-17,1,Frustrated
EMP1077,2026-07-19,1,Frustrated
EMP1077,2026-07-21,2,Sad
EMP1077,2026-07-25,1,Frustrated
EMP1077,2026-07-27,2,Sad
EMP1077,2026-07-29,2,Sad
EMP1077,2026-07-31,2,Sad
EMP1077,2026-08-02,2,Sad
EMP1077,2026-08-04,1,Frustrated
EMP1077,2026-08-06,1,Frustrated
EMP1077,2026-08-08,1,Frustrated
EMP1077,2026-08-10,1,Frustrated
EMP1077,2026-08-12,1,Frustrated
EMP1077,2026-08-16,1,Frustrated
EMP1077,2026-08-18,2,Sad
EMP1077,2026-08-20,2,Sad
EMP1077,2026-08-22,1,Frustrated
EMP1077,2026-08-26,2,Sad
EMP1078,2026-04-28,4,Happy
EMP1078,2026-04-30,3,Okay
EMP1078,2026-05-02,3,Okay
EMP1078,2026-05-04,3,Okay
EMP1078,2026-05-06,5,Excited
EMP1078,2026-05-08,4,Happy
EMP1078,2026-05-10,3,Okay
EMP1078,2026-05-14,3,Okay
EMP1078,2026-05-16,4,Happy
EMP1078,2026-05-18,4,Happy
EMP1078,2026-05-20,5,Excited
EMP1078,2026-05-22,2,Sad
EMP1078,2026-05-24,4,Happy
EMP1078,2026-05-26,4,Happy
EMP1078,2026-05-28,3,Okay
EMP1078,2026-06-03,4,Happy
EMP1078,2026-06-07,3,Okay
EMP1078,2026-06-09,4,Happy
EMP1078,2026-06-11,3,Okay
EMP1078,2026-06-17,4,Happy
EMP1078,2026-06-19,4,Happy
EMP1078,2026-06-21,4,Happy
EMP1078,2026-06-23,4,Happy
EMP1078,2026-06-25,3,Okay
EMP1078,2026-06-29,4,Happy
EMP1078,2026-07-01,5,Excited
EMP1078,2026-07-03,2,Sad
EMP1078,2026-07-05,3,Okay
EMP1078,2026-07-07,4,Happy
EMP1078,2026-07-09,3,Okay
EMP1078,2026-07-11,3,Okay
EMP1078,2026-07-13,5,Excited
EMP1078,2026-07-15,5,Excited
EMP1078,2026-07-17,3,Okay
EMP1078,2026-07-19,5,Excited
EMP1078,2026-07-21,4,Happy
EMP1078,2026-07-23,4,Happy
EMP1078,2026-07-25,4,Happy
EMP1078,2026-07-27,4,Happy
EMP1078,2026-07-29,3,Okay
EMP1078,2026-07-31,3,Okay
EMP1078,2026-08-02,4,Happy
EMP1078,2026-08-04,4,Happy
EMP1078,2026-08-06,5,Excited
EMP1078,2026-08-08,3,Okay
EMP1078,2026-08-10,2,Sad
EMP1078,2026-08-12,3,Okay
EMP1078,2026-08-14,4,Happy
EMP1078,2026-08-16,4,Happy
EMP1078,2026-08-18,4,Happy
EMP1078,2026-08-20,3,Okay
EMP1078,2026-08-22,5,Excited
EMP1078,2026-08-24,3,Okay
EMP1078,2026-08-26,4,Happy
EMP1079,2026-04-30,2,Sad
EMP1079,2026-05-02,3,Okay
EMP1079,2026-05-04,1,Frustrated
EMP1079,2026-05-06,2,Sad
EMP1079,2026-05-08,3,Okay
EMP1079,2026-05-10,2,Sad
EMP1079,2026-05-12,3,Okay
EMP1079,2026-05-14,3,Okay
EMP1079,2026-05-16,2,Sad
EMP1079,2026-05-18,4,Happy
EMP1079,2026-05-20,2,Sad
EMP1079,2026-05-22,2,Sad
EMP1079,2026-05-24,2,Sad
EMP1079,2026-05-26,2,Sad
EMP1079,2026-05-28,3,Okay
EMP1079,2026-05-30,3,Okay
EMP1079,2026-06-01,3,Okay
EMP1079,2026-06-03,2,Sad
EMP1079,2026-06-07,2,Sad
EMP1079,2026-06-09,2,Sad
EMP1079,2026-06-11,2,Sad
EMP1079,2026-06-13,2,Sad
EMP1079,2026-06-15,3,Okay
EMP1079,2026-06-19,2,Sad
EMP1079,2026-06-21,4,Happy
EMP1079,2026-06-23,3,Okay
EMP1079,2026-06-25,3,Okay
EMP1079,2026-06-27,3,Okay
EMP1079,2026-06-29,3,Okay
EMP1079,2026-07-03,3,Okay
EMP1079,2026-07-05,4,Happy
EMP1079,2026-07-07,2,Sad
EMP1079,2026-07-09,3,Okay
EMP1079,2026-07-11,3,Okay
EMP1079,2026-07-13,1,Frustrated
EMP1079,2026-07-15,2,Sad
EMP1079,2026-07-17,3,Okay
EMP1079,2026-07-19,3,Okay
EMP1079,2026-07-21,2,Sad
EMP1079,2026-07-25,3,Okay
EMP1079,2026-07-29,3,Okay
EMP1079,2026-07-31,4,Happy
EMP1079,2026-08-02,3,Okay
EMP1079,2026-08-04,2,Sad
EMP1079,2026-08-06,3,Okay
EMP1079,2026-08-08,2,Sad
EMP1079,2026-08-10,2,Sad
EMP1079,2026-08-12,3,Okay
EMP1079,2026-08-16,3,Okay
EMP1079,2026-08-18,3,Okay
EMP1079,2026-08-20,3,Okay
EMP1079,2026-08-22,3,Okay
EMP1079,2026-08-24,2,Sad
EMP1080,2026-04-28,4,Happy
EMP1080,2026-04-30,3,Okay
EMP1080,2026-05-02,5,Excited
EMP1080,2026-05-04,3,Okay
EMP1080,2026-05-06,3,Okay
EMP1080,2026-05-08,4,Happy
EMP1080,2026-05-10,4,Happy
EMP1080,2026-05-12,4,Happy
EMP1080,2026-05-14,3,Okay
EMP1080,2026-05-16,4,Happy
EMP1080,2026-05-18,4,Happy
EMP1080,2026-05-20,4,Happy
EMP1080,2026-05-22,3,Okay
EMP1080,2026-05-24,4,Happy
EMP1080,2026-05-26,4,Happy
EMP1080,2026-05-28,4,Happy
EMP1080,2026-05-30,1,Frustrated
EMP1080,2026-06-01,3,Okay
EMP1080,2026-06-03,3,Okay
EMP1080,2026-06-05,3,Okay
EMP1080,2026-06-07,4,Happy
EMP1080,2026-06-09,4,Happy
EMP1080,2026-06-11,4,Happy
EMP1080,2026-06-13,4,Happy
EMP1080,2026-06-15,4,Happy
EMP1080,2026-06-17,5,Excited
EMP1080,2026-06-19,3,Okay
EMP1080,2026-06-21,4,Happy
EMP1080,2026-06-23,5,Excited
EMP1080,2026-06-25,4,Happy
EMP1080,2026-06-27,2,Sad
EMP1080,2026-06-29,4,Happy
EMP1080,2026-07-01,3,Okay
EMP1080,2026-07-03,4,Happy
EMP1080,2026-07-05,4,Happy
EMP1080,2026-07-07,4,Happy
EMP1080,2026-07-09,3,Okay
EMP1080,2026-07-11,4,Happy
EMP1080,2026-07-17,4,Happy
EMP1080,2026-07-19,4,Happy
EMP1080,2026-07-21,3,Okay
EMP1080,2026-07-23,3,Okay
EMP1080,2026-07-25,4,Happy
EMP1080,2026-07-27,3,Okay
EMP1080,2026-07-29,3,Okay
EMP1080,2026-07-31,5,Excited
EMP1080,2026-08-06,4,Happy
EMP1080,2026-08-10,4,Happy
EMP1080,2026-08-12,4,Happy
EMP1080,2026-08-14,3,Okay
EMP1080,2026-08-16,4,Happy
EMP1080,2026-08-20,4,Happy
EMP1080,2026-08-24,3,Okay
EMP1080,2026-08-26,4,Happy
EMP1081,2026-04-28,3,Okay
EMP1081,2026-04-30,3,Okay
EMP1081,2026-05-02,4,Happy
EMP1081,2026-05-04,3,Okay
EMP1081,2026-05-06,4,Happy
EMP1081,2026-05-08,2,Sad
EMP1081,2026-05-10,3,Okay
EMP1081,2026-05-12,3,Okay
EMP1081,2026-05-14,4,Happy
EMP1081,2026-05-16,4,Happy
EMP1081,2026-05-18,3,Okay
EMP1081,2026-05-20,5,Excited
EMP1081,2026-05-22,3,Okay
EMP1081,2026-05-24,2,Sad
EMP1081,2026-05-26,2,Sad
EMP1081,2026-05-28,5,Excited
EMP1081,2026-05-30,4,Happy
EMP1081,2026-06-01,3,Okay
EMP1081,2026-06-03,3,Okay
EMP1081,2026-06-05,3,Okay
EMP1081,2026-06-07,5,Excited
EMP1081,2026-06-09,4,Happy
EMP1081,2026-06-15,2,Sad
EMP1081,2026-06-17,4,Happy
EMP1081,2026-06-19,3,Okay
EMP1081,2026-06-23,5,Excited
EMP1081,2026-06-25,3,Okay
EMP1081,2026-06-27,4,Happy
EMP1081,2026-06-29,4,Happy
EMP1081,2026-07-01,3,Okay
EMP1081,2026-07-03,4,Happy
EMP1081,2026-07-05,3,Okay
EMP1081,2026-07-09,4,Happy
EMP1081,2026-07-11,4,Happy
EMP1081,2026-07-13,4,Happy
EMP1081,2026-07-15,4,Happy
EMP1081,2026-07-17,3,Okay
EMP1081,2026-07-19,4,Happy
EMP1081,2026-07-21,3,Okay
EMP1081,2026-07-23,4,Happy
EMP1081,2026-07-25,3,Okay
EMP1081,2026-07-27,4,Happy
EMP1081,2026-07-31,3,Okay
EMP1081,2026-08-02,3,Okay
EMP1081,2026-08-04,3,Okay
EMP1081,2026-08-06,4,Happy
EMP1081,2026-08-08,3,Okay
EMP1081,2026-08-12,5,Excited
EMP1081,2026-08-14,4,Happy
EMP1081,2026-08-16,2,Sad
EMP1081,2026-08-18,4,Happy
EMP1081,2026-08-20,4,Happy
EMP1081,2026-08-24,4,Happy
EMP1081,2026-08-26,4,Happy
EMP1082,2026-04-28,4,Happy
EMP1082,2026-04-30,3,Okay
EMP1082,2026-05-02,3,Okay
EMP1082,2026-05-04,3,Okay
EMP1082,2026-05-06,4,Happy
EMP1082,2026-05-08,4,Happy
EMP1082,2026-05-10,4,Happy
EMP1082,2026-05-12,3,Okay
EMP1082,2026-05-16,4,Happy
EMP1082,2026-05-18,2,Sad
EMP1082,2026-05-20,3,Okay
EMP1082,2026-05-22,3,Okay
EMP1082,2026-05-24,3,Okay
EMP1082,2026-05-26,3,Okay
EMP1082,2026-05-28,3,Okay
EMP1082,2026-05-30,3,Okay
EMP1082,2026-06-01,4,Happy
EMP1082,2026-06-05,2,Sad
EMP1082,2026-06-07,4,Happy
EMP1082,2026-06-09,3,Okay
EMP1082,2026-06-11,5,Excited
EMP1082,2026-06-15,3,Okay
EMP1082,2026-06-17,4,Happy
EMP1082,2026-06-19,3,Okay
EMP1082,2026-06-23,5,Excited
EMP1082,2026-06-25,4,Happy
EMP1082,2026-06-27,4,Happy
EMP1082,2026-07-01,3,Okay
EMP1082,2026-07-03,5,Excited
EMP1082,2026-07-05,4,Happy
EMP1082,2026-07-07,4,Happy
EMP1082,2026-07-09,3,Okay
EMP1082,2026-07-11,4,Happy
EMP1082,2026-07-17,5,Excited
EMP1082,2026-07-19,4,Happy
EMP1082,2026-07-23,4,Happy
EMP1082,2026-07-25,4,Happy
EMP1082,2026-07-27,4,Happy
EMP1082,2026-07-29,4,Happy
EMP1082,2026-07-31,4,Happy
EMP1082,2026-08-02,5,Excited
EMP1082,2026-08-04,3,Okay
EMP1082,2026-08-06,3,Okay
EMP1082,2026-08-08,3,Okay
EMP1082,2026-08-10,4,Happy
EMP1082,2026-08-12,5,Excited
EMP1082,2026-08-14,4,Happy
EMP1082,2026-08-16,3,Okay
EMP1082,2026-08-18,3,Okay
EMP1082,2026-08-22,3,Okay
EMP1082,2026-08-26,4,Happy
EMP1083,2026-04-28,1,Frustrated
EMP1083,2026-04-30,3,Okay
EMP1083,2026-05-02,2,Sad
EMP1083,2026-05-06,1,Frustrated
EMP1083,2026-05-08,2,Sad
EMP1083,2026-05-12,2,Sad
EMP1083,2026-05-14,2,Sad
EMP1083,2026-05-16,2,Sad
EMP1083,2026-05-18,3,Okay
EMP1083,2026-05-20,3,Okay
EMP1083,2026-05-22,2,Sad
EMP1083,2026-05-24,2,Sad
EMP1083,2026-05-28,2,Sad
EMP1083,2026-05-30,3,Okay
EMP1083,2026-06-01,3,Okay
EMP1083,2026-06-03,2,Sad
EMP1083,2026-06-05,2,Sad
EMP1083,2026-06-07,2,Sad
EMP1083,2026-06-09,1,Frustrated
EMP1083,2026-06-11,1,Frustrated
EMP1083,2026-06-13,2,Sad
EMP1083,2026-06-15,2,Sad
EMP1083,2026-06-17,2,Sad
EMP1083,2026-06-19,2,Sad
EMP1083,2026-06-21,1,Frustrated
EMP1083,2026-06-23,1,Frustrated
EMP1083,2026-06-25,3,Okay
EMP1083,2026-06-27,1,Frustrated
EMP1083,2026-06-29,1,Frustrated
EMP1083,2026-07-01,2,Sad
EMP1083,2026-07-03,1,Frustrated
EMP1083,2026-07-07,3,Okay
EMP1083,2026-07-09,1,Frustrated
EMP1083,2026-07-11,2,Sad
EMP1083,2026-07-13,1,Frustrated
EMP1083,2026-07-15,2,Sad
EMP1083,2026-07-17,2,Sad
EMP1083,2026-07-19,2,Sad
EMP1083,2026-07-21,3,Okay
EMP1083,2026-07-23,2,Sad
EMP1083,2026-07-25,2,Sad
EMP1083,2026-07-27,2,Sad
EMP1083,2026-07-29,1,Frustrated
EMP1083,2026-07-31,2,Sad
EMP1083,2026-08-04,1,Frustrated
EMP1083,2026-08-06,2,Sad
EMP1083,2026-08-10,2,Sad
EMP1083,2026-08-12,1,Frustrated
EMP1083,2026-08-14,1,Frustrated
EMP1083,2026-08-16,2,Sad
EMP1083,2026-08-18,1,Frustrated
EMP1083,2026-08-20,1,Frustrated
EMP1083,2026-08-22,1,Frustrated
EMP1083,2026-08-24,2,Sad
EMP1083,2026-08-26,1,Frustrated
EMP1084,2026-04-30,2,Sad
EMP1084,2026-05-04,3,Okay
EMP1084,2026-05-06,2,Sad
EMP1084,2026-05-08,3,Okay
EMP1084,2026-05-10,2,Sad
EMP1084,2026-05-12,4,Happy
EMP1084,2026-05-14,3,Okay
EMP1084,2026-05-16,4,Happy
EMP1084,2026-05-18,2,Sad
EMP1084,2026-05-20,3,Okay
EMP1084,2026-05-24,3,Okay
EMP1084,2026-05-26,3,Okay
EMP1084,2026-05-28,1,Frustrated
EMP1084,2026-06-01,2,Sad
EMP1084,2026-06-03,1,Frustrated
EMP1084,2026-06-05,2,Sad
EMP1084,2026-06-07,2,Sad
EMP1084,2026-06-11,2,Sad
EMP1084,2026-06-15,1,Frustrated
EMP1084,2026-06-17,2,Sad
EMP1084,2026-06-21,2,Sad
EMP1084,2026-06-23,2,Sad
EMP1084,2026-06-25,3,Okay
EMP1084,2026-06-27,3,Okay
EMP1084,2026-07-01,2,Sad
EMP1084,2026-07-03,3,Okay
EMP1084,2026-07-05,3,Okay
EMP1084,2026-07-07,2,Sad
EMP1084,2026-07-09,2,Sad
EMP1084,2026-07-11,3,Okay
EMP1084,2026-07-13,1,Frustrated
EMP1084,2026-07-17,2,Sad
EMP1084,2026-07-21,2,Sad
EMP1084,2026-07-23,1,Frustrated
EMP1084,2026-07-25,2,Sad
EMP1084,2026-07-27,1,Frustrated
EMP1084,2026-07-29,3,Okay
EMP1084,2026-07-31,3,Okay
EMP1084,2026-08-02,3,Okay
EMP1084,2026-08-04,2,Sad
EMP1084,2026-08-08,3,Okay
EMP1084,2026-08-10,2,Sad
EMP1084,2026-08-14,1,Frustrated
EMP1084,2026-08-18,1,Frustrated
EMP1084,2026-08-20,1,Frustrated
EMP1084,2026-08-22,1,Frustrated
EMP1084,2026-08-24,2,Sad
EMP1084,2026-08-26,2,Sad
EMP1085,2026-04-28,1,Frustrated
EMP1085,2026-04-30,3,Okay
EMP1085,2026-05-06,2,Sad
EMP1085,2026-05-08,2,Sad
EMP1085,2026-05-10,3,Okay
EMP1085,2026-05-12,2,Sad
EMP1085,2026-05-14,1,Frustrated
EMP1085,2026-05-16,2,Sad
EMP1085,2026-05-18,1,Frustrated
EMP1085,2026-05-20,2,Sad
EMP1085,2026-05-22,3,Okay
EMP1085,2026-05-24,2,Sad
EMP1085,2026-05-26,2,Sad
EMP1085,2026-05-28,2,Sad
EMP1085,2026-05-30,2,Sad
EMP1085,2026-06-01,2,Sad
EMP1085,2026-06-03,1,Frustrated
EMP1085,2026-06-05,2,Sad
EMP1085,2026-06-07,2,Sad
EMP1085,2026-06-09,2,Sad
EMP1085,2026-06-15,1,Frustrated
EMP1085,2026-06-17,1,Frustrated
EMP1085,2026-06-19,1,Frustrated
EMP1085,2026-06-21,2,Sad
EMP1085,2026-06-23,2,Sad
EMP1085,2026-06-25,2,Sad
EMP1085,2026-06-27,1,Frustrated
EMP1085,2026-06-29,2,Sad
EMP1085,2026-07-01,2,Sad
EMP1085,2026-07-03,1,Frustrated
EMP1085,2026-07-05,2,Sad
EMP1085,2026-07-07,2,Sad
EMP1085,2026-07-11,2,Sad
EMP1085,2026-07-13,2,Sad
EMP1085,2026-07-15,1,Frustrated
EMP1085,2026-07-17,2,Sad
EMP1085,2026-07-19,1,Frustrated
EMP1085,2026-07-21,1,Frustrated
EMP1085,2026-07-23,1,Frustrated
EMP1085,2026-07-25,1,Frustrated
EMP1085,2026-07-27,2,Sad
EMP1085,2026-07-29,1,Frustrated
EMP1085,2026-07-31,2,Sad
EMP1085,2026-08-02,2,Sad
EMP1085,2026-08-04,1,Frustrated
EMP1085,2026-08-06,1,Frustrated
EMP1085,2026-08-08,1,Frustrated
EMP1085,2026-08-10,1,Frustrated
EMP1085,2026-08-12,1,Frustrated
EMP1085,2026-08-16,2,Sad
EMP1085,2026-08-20,1,Frustrated
EMP1085,2026-08-22,1,Frustrated
EMP1085,2026-08-26,1,Frustrated
EMP1086,2026-04-28,3,Okay
EMP1086,2026-04-30,2,Sad
EMP1086,2026-05-02,2,Sad
EMP1086,2026-05-04,4,Happy
EMP1086,2026-05-06,2,Sad
EMP1086,2026-05-08,1,Frustrated
EMP1086,2026-05-10,2,Sad
EMP1086,2026-05-12,2,Sad
EMP1086,2026-05-14,2,Sad
EMP1086,2026-05-16,2,Sad
EMP1086,2026-05-18,2,Sad
EMP1086,2026-05-20,3,Okay
EMP1086,2026-05-22,2,Sad
EMP1086,2026-05-24,1,Frustrated
EMP1086,2026-05-26,2,Sad
EMP1086,2026-05-28,2,Sad
EMP1086,2026-05-30,3,Okay
EMP1086,2026-06-03,2,Sad
EMP1086,2026-06-05,2,Sad
EMP1086,2026-06-07,2,Sad
EMP1086,2026-06-09,3,Okay
EMP1086,2026-06-11,2,Sad
EMP1086,2026-06-13,2,Sad
EMP1086,2026-06-15,3,Okay
EMP1086,2026-06-19,2,Sad
EMP1086,2026-06-21,2,Sad
EMP1086,2026-06-23,2,Sad
EMP1086,2026-06-25,2,Sad
EMP1086,2026-06-27,3,Okay
EMP1086,2026-06-29,3,Okay
EMP1086,2026-07-01,2,Sad
EMP1086,2026-07-03,2,Sad
EMP1086,2026-07-05,3,Okay
EMP1086,2026-07-07,1,Frustrated
EMP1086,2026-07-09,2,Sad
EMP1086,2026-07-11,2,Sad
EMP1086,2026-07-13,2,Sad
EMP1086,2026-07-19,2,Sad
EMP1086,2026-07-21,3,Okay
EMP1086,2026-07-25,2,Sad
EMP1086,2026-07-27,2,Sad
EMP1086,2026-07-29,2,Sad
EMP1086,2026-07-31,2,Sad
EMP1086,2026-08-02,1,Frustrated
EMP1086,2026-08-04,2,Sad
EMP1086,2026-08-06,3,Okay
EMP1086,2026-08-08,3,Okay
EMP1086,2026-08-10,2,Sad
EMP1086,2026-08-16,1,Frustrated
EMP1086,2026-08-18,2,Sad
EMP1086,2026-08-20,3,Okay
EMP1086,2026-08-22,1,Frustrated
EMP1086,2026-08-24,2,Sad
EMP1086,2026-08-26,2,Sad
EMP1087,2026-04-28,3,Okay
EMP1087,2026-05-02,4,Happy
EMP1087,2026-05-06,4,Happy
EMP1087,2026-05-10,3,Okay
EMP1087,2026-05-12,3,Okay
EMP1087,2026-05-14,3,Okay
EMP1087,2026-05-16,3,Okay
EMP1087,2026-05-18,3,Okay
EMP1087,2026-05-20,4,Happy
EMP1087,2026-05-22,3,Okay
EMP1087,2026-05-24,2,Sad
EMP1087,2026-05-28,4,Happy
EMP1087,2026-05-30,3,Okay
EMP1087,2026-06-01,3,Okay
EMP1087,2026-06-03,5,Excited
EMP1087,2026-06-05,5,Excited
EMP1087,2026-06-07,2,Sad
EMP1087,2026-06-09,3,Okay
EMP1087,2026-06-11,4,Happy
EMP1087,2026-06-13,3,Okay
EMP1087,2026-06-15,3,Okay
EMP1087,2026-06-17,3,Okay
EMP1087,2026-06-19,4,Happy
EMP1087,2026-06-21,2,Sad
EMP1087,2026-06-23,2,Sad
EMP1087,2026-06-25,3,Okay
EMP1087,2026-06-27,4,Happy
EMP1087,2026-06-29,3,Okay
EMP1087,2026-07-01,2,Sad
EMP1087,2026-07-03,4,Happy
EMP1087,2026-07-05,4,Happy
EMP1087,2026-07-07,3,Okay
EMP1087,2026-07-11,4,Happy
EMP1087,2026-07-13,4,Happy
EMP1087,2026-07-15,4,Happy
EMP1087,2026-07-17,4,Happy
EMP1087,2026-07-19,4,Happy
EMP1087,2026-07-21,3,Okay
EMP1087,2026-07-23,3,Okay
EMP1087,2026-07-25,4,Happy
EMP1087,2026-07-27,3,Okay
EMP1087,2026-07-29,3,Okay
EMP1087,2026-07-31,4,Happy
EMP1087,2026-08-02,4,Happy
EMP1087,2026-08-06,2,Sad
EMP1087,2026-08-08,4,Happy
EMP1087,2026-08-12,3,Okay
EMP1087,2026-08-14,3,Okay
EMP1087,2026-08-16,4,Happy
EMP1087,2026-08-18,4,Happy
EMP1087,2026-08-20,3,Okay
EMP1087,2026-08-22,3,Okay
EMP1087,2026-08-24,4,Happy
EMP1087,2026-08-26,3,Okay
EMP1088,2026-04-28,3,Okay
EMP1088,2026-04-30,2,Sad
EMP1088,2026-05-02,1,Frustrated
EMP1088,2026-05-04,2,Sad
EMP1088,2026-05-06,2,Sad
EMP1088,2026-05-08,3,Okay
EMP1088,2026-05-10,3,Okay
EMP1088,2026-05-12,4,Happy
EMP1088,2026-05-14,2,Sad
EMP1088,2026-05-16,2,Sad
EMP1088,2026-05-18,1,Frustrated
EMP1088,2026-05-20,2,Sad
EMP1088,2026-05-22,3,Okay
EMP1088,2026-05-24,2,Sad
EMP1088,2026-05-26,3,Okay
EMP1088,2026-05-28,2,Sad
EMP1088,2026-06-01,2,Sad
EMP1088,2026-06-03,2,Sad
EMP1088,2026-06-05,2,Sad
EMP1088,2026-06-07,1,Frustrated
EMP1088,2026-06-09,1,Frustrated
EMP1088,2026-06-11,2,Sad
EMP1088,2026-06-13,3,Okay
EMP1088,2026-06-15,3,Okay
EMP1088,2026-06-17,2,Sad
EMP1088,2026-06-19,2,Sad
EMP1088,2026-06-21,1,Frustrated
EMP1088,2026-06-23,3,Okay
EMP1088,2026-06-25,2,Sad
EMP1088,2026-06-27,2,Sad
EMP1088,2026-06-29,2,Sad
EMP1088,2026-07-01,2,Sad
EMP1088,2026-07-03,1,Frustrated
EMP1088,2026-07-05,2,Sad
EMP1088,2026-07-07,2,Sad
EMP1088,2026-07-09,2,Sad
EMP1088,2026-07-11,2,Sad
EMP1088,2026-07-13,3,Okay
EMP1088,2026-07-15,3,Okay
EMP1088,2026-07-17,3,Okay
EMP1088,2026-07-19,1,Frustrated
EMP1088,2026-07-21,1,Frustrated
EMP1088,2026-07-23,2,Sad
EMP1088,2026-07-25,1,Frustrated
EMP1088,2026-07-27,1,Frustrated
EMP1088,2026-07-29,1,Frustrated
EMP1088,2026-07-31,3,Okay
EMP1088,2026-08-02,2,Sad
EMP1088,2026-08-04,2,Sad
EMP1088,2026-08-06,2,Sad
EMP1088,2026-08-08,1,Frustrated
EMP1088,2026-08-10,1,Frustrated
EMP1088,2026-08-12,2,Sad
EMP1088,2026-08-14,1,Frustrated
EMP1088,2026-08-18,1,Frustrated
EMP1088,2026-08-20,1,Frustrated
EMP1088,2026-08-22,2,Sad
EMP1089,2026-04-30,2,Sad
EMP1089,2026-05-02,4,Happy
EMP1089,2026-05-04,3,Okay
EMP1089,2026-05-06,4,Happy
EMP1089,2026-05-08,3,Okay
EMP1089,2026-05-10,2,Sad
EMP1089,2026-05-12,4,Happy
EMP1089,2026-05-14,4,Happy
EMP1089,2026-05-16,4,Happy
EMP1089,2026-05-18,3,Okay
EMP1089,2026-05-20,4,Happy
EMP1089,2026-05-22,3,Okay
EMP1089,2026-05-24,3,Okay
EMP1089,2026-05-26,3,Okay
EMP1089,2026-05-28,3,Okay
EMP1089,2026-05-30,4,Happy
EMP1089,2026-06-03,4,Happy
EMP1089,2026-06-05,4,Happy
EMP1089,2026-06-07,2,Sad
EMP1089,2026-06-09,3,Okay
EMP1089,2026-06-11,3,Okay
EMP1089,2026-06-13,3,Okay
EMP1089,2026-06-15,4,Happy
EMP1089,2026-06-17,2,Sad
EMP1089,2026-06-19,4,Happy
EMP1089,2026-06-21,4,Happy
EMP1089,2026-06-23,3,Okay
EMP1089,2026-06-25,3,Okay
EMP1089,2026-06-27,4,Happy
EMP1089,2026-07-01,4,Happy
EMP1089,2026-07-03,4,Happy
EMP1089,2026-07-05,4,Happy
EMP1089,2026-07-07,3,Okay
EMP1089,2026-07-09,5,Excited
EMP1089,2026-07-11,2,Sad
EMP1089,2026-07-13,3,Okay
EMP1089,2026-07-15,4,Happy
EMP1089,2026-07-19,4,Happy
EMP1089,2026-07-21,3,Okay
EMP1089,2026-07-23,4,Happy
EMP1089,2026-07-25,3,Okay
EMP1089,2026-07-27,3,Okay
EMP1089,2026-07-29,4,Happy
EMP1089,2026-07-31,4,Happy
EMP1089,2026-08-02,3,Okay
EMP1089,2026-08-06,4,Happy
EMP1089,2026-08-10,4,Happy
EMP1089,2026-08-14,4,Happy
EMP1089,2026-08-16,5,Excited
EMP1089,2026-08-18,3,Okay
EMP1089,2026-08-20,4,Happy
EMP1089,2026-08-22,4,Happy
EMP1089,2026-08-24,4,Happy
EMP1089,2026-08-26,4,Happy
EMP1090,2026-04-28,1,Frustrated
EMP1090,2026-04-30,2,Sad
EMP1090,2026-05-02,3,Okay
EMP1090,2026-05-04,1,Frustrated
EMP1090,2026-05-08,2,Sad
EMP1090,2026-05-10,3,Okay
EMP1090,2026-05-12,3,Okay
EMP1090,2026-05-14,1,Frustrated
EMP1090,2026-05-18,3,Okay
EMP1090,2026-05-22,2,Sad
EMP1090,2026-05-26,3,Okay
EMP1090,2026-05-30,1,Frustrated
EMP1090,2026-06-01,2,Sad
EMP1090,2026-06-03,2,Sad
EMP1090,2026-06-07,2,Sad
EMP1090,2026-06-09,4,Happy
EMP1090,2026-06-11,2,Sad
EMP1090,2026-06-15,2,Sad
EMP1090,2026-06-17,2,Sad
EMP1090,2026-06-19,2,Sad
EMP1090,2026-06-21,2,Sad
EMP1090,2026-06-23,2,Sad
EMP1090,2026-06-25,2,Sad
EMP1090,2026-06-27,1,Frustrated
EMP1090,2026-06-29,2,Sad
EMP1090,2026-07-03,1,Frustrated
EMP1090,2026-07-05,2,Sad
EMP1090,2026-07-07,2,Sad
EMP1090,2026-07-09,1,Frustrated
EMP1090,2026-07-11,2,Sad
EMP1090,2026-07-13,3,Okay
EMP1090,2026-07-15,3,Okay
EMP1090,2026-07-19,2,Sad
EMP1090,2026-07-21,1,Frustrated
EMP1090,2026-07-23,1,Frustrated
EMP1090,2026-07-25,2,Sad
EMP1090,2026-07-27,2,Sad
EMP1090,2026-07-29,2,Sad
EMP1090,2026-07-31,1,Frustrated
EMP1090,2026-08-02,2,Sad
EMP1090,2026-08-04,1,Frustrated
EMP1090,2026-08-06,2,Sad
EMP1090,2026-08-08,2,Sad
EMP1090,2026-08-10,1,Frustrated
EMP1090,2026-08-12,2,Sad
EMP1090,2026-08-14,1,Frustrated
EMP1090,2026-08-16,1,Frustrated
EMP1090,2026-08-18,2,Sad
EMP1090,2026-08-20,3,Okay
EMP1090,2026-08-22,2,Sad
EMP1090,2026-08-24,1,Frustrated
EMP1091,2026-04-28,4,Happy
EMP1091,2026-04-30,4,Happy
EMP1091,2026-05-02,3,Okay
EMP1091,2026-05-04,4,Happy
EMP1091,2026-05-06,4,Happy
EMP1091,2026-05-08,4,Happy
EMP1091,2026-05-12,4,Happy
EMP1091,2026-05-16,5,Excited
EMP1091,2026-05-18,4,Happy
EMP1091,2026-05-20,3,Okay
EMP1091,2026-05-22,5,Excited
EMP1091,2026-05-24,4,Happy
EMP1091,2026-05-28,5,Excited
EMP1091,2026-06-01,4,Happy
EMP1091,2026-06-03,4,Happy
EMP1091,2026-06-05,2,Sad
EMP1091,2026-06-07,4,Happy
EMP1091,2026-06-09,4,Happy
EMP1091,2026-06-11,4,Happy
EMP1091,2026-06-13,3,Okay
EMP1091,2026-06-15,4,Happy
EMP1091,2026-06-17,3,Okay
EMP1091,2026-06-19,3,Okay
EMP1091,2026-06-21,3,Okay
EMP1091,2026-06-23,3,Okay
EMP1091,2026-06-25,5,Excited
EMP1091,2026-06-27,3,Okay
EMP1091,2026-06-29,3,Okay
EMP1091,2026-07-01,3,Okay
EMP1091,2026-07-03,4,Happy
EMP1091,2026-07-05,4,Happy
EMP1091,2026-07-07,4,Happy
EMP1091,2026-07-09,3,Okay
EMP1091,2026-07-11,3,Okay
EMP1091,2026-07-13,4,Happy
EMP1091,2026-07-17,4,Happy
EMP1091,2026-07-19,3,Okay
EMP1091,2026-07-21,2,Sad
EMP1091,2026-07-23,5,Excited
EMP1091,2026-07-25,4,Happy
EMP1091,2026-07-29,4,Happy
EMP1091,2026-07-31,3,Okay
EMP1091,2026-08-02,3,Okay
EMP1091,2026-08-04,3,Okay
EMP1091,2026-08-06,3,Okay
EMP1091,2026-08-08,3,Okay
EMP1091,2026-08-10,3,Okay
EMP1091,2026-08-12,3,Okay
EMP1091,2026-08-14,4,Happy
EMP1091,2026-08-16,3,Okay
EMP1091,2026-08-18,4,Happy
EMP1091,2026-08-20,2,Sad
EMP1091,2026-08-22,3,Okay
EMP1091,2026-08-24,4,Happy
EMP1091,2026-08-26,3,Okay
EMP1092,2026-04-28,1,Frustrated
EMP1092,2026-04-30,3,Okay
EMP1092,2026-05-02,2,Sad
EMP1092,2026-05-10,2,Sad
EMP1092,2026-05-12,1,Frustrated
EMP1092,2026-05-14,2,Sad
EMP1092,2026-05-16,2,Sad
EMP1092,2026-05-18,3,Okay
EMP1092,2026-05-20,2,Sad
EMP1092,2026-05-22,2,Sad
EMP1092,2026-05-24,3,Okay
EMP1092,2026-05-26,3,Okay
EMP1092,2026-05-30,3,Okay
EMP1092,2026-06-01,3,Okay
EMP1092,2026-06-03,3,Okay
EMP1092,2026-06-05,3,Okay
EMP1092,2026-06-07,3,Okay
EMP1092,2026-06-11,3,Okay
EMP1092,2026-06-13,4,Happy
EMP1092,2026-06-17,2,Sad
EMP1092,2026-06-19,2,Sad
EMP1092,2026-06-21,2,Sad
EMP1092,2026-06-23,3,Okay
EMP1092,2026-06-25,1,Frustrated
EMP1092,2026-06-29,3,Okay
EMP1092,2026-07-01,1,Frustrated
EMP1092,2026-07-03,3,Okay
EMP1092,2026-07-05,3,Okay
EMP1092,2026-07-09,4,Happy
EMP1092,2026-07-11,3,Okay
EMP1092,2026-07-13,2,Sad
EMP1092,2026-07-17,2,Sad
EMP1092,2026-07-19,2,Sad
EMP1092,2026-07-21,1,Frustrated
EMP1092,2026-07-23,2,Sad
EMP1092,2026-07-29,2,Sad
EMP1092,2026-07-31,2,Sad
EMP1092,2026-08-02,2,Sad
EMP1092,2026-08-04,2,Sad
EMP1092,2026-08-06,1,Frustrated
EMP1092,2026-08-08,2,Sad
EMP1092,2026-08-10,4,Happy
EMP1092,2026-08-14,3,Okay
EMP1092,2026-08-16,2,Sad
EMP1092,2026-08-20,2,Sad
EMP1092,2026-08-22,3,Okay
EMP1092,2026-08-24,2,Sad
EMP1093,2026-04-28,4,Happy
EMP1093,2026-04-30,4,Happy
EMP1093,2026-05-04,4,Happy
EMP1093,2026-05-06,4,Happy
EMP1093,2026-05-08,3,Okay
EMP1093,2026-05-10,4,Happy
EMP1093,2026-05-16,3,Okay
EMP1093,2026-05-18,3,Okay
EMP1093,2026-05-20,3,Okay
EMP1093,2026-05-22,3,Okay
EMP1093,2026-05-24,4,Happy
EMP1093,2026-05-26,4,Happy
EMP1093,2026-05-28,2,Sad
EMP1093,2026-05-30,4,Happy
EMP1093,2026-06-01,2,Sad
EMP1093,2026-06-03,3,Okay
EMP1093,2026-06-05,3,Okay
EMP1093,2026-06-07,2,Sad
EMP1093,2026-06-09,2,Sad
EMP1093,2026-06-11,4,Happy
EMP1093,2026-06-13,4,Happy
EMP1093,2026-06-15,4,Happy
EMP1093,2026-06-17,3,Okay
EMP1093,2026-06-19,5,Excited
EMP1093,2026-06-21,3,Okay
EMP1093,2026-06-23,3,Okay
EMP1093,2026-06-25,5,Excited
EMP1093,2026-06-27,4,Happy
EMP1093,2026-06-29,3,Okay
EMP1093,2026-07-01,4,Happy
EMP1093,2026-07-03,4,Happy
EMP1093,2026-07-07,4,Happy
EMP1093,2026-07-09,3,Okay
EMP1093,2026-07-11,4,Happy
EMP1093,2026-07-13,4,Happy
EMP1093,2026-07-15,3,Okay
EMP1093,2026-07-17,3,Okay
EMP1093,2026-07-19,4,Happy
EMP1093,2026-07-21,3,Okay
EMP1093,2026-07-23,4,Happy
EMP1093,2026-07-25,4,Happy
EMP1093,2026-07-27,4,Happy
EMP1093,2026-07-29,3,Okay
EMP1093,2026-07-31,4,Happy
EMP1093,2026-08-02,4,Happy
EMP1093,2026-08-04,4,Happy
EMP1093,2026-08-06,5,Excited
EMP1093,2026-08-08,4,Happy
EMP1093,2026-08-10,4,Happy
EMP1093,2026-08-12,5,Excited
EMP1093,2026-08-14,3,Okay
EMP1093,2026-08-16,5,Excited
EMP1093,2026-08-20,4,Happy
EMP1093,2026-08-22,5,Excited
EMP1093,2026-08-24,4,Happy
EMP1094,2026-04-28,4,Happy
EMP1094,2026-04-30,4,Happy
EMP1094,2026-05-02,4,Happy
EMP1094,2026-05-04,4,Happy
EMP1094,2026-05-06,5,Excited
EMP1094,2026-05-08,4,Happy
EMP1094,2026-05-10,3,Okay
EMP1094,2026-05-12,4,Happy
EMP1094,2026-05-14,4,Happy
EMP1094,2026-05-16,3,Okay
EMP1094,2026-05-18,3,Okay
EMP1094,2026-05-20,3,Okay
EMP1094,2026-05-22,3,Okay
EMP1094,2026-05-26,4,Happy
EMP1094,2026-05-28,5,Excited
EMP1094,2026-05-30,4,Happy
EMP1094,2026-06-01,4,Happy
EMP1094,2026-06-03,4,Happy
EMP1094,2026-06-05,5,Excited
EMP1094,2026-06-07,3,Okay
EMP1094,2026-06-09,4,Happy
EMP1094,2026-06-11,4,Happy
EMP1094,2026-06-13,4,Happy
EMP1094,2026-06-15,3,Okay
EMP1094,2026-06-17,3,Okay
EMP1094,2026-06-19,3,Okay
EMP1094,2026-06-21,3,Okay
EMP1094,2026-06-23,4,Happy
EMP1094,2026-06-25,4,Happy
EMP1094,2026-06-27,4,Happy
EMP1094,2026-07-01,4,Happy
EMP1094,2026-07-03,3,Okay
EMP1094,2026-07-05,4,Happy
EMP1094,2026-07-07,2,Sad
EMP1094,2026-07-11,2,Sad
EMP1094,2026-07-13,5,Excited
EMP1094,2026-07-15,2,Sad
EMP1094,2026-07-17,4,Happy
EMP1094,2026-07-19,5,Excited
EMP1094,2026-07-21,3,Okay
EMP1094,2026-07-23,5,Excited
EMP1094,2026-07-25,5,Excited
EMP1094,2026-07-27,4,Happy
EMP1094,2026-07-29,5,Excited
EMP1094,2026-07-31,4,Happy
EMP1094,2026-08-02,3,Okay
EMP1094,2026-08-04,4,Happy
EMP1094,2026-08-06,3,Okay
EMP1094,2026-08-08,3,Okay
EMP1094,2026-08-12,5,Excited
EMP1094,2026-08-14,3,Okay
EMP1094,2026-08-16,4,Happy
EMP1094,2026-08-18,3,Okay
EMP1094,2026-08-20,4,Happy
EMP1094,2026-08-22,3,Okay
EMP1094,2026-08-24,3,Okay
EMP1094,2026-08-26,3,Okay
EMP1095,2026-04-28,3,Okay
EMP1095,2026-04-30,3,Okay
EMP1095,2026-05-02,4,Happy
EMP1095,2026-05-04,5,Excited
EMP1095,2026-05-06,4,Happy
EMP1095,2026-05-08,5,Excited
EMP1095,2026-05-12,4,Happy
EMP1095,2026-05-14,3,Okay
EMP1095,2026-05-16,4,Happy
EMP1095,2026-05-18,2,Sad
EMP1095,2026-05-22,5,Excited
EMP1095,2026-05-24,4,Happy
EMP1095,2026-05-26,4,Happy
EMP1095,2026-05-28,3,Okay
EMP1095,2026-05-30,3,Okay
EMP1095,2026-06-01,3,Okay
EMP1095,2026-06-03,3,Okay
EMP1095,2026-06-05,4,Happy
EMP1095,2026-06-07,5,Excited
EMP1095,2026-06-11,3,Okay
EMP1095,2026-06-13,4,Happy
EMP1095,2026-06-17,3,Okay
EMP1095,2026-06-21,4,Happy
EMP1095,2026-06-23,4,Happy
EMP1095,2026-06-29,2,Sad
EMP1095,2026-07-01,4,Happy
EMP1095,2026-07-03,3,Okay
EMP1095,2026-07-05,3,Okay
EMP1095,2026-07-07,3,Okay
EMP1095,2026-07-09,3,Okay
EMP1095,2026-07-11,3,Okay
EMP1095,2026-07-13,2,Sad
EMP1095,2026-07-15,5,Excited
EMP1095,2026-07-17,4,Happy
EMP1095,2026-07-19,4,Happy
EMP1095,2026-07-23,4,Happy
EMP1095,2026-07-25,4,Happy
EMP1095,2026-07-27,4,Happy
EMP1095,2026-07-31,4,Happy
EMP1095,2026-08-02,4,Happy
EMP1095,2026-08-04,3,Okay
EMP1095,2026-08-06,4,Happy
EMP1095,2026-08-08,4,Happy
EMP1095,2026-08-14,3,Okay
EMP1095,2026-08-16,3,Okay
EMP1095,2026-08-18,2,Sad
EMP1095,2026-08-20,4,Happy
EMP1095,2026-08-22,3,Okay
EMP1095,2026-08-24,3,Okay
EMP1095,2026-08-26,3,Okay
EMP1096,2026-04-28,2,Sad
EMP1096,2026-04-30,3,Okay
EMP1096,2026-05-02,2,Sad
EMP1096,2026-05-06,3,Okay
EMP1096,2026-05-08,4,Happy
EMP1096,2026-05-10,4,Happy
EMP1096,2026-05-12,4,Happy
EMP1096,2026-05-14,5,Excited
EMP1096,2026-05-16,4,Happy
EMP1096,2026-05-18,3,Okay
EMP1096,2026-05-20,3,Okay
EMP1096,2026-05-24,3,Okay
EMP1096,2026-05-26,3,Okay
EMP1096,2026-05-28,3,Okay
EMP1096,2026-05-30,5,Excited
EMP1096,2026-06-01,4,Happy
EMP1096,2026-06-03,3,Okay
EMP1096,2026-06-05,3,Okay
EMP1096,2026-06-07,3,Okay
EMP1096,2026-06-09,5,Excited
EMP1096,2026-06-11,4,Happy
EMP1096,2026-06-13,4,Happy
EMP1096,2026-06-17,4,Happy
EMP1096,2026-06-19,4,Happy
EMP1096,2026-06-21,5,Excited
EMP1096,2026-06-25,2,Sad
EMP1096,2026-06-27,4,Happy
EMP1096,2026-06-29,3,Okay
EMP1096,2026-07-01,2,Sad
EMP1096,2026-07-03,3,Okay
EMP1096,2026-07-05,4,Happy
EMP1096,2026-07-07,4,Happy
EMP1096,2026-07-09,4,Happy
EMP1096,2026-07-11,3,Okay
EMP1096,2026-07-13,5,Excited
EMP1096,2026-07-15,3,Okay
EMP1096,2026-07-17,4,Happy
EMP1096,2026-07-19,3,Okay
EMP1096,2026-07-21,5,Excited
EMP1096,2026-07-23,4,Happy
EMP1096,2026-07-25,4,Happy
EMP1096,2026-07-27,4,Happy
EMP1096,2026-07-29,4,Happy
EMP1096,2026-07-31,4,Happy
EMP1096,2026-08-02,2,Sad
EMP1096,2026-08-04,4,Happy
EMP1096,2026-08-06,4,Happy
EMP1096,2026-08-08,3,Okay
EMP1096,2026-08-12,4,Happy
EMP1096,2026-08-14,5,Excited
EMP1096,2026-08-16,4,Happy
EMP1096,2026-08-18,4,Happy
EMP1096,2026-08-20,3,Okay
EMP1096,2026-08-24,3,Okay
EMP1096,2026-08-26,4,Happy
EMP1097,2026-04-28,2,Sad
EMP1097,2026-04-30,2,Sad
EMP1097,2026-05-04,3,Okay
EMP1097,2026-05-06,3,Okay
EMP1097,2026-05-08,3,Okay
EMP1097,2026-05-10,3,Okay
EMP1097,2026-05-12,2,Sad
EMP1097,2026-05-14,3,Okay
EMP1097,2026-05-18,3,Okay
EMP1097,2026-05-20,1,Frustrated
EMP1097,2026-05-22,3,Okay
EMP1097,2026-05-24,2,Sad
EMP1097,2026-05-26,3,Okay
EMP1097,2026-05-28,2,Sad
EMP1097,2026-05-30,2,Sad
EMP1097,2026-06-01,3,Okay
EMP1097,2026-06-03,3,Okay
EMP1097,2026-06-05,3,Okay
EMP1097,2026-06-09,3,Okay
EMP1097,2026-06-11,3,Okay
EMP1097,2026-06-13,3,Okay
EMP1097,2026-06-15,1,Frustrated
EMP1097,2026-06-17,2,Sad
EMP1097,2026-06-19,3,Okay
EMP1097,2026-06-21,4,Happy
EMP1097,2026-06-23,3,Okay
EMP1097,2026-06-25,2,Sad
EMP1097,2026-06-29,2,Sad
EMP1097,2026-07-01,2,Sad
EMP1097,2026-07-03,3,Okay
EMP1097,2026-07-05,1,Frustrated
EMP1097,2026-07-07,3,Okay
EMP1097,2026-07-09,3,Okay
EMP1097,2026-07-11,2,Sad
EMP1097,2026-07-13,2,Sad
EMP1097,2026-07-15,3,Okay
EMP1097,2026-07-17,4,Happy
EMP1097,2026-07-19,2,Sad
EMP1097,2026-07-21,2,Sad
EMP1097,2026-07-23,3,Okay
EMP1097,2026-07-25,1,Frustrated
EMP1097,2026-07-27,1,Frustrated
EMP1097,2026-07-29,2,Sad
EMP1097,2026-07-31,2,Sad
EMP1097,2026-08-04,2,Sad
EMP1097,2026-08-06,3,Okay
EMP1097,2026-08-08,2,Sad
EMP1097,2026-08-10,2,Sad
EMP1097,2026-08-12,2,Sad
EMP1097,2026-08-14,3,Okay
EMP1097,2026-08-16,3,Okay
EMP1097,2026-08-20,3,Okay
EMP1097,2026-08-22,1,Frustrated
EMP1097,2026-08-24,2,Sad
EMP1097,2026-08-26,2,Sad
EMP1098,2026-04-28,5,Excited
EMP1098,2026-04-30,4,Happy
EMP1098,2026-05-02,5,Excited
EMP1098,2026-05-08,5,Excited
EMP1098,2026-05-10,4,Happy
EMP1098,2026-05-12,4,Happy
EMP1098,2026-05-14,5,Excited
EMP1098,2026-05-16,4,Happy
EMP1098,2026-05-18,4,Happy
EMP1098,2026-05-20,4,Happy
EMP1098,2026-05-22,5,Excited
EMP1098,2026-05-24,4,Happy
EMP1098,2026-05-26,5,Excited
EMP1098,2026-05-28,4,Happy
EMP1098,2026-06-01,5,Excited
EMP1098,2026-06-03,4,Happy
EMP1098,2026-06-05,5,Excited
EMP1098,2026-06-07,5,Excited
EMP1098,2026-06-09,5,Excited
EMP1098,2026-06-11,4,Happy
EMP1098,2026-06-13,5,Excited
EMP1098,2026-06-17,4,Happy
EMP1098,2026-06-19,5,Excited
EMP1098,2026-06-21,5,Excited
EMP1098,2026-06-23,5,Excited
EMP1098,2026-06-27,4,Happy
EMP1098,2026-06-29,5,Excited
EMP1098,2026-07-01,5,Excited
EMP1098,2026-07-03,4,Happy
EMP1098,2026-07-07,4,Happy
EMP1098,2026-07-09,5,Excited
EMP1098,2026-07-11,5,Excited
EMP1098,2026-07-15,5,Excited
EMP1098,2026-07-17,5,Excited
EMP1098,2026-07-19,5,Excited
EMP1098,2026-07-21,5,Excited
EMP1098,2026-07-25,5,Excited
EMP1098,2026-07-27,4,Happy
EMP1098,2026-07-29,5,Excited
EMP1098,2026-07-31,5,Excited
EMP1098,2026-08-02,5,Excited
EMP1098,2026-08-04,4,Happy
EMP1098,2026-08-06,5,Excited
EMP1098,2026-08-08,4,Happy
EMP1098,2026-08-10,4,Happy
EMP1098,2026-08-12,5,Excited
EMP1098,2026-08-14,4,Happy
EMP1098,2026-08-16,5,Excited
EMP1098,2026-08-18,5,Excited
EMP1098,2026-08-20,5,Excited
EMP1098,2026-08-22,5,Excited
EMP1098,2026-08-26,5,Excited
EMP1099,2026-04-28,2,Sad
EMP1099,2026-04-30,2,Sad
EMP1099,2026-05-02,3,Okay
EMP1099,2026-05-04,3,Okay
EMP1099,2026-05-06,3,Okay
EMP1099,2026-05-08,2,Sad
EMP1099,2026-05-10,2,Sad
EMP1099,2026-05-12,1,Frustrated
EMP1099,2026-05-14,3,Okay
EMP1099,2026-05-16,3,Okay
EMP1099,2026-05-18,2,Sad
EMP1099,2026-05-20,3,Okay
EMP1099,2026-05-22,3,Okay
EMP1099,2026-05-24,2,Sad
EMP1099,2026-05-28,2,Sad
EMP1099,2026-05-30,1,Frustrated
EMP1099,2026-06-01,2,Sad
EMP1099,2026-06-03,2,Sad
EMP1099,2026-06-07,1,Frustrated
EMP1099,2026-06-09,2,Sad
EMP1099,2026-06-11,1,Frustrated
EMP1099,2026-06-13,2,Sad
EMP1099,2026-06-15,2,Sad
EMP1099,2026-06-17,3,Okay
EMP1099,2026-06-19,2,Sad
EMP1099,2026-06-21,2,Sad
EMP1099,2026-06-23,2,Sad
EMP1099,2026-06-25,2,Sad
EMP1099,2026-06-27,2,Sad
EMP1099,2026-06-29,3,Okay
EMP1099,2026-07-01,1,Frustrated
EMP1099,2026-07-03,2,Sad
EMP1099,2026-07-05,2,Sad
EMP1099,2026-07-07,3,Okay
EMP1099,2026-07-09,1,Frustrated
EMP1099,2026-07-11,2,Sad
EMP1099,2026-07-15,1,Frustrated
EMP1099,2026-07-17,1,Frustrated
EMP1099,2026-07-21,1,Frustrated
EMP1099,2026-07-23,2,Sad
EMP1099,2026-07-25,1,Frustrated
EMP1099,2026-07-27,3,Okay
EMP1099,2026-07-29,2,Sad
EMP1099,2026-07-31,1,Frustrated
EMP1099,2026-08-02,1,Frustrated
EMP1099,2026-08-04,1,Frustrated
EMP1099,2026-08-06,2,Sad
EMP1099,2026-08-08,3,Okay
EMP1099,2026-08-10,1,Frustrated
EMP1099,2026-08-12,2,Sad
EMP1099,2026-08-16,2,Sad
EMP1099,2026-08-18,3,Okay
EMP1099,2026-08-20,1,Frustrated
EMP1099,2026-08-22,2,Sad
EMP1099,2026-08-24,2,Sad
EMP1099,2026-08-26,1,Frustrated
EMP1100,2026-04-28,2,Sad
EMP1100,2026-04-30,2,Sad
EMP1100,2026-05-02,3,Okay
EMP1100,2026-05-04,2,Sad
EMP1100,2026-05-06,3,Okay
EMP1100,2026-05-08,3,Okay
EMP1100,2026-05-10,3,Okay
EMP1100,2026-05-12,3,Okay
EMP1100,2026-05-14,2,Sad
EMP1100,2026-05-16,3,Okay
EMP1100,2026-05-18,2,Sad
EMP1100,2026-05-22,2,Sad
EMP1100,2026-05-24,2,Sad
EMP1100,2026-05-26,3,Okay
EMP1100,2026-05-28,3,Okay
EMP1100,2026-05-30,1,Frustrated
EMP1100,2026-06-01,3,Okay
EMP1100,2026-06-03,2,Sad
EMP1100,2026-06-05,2,Sad
EMP1100,2026-06-07,3,Okay
EMP1100,2026-06-09,2,Sad
EMP1100,2026-06-13,2,Sad
EMP1100,2026-06-15,4,Happy
EMP1100,2026-06-21,2,Sad
EMP1100,2026-06-23,2,Sad
EMP1100,2026-06-25,3,Okay
EMP1100,2026-06-27,3,Okay
EMP1100,2026-06-29,3,Okay
EMP1100,2026-07-01,3,Okay
EMP1100,2026-07-03,3,Okay
EMP1100,2026-07-05,3,Okay
EMP1100,2026-07-07,3,Okay
EMP1100,2026-07-09,3,Okay
EMP1100,2026-07-11,3,Okay
EMP1100,2026-07-13,3,Okay
EMP1100,2026-07-15,2,Sad
EMP1100,2026-07-17,2,Sad
EMP1100,2026-07-19,2,Sad
EMP1100,2026-07-23,1,Frustrated
EMP1100,2026-07-25,2,Sad
EMP1100,2026-07-27,3,Okay
EMP1100,2026-07-29,2,Sad
EMP1100,2026-07-31,2,Sad
EMP1100,2026-08-02,4,Happy
EMP1100,2026-08-04,3,Okay
EMP1100,2026-08-06,2,Sad
EMP1100,2026-08-08,3,Okay
EMP1100,2026-08-10,3,Okay
EMP1100,2026-08-12,2,Sad
EMP1100,2026-08-14,4,Happy
EMP1100,2026-08-16,2,Sad
EMP1100,2026-08-18,2,Sad
EMP1100,2026-08-20,2,Sad
EMP1100,2026-08-22,3,Okay
EMP1100,2026-08-24,2,Sad
EMP1100,2026-08-26,3,Okay
EMP1101,2026-05-02,3,Okay
EMP1101,2026-05-04,5,Excited
EMP1101,2026-05-06,3,Okay
EMP1101,2026-05-08,4,Happy
EMP1101,2026-05-10,3,Okay
EMP1101,2026-05-12,4,Happy
EMP1101,2026-05-14,4,Happy
EMP1101,2026-05-16,4,Happy
EMP1101,2026-05-20,3,Okay
EMP1101,2026-05-22,3,Okay
EMP1101,2026-05-24,4,Happy
EMP1101,2026-05-26,4,Happy
EMP1101,2026-05-28,3,Okay
EMP1101,2026-05-30,3,Okay
EMP1101,2026-06-01,3,Okay
EMP1101,2026-06-03,4,Happy
EMP1101,2026-06-05,4,Happy
EMP1101,2026-06-07,4,Happy
EMP1101,2026-06-09,3,Okay
EMP1101,2026-06-11,4,Happy
EMP1101,2026-06-13,3,Okay
EMP1101,2026-06-15,2,Sad
EMP1101,2026-06-17,4,Happy
EMP1101,2026-06-19,2,Sad
EMP1101,2026-06-21,3,Okay
EMP1101,2026-06-23,3,Okay
EMP1101,2026-06-25,4,Happy
EMP1101,2026-06-27,3,Okay
EMP1101,2026-07-01,3,Okay
EMP1101,2026-07-03,3,Okay
EMP1101,2026-07-05,3,Okay
EMP1101,2026-07-07,4,Happy
EMP1101,2026-07-09,4,Happy
EMP1101,2026-07-11,4,Happy
EMP1101,2026-07-17,4,Happy
EMP1101,2026-07-19,4,Happy
EMP1101,2026-07-21,4,Happy
EMP1101,2026-07-23,3,Okay
EMP1101,2026-07-25,3,Okay
EMP1101,2026-07-27,5,Excited
EMP1101,2026-07-31,4,Happy
EMP1101,2026-08-02,4,Happy
EMP1101,2026-08-04,4,Happy
EMP1101,2026-08-06,3,Okay
EMP1101,2026-08-08,3,Okay
EMP1101,2026-08-12,3,Okay
EMP1101,2026-08-14,4,Happy
EMP1101,2026-08-16,3,Okay
EMP1101,2026-08-18,3,Okay
EMP1101,2026-08-20,4,Happy
EMP1101,2026-08-24,4,Happy
EMP1101,2026-08-26,3,Okay
EMP1102,2026-04-28,4,Happy
EMP1102,2026-04-30,4,Happy
EMP1102,2026-05-02,4,Happy
EMP1102,2026-05-04,3,Okay
EMP1102,2026-05-06,3,Okay
EMP1102,2026-05-08,3,Okay
EMP1102,2026-05-10,4,Happy
EMP1102,2026-05-12,4,Happy
EMP1102,2026-05-14,4,Happy
EMP1102,2026-05-16,3,Okay
EMP1102,2026-05-18,4,Happy
EMP1102,2026-05-20,2,Sad
EMP1102,2026-05-22,2,Sad
EMP1102,2026-05-24,3,Okay
EMP1102,2026-05-28,3,Okay
EMP1102,2026-05-30,2,Sad
EMP1102,2026-06-01,4,Happy
EMP1102,2026-06-03,3,Okay
EMP1102,2026-06-07,5,Excited
EMP1102,2026-06-09,4,Happy
EMP1102,2026-06-11,3,Okay
EMP1102,2026-06-13,4,Happy
EMP1102,2026-06-15,3,Okay
EMP1102,2026-06-17,5,Excited
EMP1102,2026-06-19,3,Okay
EMP1102,2026-06-21,3,Okay
EMP1102,2026-06-23,3,Okay
EMP1102,2026-06-25,3,Okay
EMP1102,2026-06-27,5,Excited
EMP1102,2026-06-29,2,Sad
EMP1102,2026-07-01,3,Okay
EMP1102,2026-07-03,4,Happy
EMP1102,2026-07-05,4,Happy
EMP1102,2026-07-07,4,Happy
EMP1102,2026-07-09,4,Happy
EMP1102,2026-07-11,5,Excited
EMP1102,2026-07-13,3,Okay
EMP1102,2026-07-15,4,Happy
EMP1102,2026-07-17,4,Happy
EMP1102,2026-07-19,3,Okay
EMP1102,2026-07-21,3,Okay
EMP1102,2026-07-23,3,Okay
EMP1102,2026-07-25,3,Okay
EMP1102,2026-07-27,3,Okay
EMP1102,2026-07-29,3,Okay
EMP1102,2026-07-31,2,Sad
EMP1102,2026-08-02,4,Happy
EMP1102,2026-08-04,2,Sad
EMP1102,2026-08-06,5,Excited
EMP1102,2026-08-08,5,Excited
EMP1102,2026-08-10,4,Happy
EMP1102,2026-08-12,3,Okay
EMP1102,2026-08-14,3,Okay
EMP1102,2026-08-16,4,Happy
EMP1102,2026-08-18,4,Happy
EMP1102,2026-08-20,4,Happy
EMP1102,2026-08-22,3,Okay
EMP1102,2026-08-24,4,Happy
EMP1102,2026-08-26,3,Okay
EMP1103,2026-04-30,1,Frustrated
EMP1103,2026-05-02,2,Sad
EMP1103,2026-05-04,2,Sad
EMP1103,2026-05-06,2,Sad
EMP1103,2026-05-08,2,Sad
EMP1103,2026-05-10,2,Sad
EMP1103,2026-05-14,3,Okay
EMP1103,2026-05-16,1,Frustrated
EMP1103,2026-05-18,2,Sad
EMP1103,2026-05-22,1,Frustrated
EMP1103,2026-05-24,1,Frustrated
EMP1103,2026-05-28,1,Frustrated
EMP1103,2026-05-30,1,Frustrated
EMP1103,2026-06-03,2,Sad
EMP1103,2026-06-05,2,Sad
EMP1103,2026-06-07,1,Frustrated
EMP1103,2026-06-09,2,Sad
EMP1103,2026-06-11,2,Sad
EMP1103,2026-06-15,1,Frustrated
EMP1103,2026-06-17,2,Sad
EMP1103,2026-06-21,1,Frustrated
EMP1103,2026-06-23,2,Sad
EMP1103,2026-06-25,1,Frustrated
EMP1103,2026-06-29,1,Frustrated
EMP1103,2026-07-01,2,Sad
EMP1103,2026-07-03,1,Frustrated
EMP1103,2026-07-05,1,Frustrated
EMP1103,2026-07-09,2,Sad
EMP1103,2026-07-11,2,Sad
EMP1103,2026-07-13,2,Sad
EMP1103,2026-07-15,1,Frustrated
EMP1103,2026-07-17,2,Sad
EMP1103,2026-07-19,2,Sad
EMP1103,2026-07-21,1,Frustrated
EMP1103,2026-07-23,1,Frustrated
EMP1103,2026-07-25,1,Frustrated
EMP1103,2026-07-29,2,Sad
EMP1103,2026-07-31,1,Frustrated
EMP1103,2026-08-02,1,Frustrated
EMP1103,2026-08-04,2,Sad
EMP1103,2026-08-08,1,Frustrated
EMP1103,2026-08-10,1,Frustrated
EMP1103,2026-08-12,1,Frustrated
EMP1103,2026-08-14,1,Frustrated
EMP1103,2026-08-16,1,Frustrated
EMP1103,2026-08-18,2,Sad
EMP1103,2026-08-20,2,Sad
EMP1103,2026-08-22,1,Frustrated
EMP1103,2026-08-24,2,Sad
EMP1103,2026-08-26,2,Sad
EMP1104,2026-04-28,3,Okay
EMP1104,2026-04-30,3,Okay
EMP1104,2026-05-04,3,Okay
EMP1104,2026-05-06,4,Happy
EMP1104,2026-05-10,3,Okay
EMP1104,2026-05-12,3,Okay
EMP1104,2026-05-18,3,Okay
EMP1104,2026-05-20,3,Okay
EMP1104,2026-05-22,4,Happy
EMP1104,2026-05-24,3,Okay
EMP1104,2026-05-26,3,Okay
EMP1104,2026-05-28,4,Happy
EMP1104,2026-05-30,5,Excited
EMP1104,2026-06-03,3,Okay
EMP1104,2026-06-05,4,Happy
EMP1104,2026-06-07,2,Sad
EMP1104,2026-06-09,3,Okay
EMP1104,2026-06-11,5,Excited
EMP1104,2026-06-13,4,Happy
EMP1104,2026-06-15,3,Okay
EMP1104,2026-06-17,2,Sad
EMP1104,2026-06-19,4,Happy
EMP1104,2026-06-21,4,Happy
EMP1104,2026-06-23,3,Okay
EMP1104,2026-06-25,4,Happy
EMP1104,2026-06-29,2,Sad
EMP1104,2026-07-01,4,Happy
EMP1104,2026-07-05,3,Okay
EMP1104,2026-07-07,3,Okay
EMP1104,2026-07-11,3,Okay
EMP1104,2026-07-13,4,Happy
EMP1104,2026-07-17,4,Happy
EMP1104,2026-07-19,3,Okay
EMP1104,2026-07-21,3,Okay
EMP1104,2026-07-23,2,Sad
EMP1104,2026-07-25,3,Okay
EMP1104,2026-07-27,4,Happy
EMP1104,2026-07-29,5,Excited
EMP1104,2026-07-31,3,Okay
EMP1104,2026-08-02,3,Okay
EMP1104,2026-08-04,4,Happy
EMP1104,2026-08-06,4,Happy
EMP1104,2026-08-08,3,Okay
EMP1104,2026-08-10,4,Happy
EMP1104,2026-08-12,2,Sad
EMP1104,2026-08-16,4,Happy
EMP1104,2026-08-18,5,Excited
EMP1104,2026-08-20,3,Okay
EMP1104,2026-08-22,3,Okay
EMP1104,2026-08-24,4,Happy
EMP1105,2026-04-28,4,Happy
EMP1105,2026-04-30,3,Okay
EMP1105,2026-05-04,4,Happy
EMP1105,2026-05-06,3,Okay
EMP1105,2026-05-08,3,Okay
EMP1105,2026-05-10,4,Happy
EMP1105,2026-05-12,4,Happy
EMP1105,2026-05-14,4,Happy
EMP1105,2026-05-16,4,Happy
EMP1105,2026-05-18,3,Okay
EMP1105,2026-05-20,3,Okay
EMP1105,2026-05-22,3,Okay
EMP1105,2026-05-26,3,Okay
EMP1105,2026-05-28,3,Okay
EMP1105,2026-05-30,4,Happy
EMP1105,2026-06-01,3,Okay
EMP1105,2026-06-03,4,Happy
EMP1105,2026-06-07,5,Excited
EMP1105,2026-06-09,4,Happy
EMP1105,2026-06-11,3,Okay
EMP1105,2026-06-13,4,Happy
EMP1105,2026-06-15,4,Happy
EMP1105,2026-06-17,3,Okay
EMP1105,2026-06-19,5,Excited
EMP1105,2026-06-21,4,Happy
EMP1105,2026-06-23,5,Excited
EMP1105,2026-06-27,4,Happy
EMP1105,2026-06-29,4,Happy
EMP1105,2026-07-01,3,Okay
EMP1105,2026-07-03,4,Happy
EMP1105,2026-07-07,4,Happy
EMP1105,2026-07-09,4,Happy
EMP1105,2026-07-13,3,Okay
EMP1105,2026-07-17,4,Happy
EMP1105,2026-07-19,3,Okay
EMP1105,2026-07-21,4,Happy
EMP1105,2026-07-23,5,Excited
EMP1105,2026-07-25,3,Okay
EMP1105,2026-07-27,3,Okay
EMP1105,2026-07-29,3,Okay
EMP1105,2026-07-31,4,Happy
EMP1105,2026-08-02,4,Happy
EMP1105,2026-08-04,3,Okay
EMP1105,2026-08-08,3,Okay
EMP1105,2026-08-10,4,Happy
EMP1105,2026-08-12,3,Okay
EMP1105,2026-08-14,3,Okay
EMP1105,2026-08-16,4,Happy
EMP1105,2026-08-18,3,Okay
EMP1105,2026-08-20,4,Happy
EMP1105,2026-08-22,4,Happy
EMP1105,2026-08-24,3,Okay
EMP1105,2026-08-26,3,Okay
EMP1106,2026-04-28,4,Happy
EMP1106,2026-04-30,4,Happy
EMP1106,2026-05-02,3,Okay
EMP1106,2026-05-06,4,Happy
EMP1106,2026-05-08,3,Okay
EMP1106,2026-05-10,3,Okay
EMP1106,2026-05-12,4,Happy
EMP1106,2026-05-14,4,Happy
EMP1106,2026-05-18,3,Okay
EMP1106,2026-05-20,4,Happy
EMP1106,2026-05-22,4,Happy
EMP1106,2026-05-24,4,Happy
EMP1106,2026-05-26,4,Happy
EMP1106,2026-05-28,4,Happy
EMP1106,2026-05-30,5,Excited
EMP1106,2026-06-01,3,Okay
EMP1106,2026-06-03,4,Happy
EMP1106,2026-06-05,3,Okay
EMP1106,2026-06-07,3,Okay
EMP1106,2026-06-09,4,Happy
EMP1106,2026-06-11,4,Happy
EMP1106,2026-06-13,3,Okay
EMP1106,2026-06-15,3,Okay
EMP1106,2026-06-17,4,Happy
EMP1106,2026-06-19,3,Okay
EMP1106,2026-06-21,4,Happy
EMP1106,2026-06-23,4,Happy
EMP1106,2026-06-25,4,Happy
EMP1106,2026-06-27,4,Happy
EMP1106,2026-06-29,5,Excited
EMP1106,2026-07-01,4,Happy
EMP1106,2026-07-03,3,Okay
EMP1106,2026-07-05,5,Excited
EMP1106,2026-07-07,3,Okay
EMP1106,2026-07-09,3,Okay
EMP1106,2026-07-11,3,Okay
EMP1106,2026-07-13,4,Happy
EMP1106,2026-07-15,4,Happy
EMP1106,2026-07-17,4,Happy
EMP1106,2026-07-19,4,Happy
EMP1106,2026-07-21,3,Okay
EMP1106,2026-07-23,3,Okay
EMP1106,2026-07-25,3,Okay
EMP1106,2026-07-27,4,Happy
EMP1106,2026-07-29,4,Happy
EMP1106,2026-07-31,5,Excited
EMP1106,2026-08-02,3,Okay
EMP1106,2026-08-04,3,Okay
EMP1106,2026-08-06,3,Okay
EMP1106,2026-08-08,5,Excited
EMP1106,2026-08-10,3,Okay
EMP1106,2026-08-12,4,Happy
EMP1106,2026-08-14,5,Excited
EMP1106,2026-08-16,3,Okay
EMP1106,2026-08-18,4,Happy
EMP1106,2026-08-20,2,Sad
EMP1106,2026-08-22,3,Okay
EMP1106,2026-08-24,2,Sad
EMP1106,2026-08-26,4,Happy
EMP1107,2026-05-02,4,Happy
EMP1107,2026-05-04,4,Happy
EMP1107,2026-05-06,3,Okay
EMP1107,2026-05-10,3,Okay
EMP1107,2026-05-12,3,Okay
EMP1107,2026-05-14,5,Excited
EMP1107,2026-05-16,3,Okay
EMP1107,2026-05-18,4,Happy
EMP1107,2026-05-20,3,Okay
EMP1107,2026-05-22,4,Happy
EMP1107,2026-05-24,4,Happy
EMP1107,2026-05-26,3,Okay
EMP1107,2026-05-28,2,Sad
EMP1107,2026-05-30,3,Okay
EMP1107,2026-06-01,4,Happy
EMP1107,2026-06-03,3,Okay
EMP1107,2026-06-05,4,Happy
EMP1107,2026-06-07,3,Okay
EMP1107,2026-06-09,2,Sad
EMP1107,2026-06-11,4,Happy
EMP1107,2026-06-13,4,Happy
EMP1107,2026-06-15,3,Okay
EMP1107,2026-06-17,3,Okay
EMP1107,2026-06-19,4,Happy
EMP1107,2026-06-21,3,Okay
EMP1107,2026-06-23,4,Happy
EMP1107,2026-06-27,2,Sad
EMP1107,2026-06-29,3,Okay
EMP1107,2026-07-01,3,Okay
EMP1107,2026-07-03,3,Okay
EMP1107,2026-07-05,4,Happy
EMP1107,2026-07-07,3,Okay
EMP1107,2026-07-09,4,Happy
EMP1107,2026-07-13,4,Happy
EMP1107,2026-07-15,3,Okay
EMP1107,2026-07-17,3,Okay
EMP1107,2026-07-19,4,Happy
EMP1107,2026-07-21,3,Okay
EMP1107,2026-07-23,3,Okay
EMP1107,2026-07-25,4,Happy
EMP1107,2026-07-27,4,Happy
EMP1107,2026-07-29,4,Happy
EMP1107,2026-07-31,4,Happy
EMP1107,2026-08-02,3,Okay
EMP1107,2026-08-04,3,Okay
EMP1107,2026-08-06,3,Okay
EMP1107,2026-08-10,2,Sad
EMP1107,2026-08-12,3,Okay
EMP1107,2026-08-14,3,Okay
EMP1107,2026-08-16,5,Excited
EMP1107,2026-08-18,5,Excited
EMP1107,2026-08-20,5,Excited
EMP1107,2026-08-22,4,Happy
EMP1107,2026-08-24,3,Okay
EMP1107,2026-08-26,4,Happy
EMP1108,2026-04-28,3,Okay
EMP1108,2026-04-30,4,Happy
EMP1108,2026-05-02,3,Okay
EMP1108,2026-05-06,4,Happy
EMP1108,2026-05-08,5,Excited
EMP1108,2026-05-10,4,Happy
EMP1108,2026-05-12,5,Excited
EMP1108,2026-05-16,3,Okay
EMP1108,2026-05-18,4,Happy
EMP1108,2026-05-20,3,Okay
EMP1108,2026-05-22,3,Okay
EMP1108,2026-05-24,3,Okay
EMP1108,2026-05-26,4,Happy
EMP1108,2026-05-28,4,Happy
EMP1108,2026-05-30,4,Happy
EMP1108,2026-06-01,4,Happy
EMP1108,2026-06-03,4,Happy
EMP1108,2026-06-05,4,Happy
EMP1108,2026-06-11,4,Happy
EMP1108,2026-06-13,4,Happy
EMP1108,2026-06-15,3,Okay
EMP1108,2026-06-17,4,Happy
EMP1108,2026-06-21,4,Happy
EMP1108,2026-06-23,3,Okay
EMP1108,2026-06-25,5,Excited
EMP1108,2026-06-27,3,Okay
EMP1108,2026-06-29,2,Sad
EMP1108,2026-07-01,3,Okay
EMP1108,2026-07-07,4,Happy
EMP1108,2026-07-09,4,Happy
EMP1108,2026-07-11,4,Happy
EMP1108,2026-07-13,2,Sad
EMP1108,2026-07-15,3,Okay
EMP1108,2026-07-17,4,Happy
EMP1108,2026-07-19,4,Happy
EMP1108,2026-07-21,3,Okay
EMP1108,2026-07-23,3,Okay
EMP1108,2026-07-25,4,Happy
EMP1108,2026-07-27,2,Sad
EMP1108,2026-07-29,2,Sad
EMP1108,2026-07-31,3,Okay
EMP1108,2026-08-02,4,Happy
EMP1108,2026-08-04,3,Okay
EMP1108,2026-08-06,2,Sad
EMP1108,2026-08-08,4,Happy
EMP1108,2026-08-10,3,Okay
EMP1108,2026-08-12,4,Happy
EMP1108,2026-08-14,4,Happy
EMP1108,2026-08-16,4,Happy
EMP1108,2026-08-18,4,Happy
EMP1108,2026-08-22,4,Happy
EMP1108,2026-08-24,4,Happy
EMP1109,2026-04-30,3,Okay
EMP1109,2026-05-02,4,Happy
EMP1109,2026-05-04,4,Happy
EMP1109,2026-05-06,3,Okay
EMP1109,2026-05-08,4,Happy
EMP1109,2026-05-10,3,Okay
EMP1109,2026-05-12,3,Okay
EMP1109,2026-05-14,4,Happy
EMP1109,2026-05-16,4,Happy
EMP1109,2026-05-18,3,Okay
EMP1109,2026-05-20,4,Happy
EMP1109,2026-05-22,3,Okay
EMP1109,2026-05-26,4,Happy
EMP1109,2026-05-28,4,Happy
EMP1109,2026-05-30,4,Happy
EMP1109,2026-06-01,3,Okay
EMP1109,2026-06-03,3,Okay
EMP1109,2026-06-05,4,Happy
EMP1109,2026-06-07,3,Okay
EMP1109,2026-06-09,3,Okay
EMP1109,2026-06-11,4,Happy
EMP1109,2026-06-13,3,Okay
EMP1109,2026-06-15,5,Excited
EMP1109,2026-06-17,3,Okay
EMP1109,2026-06-19,4,Happy
EMP1109,2026-06-21,3,Okay
EMP1109,2026-06-23,4,Happy
EMP1109,2026-06-25,3,Okay
EMP1109,2026-06-27,4,Happy
EMP1109,2026-07-01,3,Okay
EMP1109,2026-07-03,4,Happy
EMP1109,2026-07-05,5,Excited
EMP1109,2026-07-07,3,Okay
EMP1109,2026-07-09,4,Happy
EMP1109,2026-07-11,4,Happy
EMP1109,2026-07-13,4,Happy
EMP1109,2026-07-15,5,Excited
EMP1109,2026-07-17,2,Sad
EMP1109,2026-07-19,3,Okay
EMP1109,2026-07-21,2,Sad
EMP1109,2026-07-23,3,Okay
EMP1109,2026-07-25,3,Okay
EMP1109,2026-07-27,5,Excited
EMP1109,2026-07-31,5,Excited
EMP1109,2026-08-02,4,Happy
EMP1109,2026-08-04,3,Okay
EMP1109,2026-08-06,4,Happy
EMP1109,2026-08-08,5,Excited
EMP1109,2026-08-10,4,Happy
EMP1109,2026-08-12,4,Happy
EMP1109,2026-08-14,4,Happy
EMP1109,2026-08-16,3,Okay
EMP1109,2026-08-20,4,Happy
EMP1109,2026-08-24,3,Okay
EMP1109,2026-08-26,3,Okay
EMP1110,2026-04-28,2,Sad
EMP1110,2026-04-30,2,Sad
EMP1110,2026-05-02,3,Okay
EMP1110,2026-05-04,2,Sad
EMP1110,2026-05-06,3,Okay
EMP1110,2026-05-08,1,Frustrated
EMP1110,2026-05-12,3,Okay
EMP1110,2026-05-14,1,Frustrated
EMP1110,2026-05-20,2,Sad
EMP1110,2026-05-22,3,Okay
EMP1110,2026-05-24,2,Sad
EMP1110,2026-05-30,2,Sad
EMP1110,2026-06-01,5,Excited
EMP1110,2026-06-05,2,Sad
EMP1110,2026-06-07,2,Sad
EMP1110,2026-06-11,2,Sad
EMP1110,2026-06-13,1,Frustrated
EMP1110,2026-06-15,3,Okay
EMP1110,2026-06-17,2,Sad
EMP1110,2026-06-19,2,Sad
EMP1110,2026-06-21,1,Frustrated
EMP1110,2026-06-25,2,Sad
EMP1110,2026-06-27,3,Okay
EMP1110,2026-06-29,3,Okay
EMP1110,2026-07-01,2,Sad
EMP1110,2026-07-03,3,Okay
EMP1110,2026-07-05,2,Sad
EMP1110,2026-07-09,3,Okay
EMP1110,2026-07-11,3,Okay
EMP1110,2026-07-13,2,Sad
EMP1110,2026-07-15,2,Sad
EMP1110,2026-07-17,3,Okay
EMP1110,2026-07-19,2,Sad
EMP1110,2026-07-21,2,Sad
EMP1110,2026-07-23,4,Happy
EMP1110,2026-07-25,2,Sad
EMP1110,2026-07-27,3,Okay
EMP1110,2026-07-29,3,Okay
EMP1110,2026-07-31,3,Okay
EMP1110,2026-08-02,1,Frustrated
EMP1110,2026-08-04,4,Happy
EMP1110,2026-08-06,2,Sad
EMP1110,2026-08-08,1,Frustrated
EMP1110,2026-08-10,2,Sad
EMP1110,2026-08-12,4,Happy
EMP1110,2026-08-14,3,Okay
EMP1110,2026-08-16,1,Frustrated
EMP1110,2026-08-18,2,Sad
EMP1110,2026-08-20,3,Okay
EMP1110,2026-08-24,2,Sad
EMP1110,2026-08-26,2,Sad
EMP1111,2026-04-28,5,Excited
EMP1111,2026-04-30,3,Okay
EMP1111,2026-05-02,4,Happy
EMP1111,2026-05-06,3,Okay
EMP1111,2026-05-08,4,Happy
EMP1111,2026-05-12,2,Sad
EMP1111,2026-05-14,4,Happy
EMP1111,2026-05-16,4,Happy
EMP1111,2026-05-18,3,Okay
EMP1111,2026-05-20,4,Happy
EMP1111,2026-05-22,4,Happy
EMP1111,2026-05-24,3,Okay
EMP1111,2026-05-26,3,Okay
EMP1111,2026-05-30,3,Okay
EMP1111,2026-06-03,4,Happy
EMP1111,2026-06-05,3,Okay
EMP1111,2026-06-07,4,Happy
EMP1111,2026-06-09,4,Happy
EMP1111,2026-06-11,3,Okay
EMP1111,2026-06-13,4,Happy
EMP1111,2026-06-15,5,Excited
EMP1111,2026-06-17,4,Happy
EMP1111,2026-06-19,3,Okay
EMP1111,2026-06-21,4,Happy
EMP1111,2026-06-23,4,Happy
EMP1111,2026-06-25,4,Happy
EMP1111,2026-06-27,3,Okay
EMP1111,2026-06-29,4,Happy
EMP1111,2026-07-01,5,Excited
EMP1111,2026-07-03,4,Happy
EMP1111,2026-07-05,3,Okay
EMP1111,2026-07-09,3,Okay
EMP1111,2026-07-11,4,Happy
EMP1111,2026-07-13,5,Excited
EMP1111,2026-07-15,3,Okay
EMP1111,2026-07-17,4,Happy
EMP1111,2026-07-19,3,Okay
EMP1111,2026-07-21,3,Okay
EMP1111,2026-07-23,4,Happy
EMP1111,2026-07-25,4,Happy
EMP1111,2026-07-27,3,Okay
EMP1111,2026-07-29,3,Okay
EMP1111,2026-08-02,4,Happy
EMP1111,2026-08-04,4,Happy
EMP1111,2026-08-06,3,Okay
EMP1111,2026-08-08,3,Okay
EMP1111,2026-08-10,4,Happy
EMP1111,2026-08-12,3,Okay
EMP1111,2026-08-14,3,Okay
EMP1111,2026-08-16,4,Happy
EMP1111,2026-08-18,4,Happy
EMP1111,2026-08-20,3,Okay
EMP1111,2026-08-22,4,Happy
EMP1111,2026-08-24,4,Happy
EMP1111,2026-08-26,3,Okay
EMP1112,2026-04-28,4,Happy
EMP1112,2026-04-30,4,Happy
EMP1112,2026-05-02,4,Happy
EMP1112,2026-05-04,4,Happy
EMP1112,2026-05-08,3,Okay
EMP1112,2026-05-10,4,Happy
EMP1112,2026-05-12,4,Happy
EMP1112,2026-05-20,3,Okay
EMP1112,2026-05-22,4,Happy
EMP1112,2026-05-24,3,Okay
EMP1112,2026-05-26,4,Happy
EMP1112,2026-05-30,3,Okay
EMP1112,2026-06-03,3,Okay
EMP1112,2026-06-05,3,Okay
EMP1112,2026-06-07,4,Happy
EMP1112,2026-06-09,3,Okay
EMP1112,2026-06-11,3,Okay
EMP1112,2026-06-13,4,Happy
EMP1112,2026-06-15,4,Happy
EMP1112,2026-06-17,3,Okay
EMP1112,2026-06-19,3,Okay
EMP1112,2026-06-21,5,Excited
EMP1112,2026-06-23,4,Happy
EMP1112,2026-06-27,3,Okay
EMP1112,2026-06-29,3,Okay
EMP1112,2026-07-01,4,Happy
EMP1112,2026-07-05,5,Excited
EMP1112,2026-07-07,4,Happy
EMP1112,2026-07-09,4,Happy
EMP1112,2026-07-11,3,Okay
EMP1112,2026-07-13,3,Okay
EMP1112,2026-07-17,4,Happy
EMP1112,2026-07-19,3,Okay
EMP1112,2026-07-21,3,Okay
EMP1112,2026-07-27,5,Excited
EMP1112,2026-07-29,3,Okay
EMP1112,2026-07-31,3,Okay
EMP1112,2026-08-02,4,Happy
EMP1112,2026-08-04,5,Excited
EMP1112,2026-08-06,3,Okay
EMP1112,2026-08-08,4,Happy
EMP1112,2026-08-10,3,Okay
EMP1112,2026-08-12,4,Happy
EMP1112,2026-08-16,3,Okay
EMP1112,2026-08-18,3,Okay
EMP1112,2026-08-20,4,Happy
EMP1112,2026-08-24,4,Happy
EMP1112,2026-08-26,4,Happy
EMP1113,2026-04-28,2,Sad
EMP1113,2026-04-30,2,Sad
EMP1113,2026-05-02,2,Sad
EMP1113,2026-05-04,1,Frustrated
EMP1113,2026-05-08,1,Frustrated
EMP1113,2026-05-10,2,Sad
EMP1113,2026-05-12,1,Frustrated
EMP1113,2026-05-14,1,Frustrated
EMP1113,2026-05-16,2,Sad
EMP1113,2026-05-18,1,Frustrated
EMP1113,2026-05-20,2,Sad
EMP1113,2026-05-22,2,Sad
EMP1113,2026-05-24,1,Frustrated
EMP1113,2026-05-28,1,Frustrated
EMP1113,2026-05-30,2,Sad
EMP1113,2026-06-03,1,Frustrated
EMP1113,2026-06-05,2,Sad
EMP1113,2026-06-07,1,Frustrated
EMP1113,2026-06-09,1,Frustrated
EMP1113,2026-06-11,2,Sad
EMP1113,2026-06-13,3,Okay
EMP1113,2026-06-15,2,Sad
EMP1113,2026-06-17,2,Sad
EMP1113,2026-06-19,1,Frustrated
EMP1113,2026-06-21,3,Okay
EMP1113,2026-06-23,3,Okay
EMP1113,2026-06-25,2,Sad
EMP1113,2026-06-27,2,Sad
EMP1113,2026-06-29,1,Frustrated
EMP1113,2026-07-01,1,Frustrated
EMP1113,2026-07-03,2,Sad
EMP1113,2026-07-05,2,Sad
EMP1113,2026-07-07,1,Frustrated
EMP1113,2026-07-09,1,Frustrated
EMP1113,2026-07-11,2,Sad
EMP1113,2026-07-13,2,Sad
EMP1113,2026-07-15,1,Frustrated
EMP1113,2026-07-17,1,Frustrated
EMP1113,2026-07-19,2,Sad
EMP1113,2026-07-21,1,Frustrated
EMP1113,2026-07-23,1,Frustrated
EMP1113,2026-07-25,1,Frustrated
EMP1113,2026-07-27,2,Sad
EMP1113,2026-07-29,1,Frustrated
EMP1113,2026-07-31,1,Frustrated
EMP1113,2026-08-02,1,Frustrated
EMP1113,2026-08-04,3,Okay
EMP1113,2026-08-06,1,Frustrated
EMP1113,2026-08-08,1,Frustrated
EMP1113,2026-08-10,1,Frustrated
EMP1113,2026-08-12,1,Frustrated
EMP1113,2026-08-14,2,Sad
EMP1113,2026-08-16,1,Frustrated
EMP1113,2026-08-18,1,Frustrated
EMP1113,2026-08-20,1,Frustrated
EMP1113,2026-08-22,1,Frustrated
EMP1113,2026-08-24,1,Frustrated
EMP1113,2026-08-26,2,Sad
EMP1114,2026-04-28,4,Happy
EMP1114,2026-04-30,4,Happy
EMP1114,2026-05-02,5,Excited
EMP1114,2026-05-04,5,Excited
EMP1114,2026-05-06,5,Excited
EMP1114,2026-05-08,4,Happy
EMP1114,2026-05-10,4,Happy
EMP1114,2026-05-12,5,Excited
EMP1114,2026-05-14,5,Excited
EMP1114,2026-05-18,5,Excited
EMP1114,2026-05-22,4,Happy
EMP1114,2026-05-24,4,Happy
EMP1114,2026-05-26,4,Happy
EMP1114,2026-05-28,4,Happy
EMP1114,2026-05-30,4,Happy
EMP1114,2026-06-01,4,Happy
EMP1114,2026-06-03,5,Excited
EMP1114,2026-06-05,4,Happy
EMP1114,2026-06-07,5,Excited
EMP1114,2026-06-09,5,Excited
EMP1114,2026-06-11,5,Excited
EMP1114,2026-06-13,5,Excited
EMP1114,2026-06-15,5,Excited
EMP1114,2026-06-17,5,Excited
EMP1114,2026-06-19,5,Excited
EMP1114,2026-06-21,5,Excited
EMP1114,2026-06-23,5,Excited
EMP1114,2026-06-27,5,Excited
EMP1114,2026-06-29,5,Excited
EMP1114,2026-07-01,5,Excited
EMP1114,2026-07-03,4,Happy
EMP1114,2026-07-05,4,Happy
EMP1114,2026-07-07,4,Happy
EMP1114,2026-07-09,5,Excited
EMP1114,2026-07-11,5,Excited
EMP1114,2026-07-13,5,Excited
EMP1114,2026-07-15,4,Happy
EMP1114,2026-07-17,5,Excited
EMP1114,2026-07-19,4,Happy
EMP1114,2026-07-21,5,Excited
EMP1114,2026-07-23,5,Excited
EMP1114,2026-07-27,5,Excited
EMP1114,2026-07-29,4,Happy
EMP1114,2026-07-31,4,Happy
EMP1114,2026-08-02,4,Happy
EMP1114,2026-08-04,4,Happy
EMP1114,2026-08-06,5,Excited
EMP1114,2026-08-08,4,Happy
EMP1114,2026-08-10,5,Excited
EMP1114,2026-08-12,4,Happy
EMP1114,2026-08-14,4,Happy
EMP1114,2026-08-16,4,Happy
EMP1114,2026-08-18,4,Happy
EMP1114,2026-08-20,4,Happy
EMP1114,2026-08-22,5,Excited
EMP1114,2026-08-24,5,Excited
EMP1114,2026-08-26,4,Happy
EMP1115,2026-04-28,4,Happy
EMP1115,2026-04-30,4,Happy
EMP1115,2026-05-02,5,Excited
EMP1115,2026-05-04,3,Okay
EMP1115,2026-05-08,5,Excited
EMP1115,2026-05-10,4,Happy
EMP1115,2026-05-12,5,Excited
EMP1115,2026-05-14,2,Sad
EMP1115,2026-05-16,5,Excited
EMP1115,2026-05-18,4,Happy
EMP1115,2026-05-20,2,Sad
EMP1115,2026-05-22,4,Happy
EMP1115,2026-05-24,4,Happy
EMP1115,2026-05-26,4,Happy
EMP1115,2026-05-30,4,Happy
EMP1115,2026-06-01,3,Okay
EMP1115,2026-06-03,3,Okay
EMP1115,2026-06-05,4,Happy
EMP1115,2026-06-07,4,Happy
EMP1115,2026-06-09,3,Okay
EMP1115,2026-06-11,4,Happy
EMP1115,2026-06-13,4,Happy
EMP1115,2026-06-15,4,Happy
EMP1115,2026-06-19,5,Excited
EMP1115,2026-06-21,3,Okay
EMP1115,2026-06-23,3,Okay
EMP1115,2026-06-25,3,Okay
EMP1115,2026-06-27,3,Okay
EMP1115,2026-06-29,4,Happy
EMP1115,2026-07-01,3,Okay
EMP1115,2026-07-05,3,Okay
EMP1115,2026-07-07,4,Happy
EMP1115,2026-07-09,3,Okay
EMP1115,2026-07-11,3,Okay
EMP1115,2026-07-13,4,Happy
EMP1115,2026-07-15,4,Happy
EMP1115,2026-07-19,4,Happy
EMP1115,2026-07-21,3,Okay
EMP1115,2026-07-23,4,Happy
EMP1115,2026-07-25,3,Okay
EMP1115,2026-07-27,4,Happy
EMP1115,2026-07-29,4,Happy
EMP1115,2026-07-31,3,Okay
EMP1115,2026-08-04,3,Okay
EMP1115,2026-08-06,4,Happy
EMP1115,2026-08-08,4,Happy
EMP1115,2026-08-10,3,Okay
EMP1115,2026-08-12,3,Okay
EMP1115,2026-08-14,3,Okay
EMP1115,2026-08-16,4,Happy
EMP1115,2026-08-18,3,Okay
EMP1115,2026-08-22,3,Okay
EMP1115,2026-08-24,4,Happy
EMP1115,2026-08-26,4,Happy
EMP1116,2026-04-28,2,Sad
EMP1116,2026-04-30,4,Happy
EMP1116,2026-05-02,3,Okay
EMP1116,2026-05-06,3,Okay
EMP1116,2026-05-08,3,Okay
EMP1116,2026-05-10,4,Happy
EMP1116,2026-05-12,3,Okay
EMP1116,2026-05-14,5,Excited
EMP1116,2026-05-16,5,Excited
EMP1116,2026-05-18,4,Happy
EMP1116,2026-05-20,4,Happy
EMP1116,2026-05-22,4,Happy
EMP1116,2026-05-24,3,Okay
EMP1116,2026-05-26,4,Happy
EMP1116,2026-05-30,4,Happy
EMP1116,2026-06-01,3,Okay
EMP1116,2026-06-05,4,Happy
EMP1116,2026-06-07,4,Happy
EMP1116,2026-06-09,3,Okay
EMP1116,2026-06-11,4,Happy
EMP1116,2026-06-13,4,Happy
EMP1116,2026-06-15,4,Happy
EMP1116,2026-06-19,4,Happy
EMP1116,2026-06-21,3,Okay
EMP1116,2026-06-23,3,Okay
EMP1116,2026-06-29,5,Excited
EMP1116,2026-07-01,2,Sad
EMP1116,2026-07-05,4,Happy
EMP1116,2026-07-07,4,Happy
EMP1116,2026-07-11,3,Okay
EMP1116,2026-07-13,3,Okay
EMP1116,2026-07-15,3,Okay
EMP1116,2026-07-17,4,Happy
EMP1116,2026-07-19,3,Okay
EMP1116,2026-07-21,4,Happy
EMP1116,2026-07-23,4,Happy
EMP1116,2026-07-25,4,Happy
EMP1116,2026-07-27,2,Sad
EMP1116,2026-07-29,3,Okay
EMP1116,2026-07-31,4,Happy
EMP1116,2026-08-02,3,Okay
EMP1116,2026-08-04,3,Okay
EMP1116,2026-08-06,4,Happy
EMP1116,2026-08-08,4,Happy
EMP1116,2026-08-10,4,Happy
EMP1116,2026-08-14,3,Okay
EMP1116,2026-08-16,4,Happy
EMP1116,2026-08-18,3,Okay
EMP1116,2026-08-20,4,Happy
EMP1116,2026-08-22,3,Okay
EMP1116,2026-08-24,4,Happy
EMP1116,2026-08-26,2,Sad
EMP1117,2026-04-28,4,Happy
EMP1117,2026-04-30,3,Okay
EMP1117,2026-05-04,4,Happy
EMP1117,2026-05-06,4,Happy
EMP1117,2026-05-08,5,Excited
EMP1117,2026-05-12,4,Happy
EMP1117,2026-05-14,3,Okay
EMP1117,2026-05-16,4,Happy
EMP1117,2026-05-18,2,Sad
EMP1117,2026-05-20,3,Okay
EMP1117,2026-05-22,3,Okay
EMP1117,2026-05-26,3,Okay
EMP1117,2026-05-28,3,Okay
EMP1117,2026-05-30,5,Excited
EMP1117,2026-06-01,4,Happy
EMP1117,2026-06-03,5,Excited
EMP1117,2026-06-07,3,Okay
EMP1117,2026-06-09,4,Happy
EMP1117,2026-06-11,2,Sad
EMP1117,2026-06-13,4,Happy
EMP1117,2026-06-17,3,Okay
EMP1117,2026-06-21,4,Happy
EMP1117,2026-06-23,5,Excited
EMP1117,2026-06-25,4,Happy
EMP1117,2026-06-27,3,Okay
EMP1117,2026-06-29,4,Happy
EMP1117,2026-07-01,3,Okay
EMP1117,2026-07-03,4,Happy
EMP1117,2026-07-05,3,Okay
EMP1117,2026-07-07,3,Okay
EMP1117,2026-07-09,4,Happy
EMP1117,2026-07-11,3,Okay
EMP1117,2026-07-15,3,Okay
EMP1117,2026-07-17,3,Okay
EMP1117,2026-07-19,5,Excited
EMP1117,2026-07-21,3,Okay
EMP1117,2026-07-23,3,Okay
EMP1117,2026-07-25,4,Happy
EMP1117,2026-07-27,2,Sad
EMP1117,2026-07-31,4,Happy
EMP1117,2026-08-02,4,Happy
EMP1117,2026-08-04,3,Okay
EMP1117,2026-08-06,3,Okay
EMP1117,2026-08-08,3,Okay
EMP1117,2026-08-10,3,Okay
EMP1117,2026-08-12,4,Happy
EMP1117,2026-08-14,4,Happy
EMP1117,2026-08-16,4,Happy
EMP1117,2026-08-18,3,Okay
EMP1117,2026-08-20,3,Okay
EMP1117,2026-08-22,4,Happy
EMP1117,2026-08-24,2,Sad
EMP1117,2026-08-26,3,Okay
EMP1118,2026-04-28,3,Okay
EMP1118,2026-04-30,3,Okay
EMP1118,2026-05-02,3,Okay
EMP1118,2026-05-04,4,Happy
EMP1118,2026-05-06,2,Sad
EMP1118,2026-05-08,3,Okay
EMP1118,2026-05-10,3,Okay
EMP1118,2026-05-12,4,Happy
EMP1118,2026-05-14,3,Okay
EMP1118,2026-05-16,4,Happy
EMP1118,2026-05-18,3,Okay
EMP1118,2026-05-20,3,Okay
EMP1118,2026-05-22,3,Okay
EMP1118,2026-05-24,3,Okay
EMP1118,2026-05-26,3,Okay
EMP1118,2026-05-28,4,Happy
EMP1118,2026-05-30,4,Happy
EMP1118,2026-06-01,3,Okay
EMP1118,2026-06-03,4,Happy
EMP1118,2026-06-05,3,Okay
EMP1118,2026-06-07,4,Happy
EMP1118,2026-06-09,4,Happy
EMP1118,2026-06-11,3,Okay
EMP1118,2026-06-13,4,Happy
EMP1118,2026-06-15,3,Okay
EMP1118,2026-06-17,4,Happy
EMP1118,2026-06-21,4,Happy
EMP1118,2026-06-23,5,Excited
EMP1118,2026-06-27,3,Okay
EMP1118,2026-07-01,3,Okay
EMP1118,2026-07-03,3,Okay
EMP1118,2026-07-07,4,Happy
EMP1118,2026-07-11,2,Sad
EMP1118,2026-07-13,3,Okay
EMP1118,2026-07-15,4,Happy
EMP1118,2026-07-17,4,Happy
EMP1118,2026-07-19,3,Okay
EMP1118,2026-07-21,4,Happy
EMP1118,2026-07-25,4,Happy
EMP1118,2026-07-27,5,Excited
EMP1118,2026-07-29,2,Sad
EMP1118,2026-08-02,4,Happy
EMP1118,2026-08-04,4,Happy
EMP1118,2026-08-06,3,Okay
EMP1118,2026-08-08,3,Okay
EMP1118,2026-08-10,3,Okay
EMP1118,2026-08-12,4,Happy
EMP1118,2026-08-14,4,Happy
EMP1118,2026-08-18,3,Okay
EMP1118,2026-08-20,3,Okay
EMP1118,2026-08-22,4,Happy
EMP1118,2026-08-24,4,Happy
EMP1118,2026-08-26,3,Okay
EMP1119,2026-04-28,3,Okay
EMP1119,2026-04-30,2,Sad
EMP1119,2026-05-02,1,Frustrated
EMP1119,2026-05-04,3,Okay
EMP1119,2026-05-06,3,Okay
EMP1119,2026-05-08,2,Sad
EMP1119,2026-05-10,2,Sad
EMP1119,2026-05-12,3,Okay
EMP1119,2026-05-14,3,Okay
EMP1119,2026-05-16,3,Okay
EMP1119,2026-05-20,3,Okay
EMP1119,2026-05-22,3,Okay
EMP1119,2026-05-24,3,Okay
EMP1119,2026-05-26,2,Sad
EMP1119,2026-05-28,3,Okay
EMP1119,2026-05-30,3,Okay
EMP1119,2026-06-03,2,Sad
EMP1119,2026-06-05,3,Okay
EMP1119,2026-06-07,2,Sad
EMP1119,2026-06-09,3,Okay
EMP1119,2026-06-11,1,Frustrated
EMP1119,2026-06-13,2,Sad
EMP1119,2026-06-15,3,Okay
EMP1119,2026-06-17,2,Sad
EMP1119,2026-06-19,3,Okay
EMP1119,2026-06-23,3,Okay
EMP1119,2026-06-25,3,Okay
EMP1119,2026-06-27,3,Okay
EMP1119,2026-06-29,3,Okay
EMP1119,2026-07-01,3,Okay
EMP1119,2026-07-03,3,Okay
EMP1119,2026-07-05,3,Okay
EMP1119,2026-07-07,2,Sad
EMP1119,2026-07-09,2,Sad
EMP1119,2026-07-11,3,Okay
EMP1119,2026-07-13,3,Okay
EMP1119,2026-07-15,2,Sad
EMP1119,2026-07-17,3,Okay
EMP1119,2026-07-19,3,Okay
EMP1119,2026-07-23,2,Sad
EMP1119,2026-07-25,2,Sad
EMP1119,2026-07-27,3,Okay
EMP1119,2026-07-29,2,Sad
EMP1119,2026-08-02,4,Happy
EMP1119,2026-08-04,2,Sad
EMP1119,2026-08-08,2,Sad
EMP1119,2026-08-10,2,Sad
EMP1119,2026-08-14,2,Sad
EMP1119,2026-08-16,1,Frustrated
EMP1119,2026-08-18,3,Okay
EMP1119,2026-08-20,2,Sad
EMP1119,2026-08-22,3,Okay
EMP1119,2026-08-24,3,Okay
EMP1119,2026-08-26,3,Okay
EMP1120,2026-04-28,3,Okay
EMP1120,2026-04-30,3,Okay
EMP1120,2026-05-02,2,Sad
EMP1120,2026-05-04,3,Okay
EMP1120,2026-05-06,2,Sad
EMP1120,2026-05-08,2,Sad
EMP1120,2026-05-10,4,Happy
EMP1120,2026-05-12,2,Sad
EMP1120,2026-05-14,3,Okay
EMP1120,2026-05-16,2,Sad
EMP1120,2026-05-18,3,Okay
EMP1120,2026-05-20,2,Sad
EMP1120,2026-05-22,3,Okay
EMP1120,2026-05-24,2,Sad
EMP1120,2026-05-26,2,Sad
EMP1120,2026-05-28,2,Sad
EMP1120,2026-06-01,2,Sad
EMP1120,2026-06-03,3,Okay
EMP1120,2026-06-05,2,Sad
EMP1120,2026-06-11,2,Sad
EMP1120,2026-06-13,2,Sad
EMP1120,2026-06-17,2,Sad
EMP1120,2026-06-19,3,Okay
EMP1120,2026-06-21,2,Sad
EMP1120,2026-06-23,1,Frustrated
EMP1120,2026-06-25,2,Sad
EMP1120,2026-06-29,2,Sad
EMP1120,2026-07-01,1,Frustrated
EMP1120,2026-07-03,3,Okay
EMP1120,2026-07-05,2,Sad
EMP1120,2026-07-09,1,Frustrated
EMP1120,2026-07-11,2,Sad
EMP1120,2026-07-17,2,Sad
EMP1120,2026-07-21,2,Sad
EMP1120,2026-07-23,1,Frustrated
EMP1120,2026-07-25,2,Sad
EMP1120,2026-07-27,1,Frustrated
EMP1120,2026-07-31,2,Sad
EMP1120,2026-08-02,2,Sad
EMP1120,2026-08-04,1,Frustrated
EMP1120,2026-08-06,1,Frustrated
EMP1120,2026-08-08,2,Sad
EMP1120,2026-08-10,1,Frustrated
EMP1120,2026-08-12,2,Sad
EMP1120,2026-08-14,1,Frustrated
EMP1120,2026-08-16,1,Frustrated
EMP1120,2026-08-18,2,Sad
EMP1120,2026-08-20,2,Sad
EMP1120,2026-08-22,2,Sad
EMP1120,2026-08-24,2,Sad
EMP1120,2026-08-26,2,Sad
EMP1121,2026-04-28,3,Okay
EMP1121,2026-04-30,3,Okay
EMP1121,2026-05-02,4,Happy
EMP1121,2026-05-04,4,Happy
EMP1121,2026-05-06,4,Happy
EMP1121,2026-05-08,4,Happy
EMP1121,2026-05-10,4,Happy
EMP1121,2026-05-12,4,Happy
EMP1121,2026-05-14,4,Happy
EMP1121,2026-05-16,4,Happy
EMP1121,2026-05-18,4,Happy
EMP1121,2026-05-20,3,Okay
EMP1121,2026-05-22,3,Okay
EMP1121,2026-05-24,4,Happy
EMP1121,2026-05-26,3,Okay
EMP1121,2026-05-28,2,Sad
EMP1121,2026-05-30,4,Happy
EMP1121,2026-06-01,2,Sad
EMP1121,2026-06-03,5,Excited
EMP1121,2026-06-05,4,Happy
EMP1121,2026-06-07,4,Happy
EMP1121,2026-06-09,3,Okay
EMP1121,2026-06-11,3,Okay
EMP1121,2026-06-13,3,Okay
EMP1121,2026-06-15,4,Happy
EMP1121,2026-06-17,3,Okay
EMP1121,2026-06-21,4,Happy
EMP1121,2026-06-23,4,Happy
EMP1121,2026-06-25,3,Okay
EMP1121,2026-06-27,2,Sad
EMP1121,2026-06-29,4,Happy
EMP1121,2026-07-03,4,Happy
EMP1121,2026-07-05,5,Excited
EMP1121,2026-07-07,5,Excited
EMP1121,2026-07-11,4,Happy
EMP1121,2026-07-13,5,Excited
EMP1121,2026-07-15,4,Happy
EMP1121,2026-07-17,4,Happy
EMP1121,2026-07-19,4,Happy
EMP1121,2026-07-21,4,Happy
EMP1121,2026-07-23,3,Okay
EMP1121,2026-07-25,3,Okay
EMP1121,2026-07-27,4,Happy
EMP1121,2026-07-29,3,Okay
EMP1121,2026-07-31,4,Happy
EMP1121,2026-08-02,3,Okay
EMP1121,2026-08-04,5,Excited
EMP1121,2026-08-06,4,Happy
EMP1121,2026-08-08,3,Okay
EMP1121,2026-08-10,4,Happy
EMP1121,2026-08-12,3,Okay
EMP1121,2026-08-14,4,Happy
EMP1121,2026-08-16,4,Happy
EMP1121,2026-08-20,4,Happy
EMP1121,2026-08-22,3,Okay
EMP1121,2026-08-24,4,Happy
EMP1121,2026-08-26,4,Happy
EMP1122,2026-04-30,2,Sad
EMP1122,2026-05-04,2,Sad
EMP1122,2026-05-10,2,Sad
EMP1122,2026-05-12,3,Okay
EMP1122,2026-05-14,2,Sad
EMP1122,2026-05-16,4,Happy
EMP1122,2026-05-18,2,Sad
EMP1122,2026-05-20,2,Sad
EMP1122,2026-05-22,1,Frustrated
EMP1122,2026-05-24,3,Okay
EMP1122,2026-05-26,2,Sad
EMP1122,2026-05-28,3,Okay
EMP1122,2026-05-30,1,Frustrated
EMP1122,2026-06-01,2,Sad
EMP1122,2026-06-03,2,Sad
EMP1122,2026-06-05,2,Sad
EMP1122,2026-06-07,2,Sad
EMP1122,2026-06-11,2,Sad
EMP1122,2026-06-13,1,Frustrated
EMP1122,2026-06-15,1,Frustrated
EMP1122,2026-06-19,1,Frustrated
EMP1122,2026-06-21,2,Sad
EMP1122,2026-06-23,1,Frustrated
EMP1122,2026-06-25,1,Frustrated
EMP1122,2026-06-27,2,Sad
EMP1122,2026-06-29,2,Sad
EMP1122,2026-07-01,1,Frustrated
EMP1122,2026-07-05,2,Sad
EMP1122,2026-07-07,2,Sad
EMP1122,2026-07-09,2,Sad
EMP1122,2026-07-11,1,Frustrated
EMP1122,2026-07-13,1,Frustrated
EMP1122,2026-07-15,1,Frustrated
EMP1122,2026-07-17,2,Sad
EMP1122,2026-07-19,2,Sad
EMP1122,2026-07-21,2,Sad
EMP1122,2026-07-23,2,Sad
EMP1122,2026-07-25,1,Frustrated
EMP1122,2026-07-27,1,Frustrated
EMP1122,2026-07-29,1,Frustrated
EMP1122,2026-07-31,3,Okay
EMP1122,2026-08-02,1,Frustrated
EMP1122,2026-08-04,2,Sad
EMP1122,2026-08-06,2,Sad
EMP1122,2026-08-08,1,Frustrated
EMP1122,2026-08-10,3,Okay
EMP1122,2026-08-12,2,Sad
EMP1122,2026-08-14,2,Sad
EMP1122,2026-08-18,2,Sad
EMP1122,2026-08-20,1,Frustrated
EMP1122,2026-08-22,1,Frustrated
EMP1122,2026-08-26,1,Frustrated
EMP1123,2026-04-28,4,Happy
EMP1123,2026-04-30,5,Excited
EMP1123,2026-05-02,4,Happy
EMP1123,2026-05-04,4,Happy
EMP1123,2026-05-06,2,Sad
EMP1123,2026-05-08,4,Happy
EMP1123,2026-05-10,4,Happy
EMP1123,2026-05-12,3,Okay
EMP1123,2026-05-14,3,Okay
EMP1123,2026-05-16,4,Happy
EMP1123,2026-05-18,3,Okay
EMP1123,2026-05-20,4,Happy
EMP1123,2026-05-22,3,Okay
EMP1123,2026-05-24,3,Okay
EMP1123,2026-05-26,4,Happy
EMP1123,2026-05-28,3,Okay
EMP1123,2026-05-30,4,Happy
EMP1123,2026-06-01,4,Happy
EMP1123,2026-06-03,3,Okay
EMP1123,2026-06-07,3,Okay
EMP1123,2026-06-09,4,Happy
EMP1123,2026-06-11,4,Happy
EMP1123,2026-06-13,3,Okay
EMP1123,2026-06-15,3,Okay
EMP1123,2026-06-17,2,Sad
EMP1123,2026-06-19,3,Okay
EMP1123,2026-06-21,3,Okay
EMP1123,2026-06-23,5,Excited
EMP1123,2026-06-25,4,Happy
EMP1123,2026-06-27,3,Okay
EMP1123,2026-06-29,4,Happy
EMP1123,2026-07-01,4,Happy
EMP1123,2026-07-03,3,Okay
EMP1123,2026-07-05,4,Happy
EMP1123,2026-07-07,4,Happy
EMP1123,2026-07-09,3,Okay
EMP1123,2026-07-13,4,Happy
EMP1123,2026-07-15,3,Okay
EMP1123,2026-07-17,4,Happy
EMP1123,2026-07-19,4,Happy
EMP1123,2026-07-25,4,Happy
EMP1123,2026-07-27,4,Happy
EMP1123,2026-07-29,4,Happy
EMP1123,2026-07-31,3,Okay
EMP1123,2026-08-02,4,Happy
EMP1123,2026-08-04,4,Happy
EMP1123,2026-08-06,4,Happy
EMP1123,2026-08-08,4,Happy
EMP1123,2026-08-10,3,Okay
EMP1123,2026-08-12,4,Happy
EMP1123,2026-08-14,3,Okay
EMP1123,2026-08-18,5,Excited
EMP1123,2026-08-20,4,Happy
EMP1123,2026-08-22,2,Sad
EMP1123,2026-08-24,4,Happy
EMP1123,2026-08-26,3,Okay
EMP1124,2026-04-28,4,Happy
EMP1124,2026-04-30,4,Happy
EMP1124,2026-05-02,3,Okay
EMP1124,2026-05-04,4,Happy
EMP1124,2026-05-06,4,Happy
EMP1124,2026-05-08,4,Happy
EMP1124,2026-05-10,3,Okay
EMP1124,2026-05-12,4,Happy
EMP1124,2026-05-14,4,Happy
EMP1124,2026-05-16,3,Okay
EMP1124,2026-05-18,4,Happy
EMP1124,2026-05-20,4,Happy
EMP1124,2026-05-22,3,Okay
EMP1124,2026-05-24,4,Happy
EMP1124,2026-05-26,3,Okay
EMP1124,2026-05-28,3,Okay
EMP1124,2026-05-30,3,Okay
EMP1124,2026-06-01,4,Happy
EMP1124,2026-06-03,3,Okay
EMP1124,2026-06-05,4,Happy
EMP1124,2026-06-07,4,Happy
EMP1124,2026-06-11,4,Happy
EMP1124,2026-06-13,3,Okay
EMP1124,2026-06-15,3,Okay
EMP1124,2026-06-17,4,Happy
EMP1124,2026-06-19,4,Happy
EMP1124,2026-06-21,4,Happy
EMP1124,2026-06-23,5,Excited
EMP1124,2026-06-25,4,Happy
EMP1124,2026-06-27,3,Okay
EMP1124,2026-06-29,3,Okay
EMP1124,2026-07-03,5,Excited
EMP1124,2026-07-05,4,Happy
EMP1124,2026-07-07,3,Okay
EMP1124,2026-07-09,4,Happy
EMP1124,2026-07-11,4,Happy
EMP1124,2026-07-13,4,Happy
EMP1124,2026-07-17,2,Sad
EMP1124,2026-07-19,3,Okay
EMP1124,2026-07-21,4,Happy
EMP1124,2026-07-23,4,Happy
EMP1124,2026-07-25,2,Sad
EMP1124,2026-07-29,2,Sad
EMP1124,2026-07-31,5,Excited
EMP1124,2026-08-02,4,Happy
EMP1124,2026-08-08,3,Okay
EMP1124,2026-08-10,4,Happy
EMP1124,2026-08-12,4,Happy
EMP1124,2026-08-14,3,Okay
EMP1124,2026-08-16,4,Happy
EMP1124,2026-08-18,3,Okay
EMP1124,2026-08-20,4,Happy
EMP1124,2026-08-22,4,Happy
EMP1124,2026-08-24,3,Okay
EMP1124,2026-08-26,2,Sad
EMP1125,2026-05-02,3,Okay
EMP1125,2026-05-04,5,Excited
EMP1125,2026-05-08,3,Okay
EMP1125,2026-05-10,4,Happy
EMP1125,2026-05-12,3,Okay
EMP1125,2026-05-14,5,Excited
EMP1125,2026-05-16,4,Happy
EMP1125,2026-05-18,2,Sad
EMP1125,2026-05-20,5,Excited
EMP1125,2026-05-22,4,Happy
EMP1125,2026-05-24,3,Okay
EMP1125,2026-05-26,3,Okay
EMP1125,2026-05-28,3,Okay
EMP1125,2026-05-30,4,Happy
EMP1125,2026-06-01,4,Happy
EMP1125,2026-06-03,4,Happy
EMP1125,2026-06-05,3,Okay
EMP1125,2026-06-07,3,Okay
EMP1125,2026-06-09,4,Happy
EMP1125,2026-06-11,4,Happy
EMP1125,2026-06-13,5,Excited
EMP1125,2026-06-15,3,Okay
EMP1125,2026-06-17,4,Happy
EMP1125,2026-06-19,4,Happy
EMP1125,2026-06-21,3,Okay
EMP1125,2026-06-23,4,Happy
EMP1125,2026-06-25,4,Happy
EMP1125,2026-06-27,3,Okay
EMP1125,2026-06-29,3,Okay
EMP1125,2026-07-01,4,Happy
EMP1125,2026-07-03,3,Okay
EMP1125,2026-07-05,5,Excited
EMP1125,2026-07-09,3,Okay
EMP1125,2026-07-11,4,Happy
EMP1125,2026-07-13,5,Excited
EMP1125,2026-07-17,4,Happy
EMP1125,2026-07-19,5,Excited
EMP1125,2026-07-21,5,Excited
EMP1125,2026-07-23,3,Okay
EMP1125,2026-07-25,3,Okay
EMP1125,2026-07-27,3,Okay
EMP1125,2026-07-29,3,Okay
EMP1125,2026-07-31,3,Okay
EMP1125,2026-08-02,4,Happy
EMP1125,2026-08-04,4,Happy
EMP1125,2026-08-06,4,Happy
EMP1125,2026-08-08,5,Excited
EMP1125,2026-08-10,3,Okay
EMP1125,2026-08-12,4,Happy
EMP1125,2026-08-14,4,Happy
EMP1125,2026-08-16,3,Okay
EMP1125,2026-08-18,4,Happy
EMP1125,2026-08-20,4,Happy
EMP1125,2026-08-22,4,Happy
EMP1125,2026-08-26,3,Okay
EMP1126,2026-04-28,4,Happy
EMP1126,2026-05-02,4,Happy
EMP1126,2026-05-04,3,Okay
EMP1126,2026-05-06,4,Happy
EMP1126,2026-05-08,4,Happy
EMP1126,2026-05-10,4,Happy
EMP1126,2026-05-12,5,Excited
EMP1126,2026-05-14,5,Excited
EMP1126,2026-05-16,4,Happy
EMP1126,2026-05-18,3,Okay
EMP1126,2026-05-20,3,Okay
EMP1126,2026-05-22,4,Happy
EMP1126,2026-05-24,3,Okay
EMP1126,2026-05-26,3,Okay
EMP1126,2026-05-28,3,Okay
EMP1126,2026-06-01,5,Excited
EMP1126,2026-06-05,3,Okay
EMP1126,2026-06-07,4,Happy
EMP1126,2026-06-11,4,Happy
EMP1126,2026-06-13,4,Happy
EMP1126,2026-06-15,3,Okay
EMP1126,2026-06-17,3,Okay
EMP1126,2026-06-19,3,Okay
EMP1126,2026-06-21,2,Sad
EMP1126,2026-06-23,5,Excited
EMP1126,2026-06-25,4,Happy
EMP1126,2026-06-29,3,Okay
EMP1126,2026-07-01,4,Happy
EMP1126,2026-07-03,5,Excited
EMP1126,2026-07-05,3,Okay
EMP1126,2026-07-07,3,Okay
EMP1126,2026-07-11,4,Happy
EMP1126,2026-07-13,4,Happy
EMP1126,2026-07-15,5,Excited
EMP1126,2026-07-17,4,Happy
EMP1126,2026-07-19,3,Okay
EMP1126,2026-07-21,3,Okay
EMP1126,2026-07-23,4,Happy
EMP1126,2026-07-27,4,Happy
EMP1126,2026-07-29,4,Happy
EMP1126,2026-07-31,3,Okay
EMP1126,2026-08-02,3,Okay
EMP1126,2026-08-04,4,Happy
EMP1126,2026-08-06,5,Excited
EMP1126,2026-08-08,3,Okay
EMP1126,2026-08-10,4,Happy
EMP1126,2026-08-14,3,Okay
EMP1126,2026-08-16,3,Okay
EMP1126,2026-08-18,3,Okay
EMP1126,2026-08-20,4,Happy
EMP1126,2026-08-22,4,Happy
EMP1126,2026-08-24,3,Okay
EMP1126,2026-08-26,3,Okay
EMP1127,2026-04-28,2,Sad
EMP1127,2026-04-30,2,Sad
EMP1127,2026-05-04,3,Okay
EMP1127,2026-05-06,2,Sad
EMP1127,2026-05-08,2,Sad
EMP1127,2026-05-10,3,Okay
EMP1127,2026-05-16,2,Sad
EMP1127,2026-05-18,3,Okay
EMP1127,2026-05-20,3,Okay
EMP1127,2026-05-22,2,Sad
EMP1127,2026-05-24,2,Sad
EMP1127,2026-05-26,2,Sad
EMP1127,2026-05-28,3,Okay
EMP1127,2026-05-30,2,Sad
EMP1127,2026-06-01,3,Okay
EMP1127,2026-06-03,2,Sad
EMP1127,2026-06-05,2,Sad
EMP1127,2026-06-09,3,Okay
EMP1127,2026-06-11,1,Frustrated
EMP1127,2026-06-13,3,Okay
EMP1127,2026-06-15,1,Frustrated
EMP1127,2026-06-17,2,Sad
EMP1127,2026-06-19,2,Sad
EMP1127,2026-06-21,3,Okay
EMP1127,2026-06-23,2,Sad
EMP1127,2026-06-25,2,Sad
EMP1127,2026-06-27,3,Okay
EMP1127,2026-06-29,2,Sad
EMP1127,2026-07-01,3,Okay
EMP1127,2026-07-03,4,Happy
EMP1127,2026-07-05,2,Sad
EMP1127,2026-07-07,1,Frustrated
EMP1127,2026-07-09,2,Sad
EMP1127,2026-07-11,1,Frustrated
EMP1127,2026-07-13,2,Sad
EMP1127,2026-07-15,2,Sad
EMP1127,2026-07-17,1,Frustrated
EMP1127,2026-07-19,1,Frustrated
EMP1127,2026-07-21,2,Sad
EMP1127,2026-07-23,2,Sad
EMP1127,2026-07-25,1,Frustrated
EMP1127,2026-07-27,2,Sad
EMP1127,2026-07-29,2,Sad
EMP1127,2026-07-31,2,Sad
EMP1127,2026-08-02,2,Sad
EMP1127,2026-08-04,1,Frustrated
EMP1127,2026-08-06,2,Sad
EMP1127,2026-08-08,2,Sad
EMP1127,2026-08-10,2,Sad
EMP1127,2026-08-12,2,Sad
EMP1127,2026-08-14,2,Sad
EMP1127,2026-08-16,1,Frustrated
EMP1127,2026-08-18,2,Sad
EMP1127,2026-08-20,2,Sad
EMP1127,2026-08-22,1,Frustrated
EMP1127,2026-08-26,1,Frustrated
EMP1128,2026-04-28,2,Sad
EMP1128,2026-04-30,4,Happy
EMP1128,2026-05-02,4,Happy
EMP1128,2026-05-04,3,Okay
EMP1128,2026-05-06,3,Okay
EMP1128,2026-05-08,5,Excited
EMP1128,2026-05-10,4,Happy
EMP1128,2026-05-12,3,Okay
EMP1128,2026-05-14,4,Happy
EMP1128,2026-05-16,3,Okay
EMP1128,2026-05-18,2,Sad
EMP1128,2026-05-20,4,Happy
EMP1128,2026-05-22,5,Excited
EMP1128,2026-05-24,5,Excited
EMP1128,2026-05-26,4,Happy
EMP1128,2026-05-30,4,Happy
EMP1128,2026-06-01,4,Happy
EMP1128,2026-06-03,3,Okay
EMP1128,2026-06-05,2,Sad
EMP1128,2026-06-09,4,Happy
EMP1128,2026-06-11,5,Excited
EMP1128,2026-06-13,4,Happy
EMP1128,2026-06-17,3,Okay
EMP1128,2026-06-19,4,Happy
EMP1128,2026-06-21,5,Excited
EMP1128,2026-06-23,4,Happy
EMP1128,2026-06-25,3,Okay
EMP1128,2026-06-27,4,Happy
EMP1128,2026-06-29,3,Okay
EMP1128,2026-07-01,3,Okay
EMP1128,2026-07-03,4,Happy
EMP1128,2026-07-05,5,Excited
EMP1128,2026-07-07,4,Happy
EMP1128,2026-07-09,3,Okay
EMP1128,2026-07-11,4,Happy
EMP1128,2026-07-13,4,Happy
EMP1128,2026-07-15,3,Okay
EMP1128,2026-07-17,2,Sad
EMP1128,2026-07-23,4,Happy
EMP1128,2026-07-27,3,Okay
EMP1128,2026-07-29,4,Happy
EMP1128,2026-07-31,4,Happy
EMP1128,2026-08-02,4,Happy
EMP1128,2026-08-04,3,Okay
EMP1128,2026-08-06,4,Happy
EMP1128,2026-08-08,3,Okay
EMP1128,2026-08-10,3,Okay
EMP1128,2026-08-12,3,Okay
EMP1128,2026-08-16,3,Okay
EMP1128,2026-08-18,4,Happy
EMP1128,2026-08-20,4,Happy
EMP1128,2026-08-22,3,Okay
EMP1128,2026-08-24,5,Excited
EMP1128,2026-08-26,3,Okay
EMP1129,2026-04-28,4,Happy
EMP1129,2026-04-30,4,Happy
EMP1129,2026-05-02,4,Happy
EMP1129,2026-05-06,4,Happy
EMP1129,2026-05-08,4,Happy
EMP1129,2026-05-10,5,Excited
EMP1129,2026-05-12,2,Sad
EMP1129,2026-05-14,3,Okay
EMP1129,2026-05-18,3,Okay
EMP1129,2026-05-20,5,Excited
EMP1129,2026-05-22,3,Okay
EMP1129,2026-05-24,4,Happy
EMP1129,2026-05-26,4,Happy
EMP1129,2026-05-28,3,Okay
EMP1129,2026-05-30,3,Okay
EMP1129,2026-06-01,3,Okay
EMP1129,2026-06-03,4,Happy
EMP1129,2026-06-05,4,Happy
EMP1129,2026-06-07,3,Okay
EMP1129,2026-06-09,4,Happy
EMP1129,2026-06-11,2,Sad
EMP1129,2026-06-13,1,Frustrated
EMP1129,2026-06-15,3,Okay
EMP1129,2026-06-17,4,Happy
EMP1129,2026-06-19,3,Okay
EMP1129,2026-06-21,3,Okay
EMP1129,2026-06-23,4,Happy
EMP1129,2026-06-25,5,Excited
EMP1129,2026-06-27,4,Happy
EMP1129,2026-06-29,3,Okay
EMP1129,2026-07-01,3,Okay
EMP1129,2026-07-03,5,Excited
EMP1129,2026-07-05,4,Happy
EMP1129,2026-07-07,4,Happy
EMP1129,2026-07-09,4,Happy
EMP1129,2026-07-15,4,Happy
EMP1129,2026-07-17,4,Happy
EMP1129,2026-07-19,4,Happy
EMP1129,2026-07-21,4,Happy
EMP1129,2026-07-23,3,Okay
EMP1129,2026-07-27,3,Okay
EMP1129,2026-07-29,4,Happy
EMP1129,2026-07-31,3,Okay
EMP1129,2026-08-02,4,Happy
EMP1129,2026-08-06,4,Happy
EMP1129,2026-08-08,3,Okay
EMP1129,2026-08-10,4,Happy
EMP1129,2026-08-12,4,Happy
EMP1129,2026-08-14,3,Okay
EMP1129,2026-08-16,3,Okay
EMP1129,2026-08-18,2,Sad
EMP1129,2026-08-20,4,Happy
EMP1129,2026-08-22,3,Okay
EMP1129,2026-08-24,3,Okay
EMP1129,2026-08-26,3,Okay
EMP1130,2026-04-28,4,Happy
EMP1130,2026-04-30,3,Okay
EMP1130,2026-05-02,4,Happy
EMP1130,2026-05-04,4,Happy
EMP1130,2026-05-06,5,Excited
EMP1130,2026-05-08,4,Happy
EMP1130,2026-05-10,4,Happy
EMP1130,2026-05-12,3,Okay
EMP1130,2026-05-14,5,Excited
EMP1130,2026-05-16,4,Happy
EMP1130,2026-05-18,4,Happy
EMP1130,2026-05-20,4,Happy
EMP1130,2026-05-22,4,Happy
EMP1130,2026-05-24,3,Okay
EMP1130,2026-05-28,4,Happy
EMP1130,2026-05-30,3,Okay
EMP1130,2026-06-01,4,Happy
EMP1130,2026-06-03,4,Happy
EMP1130,2026-06-07,4,Happy
EMP1130,2026-06-09,4,Happy
EMP1130,2026-06-11,4,Happy
EMP1130,2026-06-13,4,Happy
EMP1130,2026-06-15,3,Okay
EMP1130,2026-06-17,4,Happy
EMP1130,2026-06-19,4,Happy
EMP1130,2026-06-21,3,Okay
EMP1130,2026-06-23,4,Happy
EMP1130,2026-06-25,3,Okay
EMP1130,2026-06-27,4,Happy
EMP1130,2026-06-29,5,Excited
EMP1130,2026-07-01,3,Okay
EMP1130,2026-07-03,4,Happy
EMP1130,2026-07-05,4,Happy
EMP1130,2026-07-07,4,Happy
EMP1130,2026-07-09,3,Okay
EMP1130,2026-07-11,4,Happy
EMP1130,2026-07-13,4,Happy
EMP1130,2026-07-15,4,Happy
EMP1130,2026-07-17,4,Happy
EMP1130,2026-07-19,4,Happy
EMP1130,2026-07-21,4,Happy
EMP1130,2026-07-23,4,Happy
EMP1130,2026-07-27,4,Happy
EMP1130,2026-07-29,4,Happy
EMP1130,2026-07-31,4,Happy
EMP1130,2026-08-02,4,Happy
EMP1130,2026-08-04,3,Okay
EMP1130,2026-08-08,4,Happy
EMP1130,2026-08-10,4,Happy
EMP1130,2026-08-12,4,Happy
EMP1130,2026-08-14,4,Happy
EMP1130,2026-08-16,3,Okay
EMP1130,2026-08-18,4,Happy
EMP1130,2026-08-20,5,Excited
EMP1130,2026-08-22,3,Okay
EMP1130,2026-08-24,2,Sad
EMP1130,2026-08-26,4,Happy
EMP1131,2026-04-28,2,Sad
EMP1131,2026-05-04,2,Sad
EMP1131,2026-05-06,2,Sad
EMP1131,2026-05-10,2,Sad
EMP1131,2026-05-12,1,Frustrated
EMP1131,2026-05-14,2,Sad
EMP1131,2026-05-16,1,Frustrated
EMP1131,2026-05-18,3,Okay
EMP1131,2026-05-20,1,Frustrated
EMP1131,2026-05-22,2,Sad
EMP1131,2026-05-28,3,Okay
EMP1131,2026-05-30,1,Frustrated
EMP1131,2026-06-01,3,Okay
EMP1131,2026-06-03,1,Frustrated
EMP1131,2026-06-05,2,Sad
EMP1131,2026-06-07,3,Okay
EMP1131,2026-06-09,1,Frustrated
EMP1131,2026-06-13,2,Sad
EMP1131,2026-06-15,2,Sad
EMP1131,2026-06-17,1,Frustrated
EMP1131,2026-06-19,2,Sad
EMP1131,2026-06-21,1,Frustrated
EMP1131,2026-06-23,2,Sad
EMP1131,2026-06-25,2,Sad
EMP1131,2026-06-27,1,Frustrated
EMP1131,2026-06-29,2,Sad
EMP1131,2026-07-03,3,Okay
EMP1131,2026-07-05,1,Frustrated
EMP1131,2026-07-07,2,Sad
EMP1131,2026-07-09,1,Frustrated
EMP1131,2026-07-11,1,Frustrated
EMP1131,2026-07-13,1,Frustrated
EMP1131,2026-07-15,1,Frustrated
EMP1131,2026-07-17,1,Frustrated
EMP1131,2026-07-19,1,Frustrated
EMP1131,2026-07-25,2,Sad
EMP1131,2026-07-27,1,Frustrated
EMP1131,2026-07-29,1,Frustrated
EMP1131,2026-08-02,2,Sad
EMP1131,2026-08-06,1,Frustrated
EMP1131,2026-08-10,1,Frustrated
EMP1131,2026-08-12,1,Frustrated
EMP1131,2026-08-16,1,Frustrated
EMP1131,2026-08-18,1,Frustrated
EMP1131,2026-08-20,2,Sad
EMP1131,2026-08-22,1,Frustrated
EMP1131,2026-08-26,2,Sad
EMP1132,2026-04-28,5,Excited
EMP1132,2026-04-30,3,Okay
EMP1132,2026-05-02,5,Excited
EMP1132,2026-05-04,4,Happy
EMP1132,2026-05-06,4,Happy
EMP1132,2026-05-08,3,Okay
EMP1132,2026-05-10,3,Okay
EMP1132,2026-05-12,3,Okay
EMP1132,2026-05-14,2,Sad
EMP1132,2026-05-16,4,Happy
EMP1132,2026-05-20,3,Okay
EMP1132,2026-05-22,4,Happy
EMP1132,2026-05-24,5,Excited
EMP1132,2026-05-26,4,Happy
EMP1132,2026-05-28,3,Okay
EMP1132,2026-06-01,3,Okay
EMP1132,2026-06-03,4,Happy
EMP1132,2026-06-05,3,Okay
EMP1132,2026-06-07,3,Okay
EMP1132,2026-06-09,4,Happy
EMP1132,2026-06-11,4,Happy
EMP1132,2026-06-15,4,Happy
EMP1132,2026-06-17,4,Happy
EMP1132,2026-06-19,3,Okay
EMP1132,2026-06-21,4,Happy
EMP1132,2026-06-23,3,Okay
EMP1132,2026-06-25,3,Okay
EMP1132,2026-06-27,4,Happy
EMP1132,2026-06-29,3,Okay
EMP1132,2026-07-01,4,Happy
EMP1132,2026-07-03,3,Okay
EMP1132,2026-07-05,3,Okay
EMP1132,2026-07-07,3,Okay
EMP1132,2026-07-09,3,Okay
EMP1132,2026-07-11,4,Happy
EMP1132,2026-07-13,4,Happy
EMP1132,2026-07-15,3,Okay
EMP1132,2026-07-17,3,Okay
EMP1132,2026-07-19,5,Excited
EMP1132,2026-07-25,4,Happy
EMP1132,2026-07-27,4,Happy
EMP1132,2026-07-29,3,Okay
EMP1132,2026-07-31,4,Happy
EMP1132,2026-08-02,5,Excited
EMP1132,2026-08-04,4,Happy
EMP1132,2026-08-06,4,Happy
EMP1132,2026-08-08,3,Okay
EMP1132,2026-08-12,5,Excited
EMP1132,2026-08-14,4,Happy
EMP1132,2026-08-16,4,Happy
EMP1132,2026-08-18,4,Happy
EMP1132,2026-08-20,4,Happy
EMP1132,2026-08-22,5,Excited
EMP1132,2026-08-24,4,Happy
EMP1132,2026-08-26,4,Happy
EMP1133,2026-04-28,3,Okay
EMP1133,2026-04-30,5,Excited
EMP1133,2026-05-02,4,Happy
EMP1133,2026-05-04,4,Happy
EMP1133,2026-05-06,5,Excited
EMP1133,2026-05-08,3,Okay
EMP1133,2026-05-10,4,Happy
EMP1133,2026-05-12,3,Okay
EMP1133,2026-05-14,4,Happy
EMP1133,2026-05-16,3,Okay
EMP1133,2026-05-18,4,Happy
EMP1133,2026-05-20,4,Happy
EMP1133,2026-05-22,3,Okay
EMP1133,2026-05-24,3,Okay
EMP1133,2026-05-26,4,Happy
EMP1133,2026-05-28,3,Okay
EMP1133,2026-05-30,4,Happy
EMP1133,2026-06-03,4,Happy
EMP1133,2026-06-07,4,Happy
EMP1133,2026-06-09,3,Okay
EMP1133,2026-06-11,4,Happy
EMP1133,2026-06-13,4,Happy
EMP1133,2026-06-15,3,Okay
EMP1133,2026-06-17,3,Okay
EMP1133,2026-06-19,3,Okay
EMP1133,2026-06-21,5,Excited
EMP1133,2026-06-23,3,Okay
EMP1133,2026-06-25,3,Okay
EMP1133,2026-06-27,4,Happy
EMP1133,2026-06-29,4,Happy
EMP1133,2026-07-01,4,Happy
EMP1133,2026-07-03,3,Okay
EMP1133,2026-07-05,3,Okay
EMP1133,2026-07-07,5,Excited
EMP1133,2026-07-09,4,Happy
EMP1133,2026-07-11,3,Okay
EMP1133,2026-07-13,4,Happy
EMP1133,2026-07-15,4,Happy
EMP1133,2026-07-17,3,Okay
EMP1133,2026-07-19,4,Happy
EMP1133,2026-07-23,4,Happy
EMP1133,2026-07-25,4,Happy
EMP1133,2026-07-27,3,Okay
EMP1133,2026-07-29,3,Okay
EMP1133,2026-07-31,2,Sad
EMP1133,2026-08-02,4,Happy
EMP1133,2026-08-04,3,Okay
EMP1133,2026-08-06,3,Okay
EMP1133,2026-08-08,5,Excited
EMP1133,2026-08-10,3,Okay
EMP1133,2026-08-12,4,Happy
EMP1133,2026-08-14,3,Okay
EMP1133,2026-08-18,4,Happy
EMP1133,2026-08-22,5,Excited
EMP1133,2026-08-24,3,Okay
EMP1133,2026-08-26,3,Okay
EMP1134,2026-04-28,3,Okay
EMP1134,2026-04-30,4,Happy
EMP1134,2026-05-04,4,Happy
EMP1134,2026-05-06,4,Happy
EMP1134,2026-05-08,5,Excited
EMP1134,2026-05-10,3,Okay
EMP1134,2026-05-12,4,Happy
EMP1134,2026-05-14,2,Sad
EMP1134,2026-05-16,3,Okay
EMP1134,2026-05-18,4,Happy
EMP1134,2026-05-20,4,Happy
EMP1134,2026-05-24,4,Happy
EMP1134,2026-05-26,3,Okay
EMP1134,2026-05-28,3,Okay
EMP1134,2026-05-30,4,Happy
EMP1134,2026-06-01,4,Happy
EMP1134,2026-06-03,4,Happy
EMP1134,2026-06-05,4,Happy
EMP1134,2026-06-09,2,Sad
EMP1134,2026-06-11,3,Okay
EMP1134,2026-06-15,3,Okay
EMP1134,2026-06-17,4,Happy
EMP1134,2026-06-19,4,Happy
EMP1134,2026-06-23,4,Happy
EMP1134,2026-06-25,4,Happy
EMP1134,2026-06-27,3,Okay
EMP1134,2026-06-29,3,Okay
EMP1134,2026-07-01,4,Happy
EMP1134,2026-07-03,4,Happy
EMP1134,2026-07-05,5,Excited
EMP1134,2026-07-09,4,Happy
EMP1134,2026-07-11,3,Okay
EMP1134,2026-07-13,3,Okay
EMP1134,2026-07-15,4,Happy
EMP1134,2026-07-17,2,Sad
EMP1134,2026-07-19,4,Happy
EMP1134,2026-07-21,4,Happy
EMP1134,2026-07-23,4,Happy
EMP1134,2026-07-25,3,Okay
EMP1134,2026-07-29,4,Happy
EMP1134,2026-07-31,4,Happy
EMP1134,2026-08-02,5,Excited
EMP1134,2026-08-04,4,Happy
EMP1134,2026-08-06,4,Happy
EMP1134,2026-08-12,4,Happy
EMP1134,2026-08-16,4,Happy
EMP1134,2026-08-18,3,Okay
EMP1134,2026-08-20,3,Okay
EMP1134,2026-08-22,4,Happy
EMP1134,2026-08-24,3,Okay
EMP1134,2026-08-26,4,Happy
EMP1135,2026-04-28,3,Okay
EMP1135,2026-04-30,4,Happy
EMP1135,2026-05-02,4,Happy
EMP1135,2026-05-04,5,Excited
EMP1135,2026-05-06,4,Happy
EMP1135,2026-05-08,3,Okay
EMP1135,2026-05-10,4,Happy
EMP1135,2026-05-12,4,Happy
EMP1135,2026-05-14,5,Excited
EMP1135,2026-05-16,2,Sad
EMP1135,2026-05-18,4,Happy
EMP1135,2026-05-22,4,Happy
EMP1135,2026-05-24,4,Happy
EMP1135,2026-05-26,4,Happy
EMP1135,2026-05-28,4,Happy
EMP1135,2026-05-30,4,Happy
EMP1135,2026-06-01,3,Okay
EMP1135,2026-06-03,4,Happy
EMP1135,2026-06-05,4,Happy
EMP1135,2026-06-07,4,Happy
EMP1135,2026-06-13,4,Happy
EMP1135,2026-06-15,3,Okay
EMP1135,2026-06-19,3,Okay
EMP1135,2026-06-25,4,Happy
EMP1135,2026-06-27,4,Happy
EMP1135,2026-06-29,5,Excited
EMP1135,2026-07-01,5,Excited
EMP1135,2026-07-03,3,Okay
EMP1135,2026-07-05,4,Happy
EMP1135,2026-07-07,5,Excited
EMP1135,2026-07-11,3,Okay
EMP1135,2026-07-13,3,Okay
EMP1135,2026-07-15,4,Happy
EMP1135,2026-07-17,3,Okay
EMP1135,2026-07-19,3,Okay
EMP1135,2026-07-21,4,Happy
EMP1135,2026-07-23,3,Okay
EMP1135,2026-07-25,2,Sad
EMP1135,2026-07-27,4,Happy
EMP1135,2026-07-29,4,Happy
EMP1135,2026-08-02,4,Happy
EMP1135,2026-08-04,4,Happy
EMP1135,2026-08-06,3,Okay
EMP1135,2026-08-08,3,Okay
EMP1135,2026-08-10,3,Okay
EMP1135,2026-08-12,3,Okay
EMP1135,2026-08-14,4,Happy
EMP1135,2026-08-16,4,Happy
EMP1135,2026-08-18,5,Excited
EMP1135,2026-08-20,4,Happy
EMP1135,2026-08-22,2,Sad
EMP1135,2026-08-24,4,Happy
EMP1135,2026-08-26,4,Happy
EMP1136,2026-04-28,2,Sad
EMP1136,2026-04-30,2,Sad
EMP1136,2026-05-02,3,Okay
EMP1136,2026-05-04,3,Okay
EMP1136,2026-05-06,2,Sad
EMP1136,2026-05-08,2,Sad
EMP1136,2026-05-10,2,Sad
EMP1136,2026-05-12,2,Sad
EMP1136,2026-05-14,2,Sad
EMP1136,2026-05-16,3,Okay
EMP1136,2026-05-18,2,Sad
EMP1136,2026-05-20,2,Sad
EMP1136,2026-05-22,1,Frustrated
EMP1136,2026-05-24,4,Happy
EMP1136,2026-05-28,3,Okay
EMP1136,2026-05-30,2,Sad
EMP1136,2026-06-01,3,Okay
EMP1136,2026-06-03,2,Sad
EMP1136,2026-06-05,3,Okay
EMP1136,2026-06-09,3,Okay
EMP1136,2026-06-11,2,Sad
EMP1136,2026-06-13,2,Sad
EMP1136,2026-06-15,2,Sad
EMP1136,2026-06-17,4,Happy
EMP1136,2026-06-19,2,Sad
EMP1136,2026-06-21,3,Okay
EMP1136,2026-06-23,2,Sad
EMP1136,2026-06-29,3,Okay
EMP1136,2026-07-01,3,Okay
EMP1136,2026-07-05,2,Sad
EMP1136,2026-07-07,2,Sad
EMP1136,2026-07-09,2,Sad
EMP1136,2026-07-11,2,Sad
EMP1136,2026-07-13,2,Sad
EMP1136,2026-07-15,2,Sad
EMP1136,2026-07-17,3,Okay
EMP1136,2026-07-19,3,Okay
EMP1136,2026-07-21,3,Okay
EMP1136,2026-07-23,3,Okay
EMP1136,2026-07-25,1,Frustrated
EMP1136,2026-07-27,3,Okay
EMP1136,2026-07-29,3,Okay
EMP1136,2026-08-02,2,Sad
EMP1136,2026-08-04,3,Okay
EMP1136,2026-08-06,3,Okay
EMP1136,2026-08-12,3,Okay
EMP1136,2026-08-14,3,Okay
EMP1136,2026-08-16,4,Happy
EMP1136,2026-08-18,3,Okay
EMP1136,2026-08-20,3,Okay
EMP1136,2026-08-22,3,Okay
EMP1136,2026-08-24,3,Okay
EMP1136,2026-08-26,3,Okay
EMP1137,2026-04-28,3,Okay
EMP1137,2026-04-30,4,Happy
EMP1137,2026-05-02,3,Okay
EMP1137,2026-05-04,3,Okay
EMP1137,2026-05-06,4,Happy
EMP1137,2026-05-08,3,Okay
EMP1137,2026-05-10,3,Okay
EMP1137,2026-05-12,2,Sad
EMP1137,2026-05-14,4,Happy
EMP1137,2026-05-16,4,Happy
EMP1137,2026-05-18,4,Happy
EMP1137,2026-05-20,4,Happy
EMP1137,2026-05-22,4,Happy
EMP1137,2026-05-24,3,Okay
EMP1137,2026-05-28,3,Okay
EMP1137,2026-05-30,4,Happy
EMP1137,2026-06-01,5,Excited
EMP1137,2026-06-05,4,Happy
EMP1137,2026-06-07,3,Okay
EMP1137,2026-06-09,4,Happy
EMP1137,2026-06-11,3,Okay
EMP1137,2026-06-13,3,Okay
EMP1137,2026-06-15,4,Happy
EMP1137,2026-06-17,4,Happy
EMP1137,2026-06-19,3,Okay
EMP1137,2026-06-23,4,Happy
EMP1137,2026-06-29,3,Okay
EMP1137,2026-07-03,3,Okay
EMP1137,2026-07-05,4,Happy
EMP1137,2026-07-09,4,Happy
EMP1137,2026-07-13,3,Okay
EMP1137,2026-07-15,3,Okay
EMP1137,2026-07-17,5,Excited
EMP1137,2026-07-19,4,Happy
EMP1137,2026-07-21,3,Okay
EMP1137,2026-07-23,4,Happy
EMP1137,2026-07-25,3,Okay
EMP1137,2026-07-27,4,Happy
EMP1137,2026-07-31,4,Happy
EMP1137,2026-08-02,3,Okay
EMP1137,2026-08-04,4,Happy
EMP1137,2026-08-08,4,Happy
EMP1137,2026-08-10,4,Happy
EMP1137,2026-08-12,2,Sad
EMP1137,2026-08-14,5,Excited
EMP1137,2026-08-18,3,Okay
EMP1137,2026-08-20,3,Okay
EMP1137,2026-08-22,4,Happy
EMP1137,2026-08-24,4,Happy
EMP1137,2026-08-26,4,Happy
EMP1138,2026-04-28,3,Okay
EMP1138,2026-04-30,3,Okay
EMP1138,2026-05-02,4,Happy
EMP1138,2026-05-04,3,Okay
EMP1138,2026-05-06,4,Happy
EMP1138,2026-05-08,2,Sad
EMP1138,2026-05-10,3,Okay
EMP1138,2026-05-14,4,Happy
EMP1138,2026-05-16,2,Sad
EMP1138,2026-05-18,3,Okay
EMP1138,2026-05-20,4,Happy
EMP1138,2026-05-22,4,Happy
EMP1138,2026-05-24,5,Excited
EMP1138,2026-05-26,5,Excited
EMP1138,2026-05-28,4,Happy
EMP1138,2026-05-30,4,Happy
EMP1138,2026-06-01,2,Sad
EMP1138,2026-06-03,3,Okay
EMP1138,2026-06-05,3,Okay
EMP1138,2026-06-07,3,Okay
EMP1138,2026-06-09,3,Okay
EMP1138,2026-06-11,3,Okay
EMP1138,2026-06-13,3,Okay
EMP1138,2026-06-15,4,Happy
EMP1138,2026-06-17,4,Happy
EMP1138,2026-06-19,3,Okay
EMP1138,2026-06-23,4,Happy
EMP1138,2026-06-25,3,Okay
EMP1138,2026-06-27,3,Okay
EMP1138,2026-06-29,2,Sad
EMP1138,2026-07-01,4,Happy
EMP1138,2026-07-03,4,Happy
EMP1138,2026-07-05,4,Happy
EMP1138,2026-07-07,4,Happy
EMP1138,2026-07-09,4,Happy
EMP1138,2026-07-13,4,Happy
EMP1138,2026-07-15,3,Okay
EMP1138,2026-07-17,3,Okay
EMP1138,2026-07-21,4,Happy
EMP1138,2026-07-23,4,Happy
EMP1138,2026-07-25,4,Happy
EMP1138,2026-07-27,4,Happy
EMP1138,2026-07-29,3,Okay
EMP1138,2026-07-31,3,Okay
EMP1138,2026-08-04,3,Okay
EMP1138,2026-08-06,3,Okay
EMP1138,2026-08-08,4,Happy
EMP1138,2026-08-12,2,Sad
EMP1138,2026-08-14,4,Happy
EMP1138,2026-08-16,4,Happy
EMP1138,2026-08-18,3,Okay
EMP1138,2026-08-20,4,Happy
EMP1138,2026-08-22,4,Happy
EMP1138,2026-08-24,3,Okay
EMP1138,2026-08-26,4,Happy
EMP1139,2026-04-28,2,Sad
EMP1139,2026-04-30,3,Okay
EMP1139,2026-05-02,2,Sad
EMP1139,2026-05-04,2,Sad
EMP1139,2026-05-06,2,Sad
EMP1139,2026-05-08,2,Sad
EMP1139,2026-05-10,2,Sad
EMP1139,2026-05-12,2,Sad
EMP1139,2026-05-14,1,Frustrated
EMP1139,2026-05-16,2,Sad
EMP1139,2026-05-18,2,Sad
EMP1139,2026-05-22,2,Sad
EMP1139,2026-05-24,2,Sad
EMP1139,2026-05-26,2,Sad
EMP1139,2026-05-28,2,Sad
EMP1139,2026-05-30,3,Okay
EMP1139,2026-06-01,2,Sad
EMP1139,2026-06-03,1,Frustrated
EMP1139,2026-06-05,2,Sad
EMP1139,2026-06-07,2,Sad
EMP1139,2026-06-09,2,Sad
EMP1139,2026-06-11,2,Sad
EMP1139,2026-06-13,1,Frustrated
EMP1139,2026-06-15,1,Frustrated
EMP1139,2026-06-17,1,Frustrated
EMP1139,2026-06-19,2,Sad
EMP1139,2026-06-21,2,Sad
EMP1139,2026-06-23,1,Frustrated
EMP1139,2026-06-25,2,Sad
EMP1139,2026-06-27,1,Frustrated
EMP1139,2026-06-29,2,Sad
EMP1139,2026-07-01,1,Frustrated
EMP1139,2026-07-03,1,Frustrated
EMP1139,2026-07-05,1,Frustrated
EMP1139,2026-07-07,1,Frustrated
EMP1139,2026-07-09,2,Sad
EMP1139,2026-07-13,1,Frustrated
EMP1139,2026-07-15,2,Sad
EMP1139,2026-07-17,1,Frustrated
EMP1139,2026-07-19,1,Frustrated
EMP1139,2026-07-21,2,Sad
EMP1139,2026-07-23,1,Frustrated
EMP1139,2026-07-25,1,Frustrated
EMP1139,2026-07-27,1,Frustrated
EMP1139,2026-07-29,1,Frustrated
EMP1139,2026-07-31,3,Okay
EMP1139,2026-08-02,2,Sad
EMP1139,2026-08-04,1,Frustrated
EMP1139,2026-08-06,1,Frustrated
EMP1139,2026-08-08,1,Frustrated
EMP1139,2026-08-10,2,Sad
EMP1139,2026-08-14,1,Frustrated
EMP1139,2026-08-16,2,Sad
EMP1139,2026-08-18,2,Sad
EMP1139,2026-08-20,1,Frustrated
EMP1139,2026-08-24,1,Frustrated
EMP1139,2026-08-26,1,Frustrated
EMP1140,2026-04-28,4,Happy
EMP1140,2026-05-02,2,Sad
EMP1140,2026-05-04,4,Happy
EMP1140,2026-05-06,4,Happy
EMP1140,2026-05-08,4,Happy
EMP1140,2026-05-10,3,Okay
EMP1140,2026-05-12,4,Happy
EMP1140,2026-05-14,4,Happy
EMP1140,2026-05-16,3,Okay
EMP1140,2026-05-18,4,Happy
EMP1140,2026-05-20,3,Okay
EMP1140,2026-05-22,4,Happy
EMP1140,2026-05-24,4,Happy
EMP1140,2026-05-26,3,Okay
EMP1140,2026-05-28,4,Happy
EMP1140,2026-05-30,4,Happy
EMP1140,2026-06-01,2,Sad
EMP1140,2026-06-03,3,Okay
EMP1140,2026-06-05,5,Excited
EMP1140,2026-06-07,3,Okay
EMP1140,2026-06-09,3,Okay
EMP1140,2026-06-11,3,Okay
EMP1140,2026-06-13,4,Happy
EMP1140,2026-06-15,2,Sad
EMP1140,2026-06-17,2,Sad
EMP1140,2026-06-19,3,Okay
EMP1140,2026-06-21,4,Happy
EMP1140,2026-06-23,4,Happy
EMP1140,2026-06-25,4,Happy
EMP1140,2026-06-27,4,Happy
EMP1140,2026-06-29,4,Happy
EMP1140,2026-07-01,4,Happy
EMP1140,2026-07-03,3,Okay
EMP1140,2026-07-05,3,Okay
EMP1140,2026-07-07,5,Excited
EMP1140,2026-07-09,5,Excited
EMP1140,2026-07-11,4,Happy
EMP1140,2026-07-13,4,Happy
EMP1140,2026-07-15,4,Happy
EMP1140,2026-07-17,3,Okay
EMP1140,2026-07-19,5,Excited
EMP1140,2026-07-21,3,Okay
EMP1140,2026-07-23,4,Happy
EMP1140,2026-07-25,5,Excited
EMP1140,2026-07-27,2,Sad
EMP1140,2026-07-29,4,Happy
EMP1140,2026-07-31,2,Sad
EMP1140,2026-08-02,3,Okay
EMP1140,2026-08-04,4,Happy
EMP1140,2026-08-06,3,Okay
EMP1140,2026-08-08,4,Happy
EMP1140,2026-08-10,3,Okay
EMP1140,2026-08-12,4,Happy
EMP1140,2026-08-14,3,Okay
EMP1140,2026-08-16,3,Okay
EMP1140,2026-08-18,3,Okay
EMP1140,2026-08-20,4,Happy
EMP1140,2026-08-22,3,Okay
EMP1140,2026-08-24,4,Happy
EMP1140,2026-08-26,3,Okay
EMP1141,2026-04-28,3,Okay
EMP1141,2026-05-02,4,Happy
EMP1141,2026-05-04,2,Sad
EMP1141,2026-05-06,4,Happy
EMP1141,2026-05-08,2,Sad
EMP1141,2026-05-10,4,Happy
EMP1141,2026-05-12,3,Okay
EMP1141,2026-05-14,3,Okay
EMP1141,2026-05-16,4,Happy
EMP1141,2026-05-18,3,Okay
EMP1141,2026-05-20,5,Excited
EMP1141,2026-05-24,5,Excited
EMP1141,2026-05-26,5,Excited
EMP1141,2026-05-28,3,Okay
EMP1141,2026-05-30,3,Okay
EMP1141,2026-06-01,4,Happy
EMP1141,2026-06-05,4,Happy
EMP1141,2026-06-07,3,Okay
EMP1141,2026-06-09,3,Okay
EMP1141,2026-06-11,3,Okay
EMP1141,2026-06-13,3,Okay
EMP1141,2026-06-15,3,Okay
EMP1141,2026-06-17,3,Okay
EMP1141,2026-06-21,5,Excited
EMP1141,2026-06-23,4,Happy
EMP1141,2026-06-25,4,Happy
EMP1141,2026-06-27,4,Happy
EMP1141,2026-06-29,5,Excited
EMP1141,2026-07-01,4,Happy
EMP1141,2026-07-03,3,Okay
EMP1141,2026-07-05,3,Okay
EMP1141,2026-07-09,5,Excited
EMP1141,2026-07-11,3,Okay
EMP1141,2026-07-13,2,Sad
EMP1141,2026-07-15,4,Happy
EMP1141,2026-07-17,4,Happy
EMP1141,2026-07-19,4,Happy
EMP1141,2026-07-21,4,Happy
EMP1141,2026-07-25,3,Okay
EMP1141,2026-07-27,2,Sad
EMP1141,2026-07-29,4,Happy
EMP1141,2026-07-31,3,Okay
EMP1141,2026-08-02,4,Happy
EMP1141,2026-08-04,3,Okay
EMP1141,2026-08-06,3,Okay
EMP1141,2026-08-08,3,Okay
EMP1141,2026-08-10,3,Okay
EMP1141,2026-08-12,3,Okay
EMP1141,2026-08-14,4,Happy
EMP1141,2026-08-16,5,Excited
EMP1141,2026-08-18,3,Okay
EMP1141,2026-08-20,3,Okay
EMP1141,2026-08-22,5,Excited
EMP1141,2026-08-24,4,Happy
EMP1142,2026-04-28,4,Happy
EMP1142,2026-04-30,5,Excited
EMP1142,2026-05-02,4,Happy
EMP1142,2026-05-04,4,Happy
EMP1142,2026-05-08,3,Okay
EMP1142,2026-05-10,3,Okay
EMP1142,2026-05-14,4,Happy
EMP1142,2026-05-16,4,Happy
EMP1142,2026-05-18,4,Happy
EMP1142,2026-05-20,4,Happy
EMP1142,2026-05-22,3,Okay
EMP1142,2026-05-24,2,Sad
EMP1142,2026-05-26,4,Happy
EMP1142,2026-05-28,4,Happy
EMP1142,2026-05-30,3,Okay
EMP1142,2026-06-01,4,Happy
EMP1142,2026-06-03,4,Happy
EMP1142,2026-06-05,4,Happy
EMP1142,2026-06-07,2,Sad
EMP1142,2026-06-09,3,Okay
EMP1142,2026-06-15,3,Okay
EMP1142,2026-06-17,3,Okay
EMP1142,2026-06-19,3,Okay
EMP1142,2026-06-21,3,Okay
EMP1142,2026-06-23,4,Happy
EMP1142,2026-06-25,2,Sad
EMP1142,2026-06-27,2,Sad
EMP1142,2026-06-29,4,Happy
EMP1142,2026-07-01,4,Happy
EMP1142,2026-07-03,3,Okay
EMP1142,2026-07-05,4,Happy
EMP1142,2026-07-07,4,Happy
EMP1142,2026-07-09,2,Sad
EMP1142,2026-07-11,3,Okay
EMP1142,2026-07-13,4,Happy
EMP1142,2026-07-15,3,Okay
EMP1142,2026-07-17,3,Okay
EMP1142,2026-07-19,4,Happy
EMP1142,2026-07-21,3,Okay
EMP1142,2026-07-23,3,Okay
EMP1142,2026-07-25,3,Okay
EMP1142,2026-07-27,3,Okay
EMP1142,2026-07-29,4,Happy
EMP1142,2026-07-31,2,Sad
EMP1142,2026-08-02,4,Happy
EMP1142,2026-08-04,2,Sad
EMP1142,2026-08-06,4,Happy
EMP1142,2026-08-08,3,Okay
EMP1142,2026-08-10,3,Okay
EMP1142,2026-08-12,4,Happy
EMP1142,2026-08-14,4,Happy
EMP1142,2026-08-16,4,Happy
EMP1142,2026-08-18,4,Happy
EMP1142,2026-08-20,4,Happy
EMP1142,2026-08-22,4,Happy
EMP1142,2026-08-24,4,Happy
EMP1142,2026-08-26,3,Okay
EMP1143,2026-04-28,4,Happy
EMP1143,2026-04-30,4,Happy
EMP1143,2026-05-02,4,Happy
EMP1143,2026-05-04,4,Happy
EMP1143,2026-05-06,4,Happy
EMP1143,2026-05-08,3,Okay
EMP1143,2026-05-10,3,Okay
EMP1143,2026-05-14,3,Okay
EMP1143,2026-05-18,4,Happy
EMP1143,2026-05-20,3,Okay
EMP1143,2026-05-22,5,Excited
EMP1143,2026-05-26,4,Happy
EMP1143,2026-05-28,4,Happy
EMP1143,2026-06-01,3,Okay
EMP1143,2026-06-03,5,Excited
EMP1143,2026-06-05,2,Sad
EMP1143,2026-06-07,4,Happy
EMP1143,2026-06-11,3,Okay
EMP1143,2026-06-13,4,Happy
EMP1143,2026-06-15,2,Sad
EMP1143,2026-06-17,4,Happy
EMP1143,2026-06-19,3,Okay
EMP1143,2026-06-21,3,Okay
EMP1143,2026-06-23,4,Happy
EMP1143,2026-06-25,5,Excited
EMP1143,2026-06-27,4,Happy
EMP1143,2026-06-29,4,Happy
EMP1143,2026-07-01,4,Happy
EMP1143,2026-07-03,3,Okay
EMP1143,2026-07-05,4,Happy
EMP1143,2026-07-09,4,Happy
EMP1143,2026-07-13,3,Okay
EMP1143,2026-07-15,5,Excited
EMP1143,2026-07-17,2,Sad
EMP1143,2026-07-19,4,Happy
EMP1143,2026-07-21,4,Happy
EMP1143,2026-07-23,4,Happy
EMP1143,2026-07-25,3,Okay
EMP1143,2026-07-27,3,Okay
EMP1143,2026-07-29,3,Okay
EMP1143,2026-07-31,4,Happy
EMP1143,2026-08-02,3,Okay
EMP1143,2026-08-04,3,Okay
EMP1143,2026-08-06,4,Happy
EMP1143,2026-08-08,4,Happy
EMP1143,2026-08-14,3,Okay
EMP1143,2026-08-16,5,Excited
EMP1143,2026-08-18,4,Happy
EMP1143,2026-08-20,4,Happy
EMP1143,2026-08-22,4,Happy
EMP1143,2026-08-24,5,Excited
EMP1143,2026-08-26,4,Happy
EMP1144,2026-04-28,3,Okay
EMP1144,2026-04-30,4,Happy
EMP1144,2026-05-04,3,Okay
EMP1144,2026-05-06,3,Okay
EMP1144,2026-05-08,3,Okay
EMP1144,2026-05-10,3,Okay
EMP1144,2026-05-12,4,Happy
EMP1144,2026-05-14,4,Happy
EMP1144,2026-05-16,3,Okay
EMP1144,2026-05-18,2,Sad
EMP1144,2026-05-20,3,Okay
EMP1144,2026-05-22,4,Happy
EMP1144,2026-05-24,4,Happy
EMP1144,2026-05-26,4,Happy
EMP1144,2026-05-28,1,Frustrated
EMP1144,2026-05-30,3,Okay
EMP1144,2026-06-01,3,Okay
EMP1144,2026-06-03,3,Okay
EMP1144,2026-06-07,3,Okay
EMP1144,2026-06-11,5,Excited
EMP1144,2026-06-13,4,Happy
EMP1144,2026-06-15,3,Okay
EMP1144,2026-06-17,4,Happy
EMP1144,2026-06-19,3,Okay
EMP1144,2026-06-23,3,Okay
EMP1144,2026-06-25,4,Happy
EMP1144,2026-06-27,4,Happy
EMP1144,2026-06-29,4,Happy
EMP1144,2026-07-01,4,Happy
EMP1144,2026-07-03,5,Excited
EMP1144,2026-07-05,4,Happy
EMP1144,2026-07-07,3,Okay
EMP1144,2026-07-09,2,Sad
EMP1144,2026-07-11,3,Okay
EMP1144,2026-07-13,4,Happy
EMP1144,2026-07-15,4,Happy
EMP1144,2026-07-17,4,Happy
EMP1144,2026-07-19,3,Okay
EMP1144,2026-07-21,3,Okay
EMP1144,2026-07-23,4,Happy
EMP1144,2026-07-25,4,Happy
EMP1144,2026-07-27,3,Okay
EMP1144,2026-07-31,5,Excited
EMP1144,2026-08-04,4,Happy
EMP1144,2026-08-06,2,Sad
EMP1144,2026-08-08,5,Excited
EMP1144,2026-08-10,4,Happy
EMP1144,2026-08-12,4,Happy
EMP1144,2026-08-14,3,Okay
EMP1144,2026-08-16,3,Okay
EMP1144,2026-08-18,4,Happy
EMP1144,2026-08-20,3,Okay
EMP1144,2026-08-22,4,Happy
EMP1144,2026-08-24,3,Okay
EMP1144,2026-08-26,5,Excited
EMP1145,2026-04-28,2,Sad
EMP1145,2026-04-30,3,Okay
EMP1145,2026-05-02,2,Sad
EMP1145,2026-05-04,3,Okay
EMP1145,2026-05-06,3,Okay
EMP1145,2026-05-08,2,Sad
EMP1145,2026-05-10,2,Sad
EMP1145,2026-05-14,3,Okay
EMP1145,2026-05-16,1,Frustrated
EMP1145,2026-05-18,1,Frustrated
EMP1145,2026-05-20,2,Sad
EMP1145,2026-05-22,2,Sad
EMP1145,2026-05-24,3,Okay
EMP1145,2026-05-26,2,Sad
EMP1145,2026-05-28,1,Frustrated
EMP1145,2026-05-30,2,Sad
EMP1145,2026-06-01,3,Okay
EMP1145,2026-06-03,2,Sad
EMP1145,2026-06-05,2,Sad
EMP1145,2026-06-07,2,Sad
EMP1145,2026-06-09,2,Sad
EMP1145,2026-06-11,3,Okay
EMP1145,2026-06-13,2,Sad
EMP1145,2026-06-15,2,Sad
EMP1145,2026-06-17,1,Frustrated
EMP1145,2026-06-19,1,Frustrated
EMP1145,2026-06-21,1,Frustrated
EMP1145,2026-06-23,2,Sad
EMP1145,2026-06-25,2,Sad
EMP1145,2026-06-27,2,Sad
EMP1145,2026-06-29,3,Okay
EMP1145,2026-07-01,2,Sad
EMP1145,2026-07-05,2,Sad
EMP1145,2026-07-07,3,Okay
EMP1145,2026-07-09,1,Frustrated
EMP1145,2026-07-11,2,Sad
EMP1145,2026-07-13,2,Sad
EMP1145,2026-07-15,2,Sad
EMP1145,2026-07-17,2,Sad
EMP1145,2026-07-21,1,Frustrated
EMP1145,2026-07-23,2,Sad
EMP1145,2026-07-25,2,Sad
EMP1145,2026-07-29,2,Sad
EMP1145,2026-07-31,2,Sad
EMP1145,2026-08-02,2,Sad
EMP1145,2026-08-04,2,Sad
EMP1145,2026-08-08,3,Okay
EMP1145,2026-08-10,2,Sad
EMP1145,2026-08-12,2,Sad
EMP1145,2026-08-14,2,Sad
EMP1145,2026-08-16,2,Sad
EMP1145,2026-08-18,1,Frustrated
EMP1145,2026-08-20,3,Okay
EMP1145,2026-08-22,1,Frustrated
EMP1145,2026-08-24,2,Sad
EMP1145,2026-08-26,2,Sad
EMP1146,2026-04-28,3,Okay
EMP1146,2026-04-30,3,Okay
EMP1146,2026-05-02,3,Okay
EMP1146,2026-05-04,3,Okay
EMP1146,2026-05-06,3,Okay
EMP1146,2026-05-08,3,Okay
EMP1146,2026-05-10,4,Happy
EMP1146,2026-05-14,4,Happy
EMP1146,2026-05-16,4,Happy
EMP1146,2026-05-18,2,Sad
EMP1146,2026-05-20,4,Happy
EMP1146,2026-05-22,4,Happy
EMP1146,2026-05-24,3,Okay
EMP1146,2026-05-26,4,Happy
EMP1146,2026-05-28,3,Okay
EMP1146,2026-05-30,3,Okay
EMP1146,2026-06-01,3,Okay
EMP1146,2026-06-03,3,Okay
EMP1146,2026-06-05,3,Okay
EMP1146,2026-06-07,4,Happy
EMP1146,2026-06-09,4,Happy
EMP1146,2026-06-11,4,Happy
EMP1146,2026-06-13,3,Okay
EMP1146,2026-06-15,3,Okay
EMP1146,2026-06-17,5,Excited
EMP1146,2026-06-21,4,Happy
EMP1146,2026-06-23,4,Happy
EMP1146,2026-06-25,4,Happy
EMP1146,2026-06-27,3,Okay
EMP1146,2026-06-29,3,Okay
EMP1146,2026-07-01,3,Okay
EMP1146,2026-07-03,3,Okay
EMP1146,2026-07-05,4,Happy
EMP1146,2026-07-07,2,Sad
EMP1146,2026-07-11,4,Happy
EMP1146,2026-07-13,1,Frustrated
EMP1146,2026-07-19,4,Happy
EMP1146,2026-07-21,4,Happy
EMP1146,2026-07-23,4,Happy
EMP1146,2026-07-25,4,Happy
EMP1146,2026-07-27,4,Happy
EMP1146,2026-07-29,5,Excited
EMP1146,2026-07-31,4,Happy
EMP1146,2026-08-02,4,Happy
EMP1146,2026-08-04,2,Sad
EMP1146,2026-08-08,3,Okay
EMP1146,2026-08-10,5,Excited
EMP1146,2026-08-12,5,Excited
EMP1146,2026-08-14,4,Happy
EMP1146,2026-08-16,3,Okay
EMP1146,2026-08-18,4,Happy
EMP1146,2026-08-20,4,Happy
EMP1146,2026-08-22,4,Happy
EMP1146,2026-08-24,4,Happy
EMP1146,2026-08-26,4,Happy
EMP1147,2026-04-28,2,Sad
EMP1147,2026-04-30,5,Excited
EMP1147,2026-05-02,3,Okay
EMP1147,2026-05-04,3,Okay
EMP1147,2026-05-06,5,Excited
EMP1147,2026-05-08,3,Okay
EMP1147,2026-05-10,3,Okay
EMP1147,2026-05-12,3,Okay
EMP1147,2026-05-14,4,Happy
EMP1147,2026-05-16,4,Happy
EMP1147,2026-05-20,3,Okay
EMP1147,2026-05-22,3,Okay
EMP1147,2026-05-24,5,Excited
EMP1147,2026-05-26,3,Okay
EMP1147,2026-05-28,5,Excited
EMP1147,2026-06-03,3,Okay
EMP1147,2026-06-05,4,Happy
EMP1147,2026-06-07,3,Okay
EMP1147,2026-06-09,3,Okay
EMP1147,2026-06-11,3,Okay
EMP1147,2026-06-13,3,Okay
EMP1147,2026-06-17,4,Happy
EMP1147,2026-06-19,3,Okay
EMP1147,2026-06-21,3,Okay
EMP1147,2026-06-23,3,Okay
EMP1147,2026-06-27,4,Happy
EMP1147,2026-06-29,3,Okay
EMP1147,2026-07-01,3,Okay
EMP1147,2026-07-05,3,Okay
EMP1147,2026-07-07,3,Okay
EMP1147,2026-07-09,3,Okay
EMP1147,2026-07-11,4,Happy
EMP1147,2026-07-13,4,Happy
EMP1147,2026-07-15,4,Happy
EMP1147,2026-07-17,2,Sad
EMP1147,2026-07-19,3,Okay
EMP1147,2026-07-21,2,Sad
EMP1147,2026-07-23,4,Happy
EMP1147,2026-07-25,4,Happy
EMP1147,2026-07-27,4,Happy
EMP1147,2026-07-29,4,Happy
EMP1147,2026-07-31,4,Happy
EMP1147,2026-08-02,4,Happy
EMP1147,2026-08-04,3,Okay
EMP1147,2026-08-06,3,Okay
EMP1147,2026-08-08,3,Okay
EMP1147,2026-08-10,3,Okay
EMP1147,2026-08-12,4,Happy
EMP1147,2026-08-14,5,Excited
EMP1147,2026-08-16,3,Okay
EMP1147,2026-08-18,4,Happy
EMP1147,2026-08-24,2,Sad
EMP1147,2026-08-26,3,Okay
EMP1148,2026-04-28,1,Frustrated
EMP1148,2026-04-30,2,Sad
EMP1148,2026-05-02,2,Sad
EMP1148,2026-05-06,2,Sad
EMP1148,2026-05-08,2,Sad
EMP1148,2026-05-10,1,Frustrated
EMP1148,2026-05-12,3,Okay
EMP1148,2026-05-14,1,Frustrated
EMP1148,2026-05-18,2,Sad
EMP1148,2026-05-22,1,Frustrated
EMP1148,2026-05-24,2,Sad
EMP1148,2026-05-26,2,Sad
EMP1148,2026-05-28,3,Okay
EMP1148,2026-05-30,2,Sad
EMP1148,2026-06-01,2,Sad
EMP1148,2026-06-03,2,Sad
EMP1148,2026-06-05,3,Okay
EMP1148,2026-06-07,2,Sad
EMP1148,2026-06-09,1,Frustrated
EMP1148,2026-06-11,2,Sad
EMP1148,2026-06-13,2,Sad
EMP1148,2026-06-15,2,Sad
EMP1148,2026-06-17,2,Sad
EMP1148,2026-06-19,2,Sad
EMP1148,2026-06-21,2,Sad
EMP1148,2026-06-23,1,Frustrated
EMP1148,2026-06-25,1,Frustrated
EMP1148,2026-06-27,3,Okay
EMP1148,2026-06-29,1,Frustrated
EMP1148,2026-07-01,2,Sad
EMP1148,2026-07-05,2,Sad
EMP1148,2026-07-07,1,Frustrated
EMP1148,2026-07-13,1,Frustrated
EMP1148,2026-07-15,2,Sad
EMP1148,2026-07-17,2,Sad
EMP1148,2026-07-19,1,Frustrated
EMP1148,2026-07-21,2,Sad
EMP1148,2026-07-23,2,Sad
EMP1148,2026-07-25,1,Frustrated
EMP1148,2026-07-27,2,Sad
EMP1148,2026-08-02,1,Frustrated
EMP1148,2026-08-04,1,Frustrated
EMP1148,2026-08-06,1,Frustrated
EMP1148,2026-08-08,3,Okay
EMP1148,2026-08-10,1,Frustrated
EMP1148,2026-08-14,2,Sad
EMP1148,2026-08-16,1,Frustrated
EMP1148,2026-08-18,2,Sad
EMP1148,2026-08-20,1,Frustrated
EMP1148,2026-08-24,1,Frustrated
EMP1148,2026-08-26,1,Frustrated
EMP1149,2026-04-28,3,Okay
EMP1149,2026-04-30,4,Happy
EMP1149,2026-05-02,5,Excited
EMP1149,2026-05-04,3,Okay
EMP1149,2026-05-06,3,Okay
EMP1149,2026-05-08,3,Okay
EMP1149,2026-05-10,4,Happy
EMP1149,2026-05-12,4,Happy
EMP1149,2026-05-14,4,Happy
EMP1149,2026-05-16,3,Okay
EMP1149,2026-05-18,4,Happy
EMP1149,2026-05-20,3,Okay
EMP1149,2026-05-22,3,Okay
EMP1149,2026-05-24,4,Happy
EMP1149,2026-05-28,4,Happy
EMP1149,2026-06-03,4,Happy
EMP1149,2026-06-05,5,Excited
EMP1149,2026-06-07,3,Okay
EMP1149,2026-06-09,4,Happy
EMP1149,2026-06-11,3,Okay
EMP1149,2026-06-13,3,Okay
EMP1149,2026-06-15,3,Okay
EMP1149,2026-06-17,3,Okay
EMP1149,2026-06-19,4,Happy
EMP1149,2026-06-23,3,Okay
EMP1149,2026-06-25,4,Happy
EMP1149,2026-06-27,3,Okay
EMP1149,2026-06-29,3,Okay
EMP1149,2026-07-03,3,Okay
EMP1149,2026-07-05,2,Sad
EMP1149,2026-07-07,4,Happy
EMP1149,2026-07-09,2,Sad
EMP1149,2026-07-11,4,Happy
EMP1149,2026-07-15,4,Happy
EMP1149,2026-07-17,3,Okay
EMP1149,2026-07-19,3,Okay
EMP1149,2026-07-21,2,Sad
EMP1149,2026-07-23,4,Happy
EMP1149,2026-07-25,4,Happy
EMP1149,2026-07-27,3,Okay
EMP1149,2026-07-29,4,Happy
EMP1149,2026-07-31,4,Happy
EMP1149,2026-08-02,3,Okay
EMP1149,2026-08-04,4,Happy
EMP1149,2026-08-06,3,Okay
EMP1149,2026-08-08,4,Happy
EMP1149,2026-08-10,4,Happy
EMP1149,2026-08-12,5,Excited
EMP1149,2026-08-14,4,Happy
EMP1149,2026-08-16,4,Happy
EMP1149,2026-08-18,5,Excited
EMP1149,2026-08-20,3,Okay
EMP1149,2026-08-22,4,Happy
EMP1149,2026-08-24,3,Okay
EMP1149,2026-08-26,3,Okay
EMP1150,2026-04-28,3,Okay
EMP1150,2026-04-30,2,Sad
EMP1150,2026-05-02,3,Okay
EMP1150,2026-05-06,2,Sad
EMP1150,2026-05-08,2,Sad
EMP1150,2026-05-10,2,Sad
EMP1150,2026-05-12,1,Frustrated
EMP1150,2026-05-14,2,Sad
EMP1150,2026-05-16,2,Sad
EMP1150,2026-05-18,1,Frustrated
EMP1150,2026-05-20,1,Frustrated
EMP1150,2026-05-22,1,Frustrated
EMP1150,2026-05-24,3,Okay
EMP1150,2026-05-26,2,Sad
EMP1150,2026-05-28,2,Sad
EMP1150,2026-06-01,2,Sad
EMP1150,2026-06-03,2,Sad
EMP1150,2026-06-05,2,Sad
EMP1150,2026-06-07,2,Sad
EMP1150,2026-06-09,2,Sad
EMP1150,2026-06-11,1,Frustrated
EMP1150,2026-06-13,2,Sad
EMP1150,2026-06-15,1,Frustrated
EMP1150,2026-06-17,2,Sad
EMP1150,2026-06-19,2,Sad
EMP1150,2026-06-21,1,Frustrated
EMP1150,2026-06-23,1,Frustrated
EMP1150,2026-06-25,2,Sad
EMP1150,2026-06-27,1,Frustrated
EMP1150,2026-07-01,2,Sad
EMP1150,2026-07-03,2,Sad
EMP1150,2026-07-05,1,Frustrated
EMP1150,2026-07-07,2,Sad
EMP1150,2026-07-11,1,Frustrated
EMP1150,2026-07-13,2,Sad
EMP1150,2026-07-15,2,Sad
EMP1150,2026-07-19,1,Frustrated
EMP1150,2026-07-21,1,Frustrated
EMP1150,2026-07-23,2,Sad
EMP1150,2026-07-25,2,Sad
EMP1150,2026-07-27,2,Sad
EMP1150,2026-07-29,2,Sad
EMP1150,2026-07-31,2,Sad
EMP1150,2026-08-02,2,Sad
EMP1150,2026-08-04,1,Frustrated
EMP1150,2026-08-06,2,Sad
EMP1150,2026-08-08,2,Sad
EMP1150,2026-08-10,2,Sad
EMP1150,2026-08-12,2,Sad
EMP1150,2026-08-14,1,Frustrated
EMP1150,2026-08-16,2,Sad
EMP1150,2026-08-18,1,Frustrated
EMP1150,2026-08-20,2,Sad
EMP1150,2026-08-22,2,Sad
EMP1150,2026-08-24,1,Frustrated
EMP1150,2026-08-26,1,Frustrated
EMP1151,2026-04-30,4,Happy
EMP1151,2026-05-02,4,Happy
EMP1151,2026-05-04,4,Happy
EMP1151,2026-05-06,3,Okay
EMP1151,2026-05-08,4,Happy
EMP1151,2026-05-10,4,Happy
EMP1151,2026-05-12,3,Okay
EMP1151,2026-05-14,3,Okay
EMP1151,2026-05-16,3,Okay
EMP1151,2026-05-18,4,Happy
EMP1151,2026-05-20,5,Excited
EMP1151,2026-05-22,3,Okay
EMP1151,2026-05-24,4,Happy
EMP1151,2026-05-26,4,Happy
EMP1151,2026-05-28,3,Okay
EMP1151,2026-05-30,3,Okay
EMP1151,2026-06-01,3,Okay
EMP1151,2026-06-03,3,Okay
EMP1151,2026-06-05,4,Happy
EMP1151,2026-06-07,4,Happy
EMP1151,2026-06-09,4,Happy
EMP1151,2026-06-15,3,Okay
EMP1151,2026-06-17,5,Excited
EMP1151,2026-06-19,4,Happy
EMP1151,2026-06-21,3,Okay
EMP1151,2026-06-23,5,Excited
EMP1151,2026-06-25,4,Happy
EMP1151,2026-06-27,4,Happy
EMP1151,2026-06-29,5,Excited
EMP1151,2026-07-03,3,Okay
EMP1151,2026-07-05,4,Happy
EMP1151,2026-07-07,3,Okay
EMP1151,2026-07-09,3,Okay
EMP1151,2026-07-11,5,Excited
EMP1151,2026-07-13,4,Happy
EMP1151,2026-07-15,3,Okay
EMP1151,2026-07-17,3,Okay
EMP1151,2026-07-19,4,Happy
EMP1151,2026-07-21,5,Excited
EMP1151,2026-07-23,2,Sad
EMP1151,2026-07-27,3,Okay
EMP1151,2026-07-31,4,Happy
EMP1151,2026-08-02,3,Okay
EMP1151,2026-08-04,3,Okay
EMP1151,2026-08-06,5,Excited
EMP1151,2026-08-08,4,Happy
EMP1151,2026-08-10,4,Happy
EMP1151,2026-08-12,4,Happy
EMP1151,2026-08-14,4,Happy
EMP1151,2026-08-16,4,Happy
EMP1151,2026-08-18,3,Okay
EMP1151,2026-08-20,3,Okay
EMP1151,2026-08-22,4,Happy
EMP1151,2026-08-24,3,Okay
EMP1152,2026-04-28,4,Happy
EMP1152,2026-04-30,5,Excited
EMP1152,2026-05-04,3,Okay
EMP1152,2026-05-06,4,Happy
EMP1152,2026-05-08,4,Happy
EMP1152,2026-05-10,3,Okay
EMP1152,2026-05-12,4,Happy
EMP1152,2026-05-14,4,Happy
EMP1152,2026-05-16,4,Happy
EMP1152,2026-05-18,5,Excited
EMP1152,2026-05-20,5,Excited
EMP1152,2026-05-24,4,Happy
EMP1152,2026-05-26,5,Excited
EMP1152,2026-05-28,4,Happy
EMP1152,2026-05-30,3,Okay
EMP1152,2026-06-01,4,Happy
EMP1152,2026-06-03,4,Happy
EMP1152,2026-06-05,3,Okay
EMP1152,2026-06-07,4,Happy
EMP1152,2026-06-09,4,Happy
EMP1152,2026-06-11,4,Happy
EMP1152,2026-06-13,3,Okay
EMP1152,2026-06-15,4,Happy
EMP1152,2026-06-17,3,Okay
EMP1152,2026-06-21,4,Happy
EMP1152,2026-06-23,4,Happy
EMP1152,2026-06-25,2,Sad
EMP1152,2026-06-27,5,Excited
EMP1152,2026-06-29,2,Sad
EMP1152,2026-07-01,3,Okay
EMP1152,2026-07-03,4,Happy
EMP1152,2026-07-05,3,Okay
EMP1152,2026-07-07,3,Okay
EMP1152,2026-07-09,2,Sad
EMP1152,2026-07-13,4,Happy
EMP1152,2026-07-15,4,Happy
EMP1152,2026-07-17,3,Okay
EMP1152,2026-07-19,4,Happy
EMP1152,2026-07-21,4,Happy
EMP1152,2026-07-23,3,Okay
EMP1152,2026-07-25,3,Okay
EMP1152,2026-07-27,5,Excited
EMP1152,2026-07-29,3,Okay
EMP1152,2026-07-31,4,Happy
EMP1152,2026-08-02,4,Happy
EMP1152,2026-08-06,3,Okay
EMP1152,2026-08-08,4,Happy
EMP1152,2026-08-10,4,Happy
EMP1152,2026-08-12,3,Okay
EMP1152,2026-08-14,4,Happy
EMP1152,2026-08-18,4,Happy
EMP1152,2026-08-20,3,Okay
EMP1152,2026-08-22,4,Happy
EMP1152,2026-08-24,4,Happy
EMP1152,2026-08-26,3,Okay
EMP1153,2026-04-28,3,Okay
EMP1153,2026-04-30,4,Happy
EMP1153,2026-05-02,3,Okay
EMP1153,2026-05-04,5,Excited
EMP1153,2026-05-06,4,Happy
EMP1153,2026-05-12,3,Okay
EMP1153,2026-05-14,4,Happy
EMP1153,2026-05-16,3,Okay
EMP1153,2026-05-18,4,Happy
EMP1153,2026-05-20,4,Happy
EMP1153,2026-05-22,3,Okay
EMP1153,2026-05-24,4,Happy
EMP1153,2026-05-28,4,Happy
EMP1153,2026-05-30,3,Okay
EMP1153,2026-06-01,3,Okay
EMP1153,2026-06-03,5,Excited
EMP1153,2026-06-07,2,Sad
EMP1153,2026-06-09,4,Happy
EMP1153,2026-06-13,1,Frustrated
EMP1153,2026-06-15,4,Happy
EMP1153,2026-06-17,4,Happy
EMP1153,2026-06-19,4,Happy
EMP1153,2026-06-21,5,Excited
EMP1153,2026-06-23,4,Happy
EMP1153,2026-06-25,4,Happy
EMP1153,2026-06-27,3,Okay
EMP1153,2026-06-29,4,Happy
EMP1153,2026-07-03,4,Happy
EMP1153,2026-07-05,4,Happy
EMP1153,2026-07-07,2,Sad
EMP1153,2026-07-09,3,Okay
EMP1153,2026-07-11,3,Okay
EMP1153,2026-07-13,4,Happy
EMP1153,2026-07-15,3,Okay
EMP1153,2026-07-19,3,Okay
EMP1153,2026-07-21,5,Excited
EMP1153,2026-07-23,3,Okay
EMP1153,2026-07-25,4,Happy
EMP1153,2026-07-27,5,Excited
EMP1153,2026-07-29,4,Happy
EMP1153,2026-07-31,3,Okay
EMP1153,2026-08-02,4,Happy
EMP1153,2026-08-04,4,Happy
EMP1153,2026-08-06,4,Happy
EMP1153,2026-08-08,2,Sad
EMP1153,2026-08-10,4,Happy
EMP1153,2026-08-12,2,Sad
EMP1153,2026-08-14,5,Excited
EMP1153,2026-08-16,4,Happy
EMP1153,2026-08-18,3,Okay
EMP1153,2026-08-20,4,Happy
EMP1153,2026-08-22,4,Happy
EMP1153,2026-08-24,3,Okay
EMP1153,2026-08-26,5,Excited
EMP1154,2026-04-28,5,Excited
EMP1154,2026-04-30,4,Happy
EMP1154,2026-05-02,5,Excited
EMP1154,2026-05-04,5,Excited
EMP1154,2026-05-06,5,Excited
EMP1154,2026-05-08,5,Excited
EMP1154,2026-05-12,5,Excited
EMP1154,2026-05-14,5,Excited
EMP1154,2026-05-16,5,Excited
EMP1154,2026-05-18,5,Excited
EMP1154,2026-05-20,4,Happy
EMP1154,2026-05-26,4,Happy
EMP1154,2026-05-28,4,Happy
EMP1154,2026-05-30,4,Happy
EMP1154,2026-06-01,5,Excited
EMP1154,2026-06-03,5,Excited
EMP1154,2026-06-05,5,Excited
EMP1154,2026-06-07,5,Excited
EMP1154,2026-06-09,5,Excited
EMP1154,2026-06-11,5,Excited
EMP1154,2026-06-13,5,Excited
EMP1154,2026-06-15,5,Excited
EMP1154,2026-06-17,5,Excited
EMP1154,2026-06-21,4,Happy
EMP1154,2026-06-23,5,Excited
EMP1154,2026-06-25,4,Happy
EMP1154,2026-06-27,5,Excited
EMP1154,2026-06-29,5,Excited
EMP1154,2026-07-01,5,Excited
EMP1154,2026-07-03,4,Happy
EMP1154,2026-07-05,4,Happy
EMP1154,2026-07-07,5,Excited
EMP1154,2026-07-09,5,Excited
EMP1154,2026-07-13,4,Happy
EMP1154,2026-07-15,5,Excited
EMP1154,2026-07-17,5,Excited
EMP1154,2026-07-19,5,Excited
EMP1154,2026-07-21,5,Excited
EMP1154,2026-07-23,4,Happy
EMP1154,2026-07-25,4,Happy
EMP1154,2026-07-27,5,Excited
EMP1154,2026-07-31,4,Happy
EMP1154,2026-08-04,5,Excited
EMP1154,2026-08-06,4,Happy
EMP1154,2026-08-08,4,Happy
EMP1154,2026-08-12,4,Happy
EMP1154,2026-08-14,5,Excited
EMP1154,2026-08-16,4,Happy
EMP1154,2026-08-18,5,Excited
EMP1154,2026-08-20,4,Happy
EMP1154,2026-08-22,5,Excited
EMP1154,2026-08-24,4,Happy
EMP1154,2026-08-26,5,Excited
EMP1155,2026-04-28,2,Sad
EMP1155,2026-04-30,3,Okay
EMP1155,2026-05-02,2,Sad
EMP1155,2026-05-04,2,Sad
EMP1155,2026-05-06,2,Sad
EMP1155,2026-05-08,3,Okay
EMP1155,2026-05-10,3,Okay
EMP1155,2026-05-12,4,Happy
EMP1155,2026-05-14,3,Okay
EMP1155,2026-05-16,1,Frustrated
EMP1155,2026-05-18,2,Sad
EMP1155,2026-05-20,1,Frustrated
EMP1155,2026-05-22,2,Sad
EMP1155,2026-05-24,3,Okay
EMP1155,2026-05-26,1,Frustrated
EMP1155,2026-05-28,2,Sad
EMP1155,2026-05-30,3,Okay
EMP1155,2026-06-01,2,Sad
EMP1155,2026-06-03,4,Happy
EMP1155,2026-06-05,3,Okay
EMP1155,2026-06-09,4,Happy
EMP1155,2026-06-11,2,Sad
EMP1155,2026-06-13,2,Sad
EMP1155,2026-06-15,2,Sad
EMP1155,2026-06-17,3,Okay
EMP1155,2026-06-19,3,Okay
EMP1155,2026-06-21,4,Happy
EMP1155,2026-06-23,2,Sad
EMP1155,2026-06-25,2,Sad
EMP1155,2026-06-27,2,Sad
EMP1155,2026-06-29,1,Frustrated
EMP1155,2026-07-01,3,Okay
EMP1155,2026-07-03,4,Happy
EMP1155,2026-07-05,1,Frustrated
EMP1155,2026-07-09,4,Happy
EMP1155,2026-07-11,1,Frustrated
EMP1155,2026-07-13,3,Okay
EMP1155,2026-07-15,1,Frustrated
EMP1155,2026-07-17,3,Okay
EMP1155,2026-07-19,3,Okay
EMP1155,2026-07-21,3,Okay
EMP1155,2026-07-23,3,Okay
EMP1155,2026-07-25,2,Sad
EMP1155,2026-07-27,3,Okay
EMP1155,2026-07-29,4,Happy
EMP1155,2026-07-31,3,Okay
EMP1155,2026-08-04,2,Sad
EMP1155,2026-08-06,2,Sad
EMP1155,2026-08-10,3,Okay
EMP1155,2026-08-12,2,Sad
EMP1155,2026-08-14,3,Okay
EMP1155,2026-08-16,2,Sad
EMP1155,2026-08-18,3,Okay
EMP1155,2026-08-20,2,Sad
EMP1155,2026-08-22,3,Okay
EMP1155,2026-08-24,1,Frustrated
EMP1155,2026-08-26,4,Happy
EMP1156,2026-04-28,3,Okay
EMP1156,2026-04-30,3,Okay
EMP1156,2026-05-02,3,Okay
EMP1156,2026-05-04,3,Okay
EMP1156,2026-05-08,3,Okay
EMP1156,2026-05-10,3,Okay
EMP1156,2026-05-12,2,Sad
EMP1156,2026-05-16,2,Sad
EMP1156,2026-05-18,2,Sad
EMP1156,2026-05-20,4,Happy
EMP1156,2026-05-22,2,Sad
EMP1156,2026-05-24,3,Okay
EMP1156,2026-05-26,3,Okay
EMP1156,2026-05-28,3,Okay
EMP1156,2026-05-30,3,Okay
EMP1156,2026-06-01,2,Sad
EMP1156,2026-06-03,2,Sad
EMP1156,2026-06-05,3,Okay
EMP1156,2026-06-07,2,Sad
EMP1156,2026-06-09,4,Happy
EMP1156,2026-06-11,3,Okay
EMP1156,2026-06-15,3,Okay
EMP1156,2026-06-17,2,Sad
EMP1156,2026-06-19,3,Okay
EMP1156,2026-06-23,3,Okay
EMP1156,2026-06-25,2,Sad
EMP1156,2026-06-29,2,Sad
EMP1156,2026-07-01,2,Sad
EMP1156,2026-07-03,3,Okay
EMP1156,2026-07-05,3,Okay
EMP1156,2026-07-07,2,Sad
EMP1156,2026-07-09,3,Okay
EMP1156,2026-07-11,2,Sad
EMP1156,2026-07-13,4,Happy
EMP1156,2026-07-15,2,Sad
EMP1156,2026-07-17,4,Happy
EMP1156,2026-07-19,2,Sad
EMP1156,2026-07-21,3,Okay
EMP1156,2026-07-23,2,Sad
EMP1156,2026-07-25,2,Sad
EMP1156,2026-07-27,3,Okay
EMP1156,2026-07-29,3,Okay
EMP1156,2026-08-04,4,Happy
EMP1156,2026-08-08,3,Okay
EMP1156,2026-08-10,2,Sad
EMP1156,2026-08-12,3,Okay
EMP1156,2026-08-14,3,Okay
EMP1156,2026-08-18,2,Sad
EMP1156,2026-08-22,2,Sad
EMP1156,2026-08-24,3,Okay
EMP1156,2026-08-26,4,Happy
EMP1157,2026-04-28,2,Sad
EMP1157,2026-04-30,2,Sad
EMP1157,2026-05-02,3,Okay
EMP1157,2026-05-04,2,Sad
EMP1157,2026-05-06,1,Frustrated
EMP1157,2026-05-08,3,Okay
EMP1157,2026-05-12,2,Sad
EMP1157,2026-05-14,3,Okay
EMP1157,2026-05-16,2,Sad
EMP1157,2026-05-18,1,Frustrated
EMP1157,2026-05-20,2,Sad
EMP1157,2026-05-22,2,Sad
EMP1157,2026-05-24,3,Okay
EMP1157,2026-05-26,2,Sad
EMP1157,2026-05-28,2,Sad
EMP1157,2026-05-30,2,Sad
EMP1157,2026-06-03,1,Frustrated
EMP1157,2026-06-05,2,Sad
EMP1157,2026-06-07,2,Sad
EMP1157,2026-06-09,3,Okay
EMP1157,2026-06-11,3,Okay
EMP1157,2026-06-13,1,Frustrated
EMP1157,2026-06-15,1,Frustrated
EMP1157,2026-06-17,1,Frustrated
EMP1157,2026-06-19,1,Frustrated
EMP1157,2026-06-21,1,Frustrated
EMP1157,2026-06-25,2,Sad
EMP1157,2026-06-27,1,Frustrated
EMP1157,2026-06-29,1,Frustrated
EMP1157,2026-07-01,1,Frustrated
EMP1157,2026-07-03,2,Sad
EMP1157,2026-07-05,2,Sad
EMP1157,2026-07-07,1,Frustrated
EMP1157,2026-07-11,2,Sad
EMP1157,2026-07-13,2,Sad
EMP1157,2026-07-15,2,Sad
EMP1157,2026-07-17,2,Sad
EMP1157,2026-07-21,2,Sad
EMP1157,2026-07-23,1,Frustrated
EMP1157,2026-07-25,3,Okay
EMP1157,2026-07-27,1,Frustrated
EMP1157,2026-07-29,1,Frustrated
EMP1157,2026-08-02,1,Frustrated
EMP1157,2026-08-06,2,Sad
EMP1157,2026-08-10,2,Sad
EMP1157,2026-08-12,3,Okay
EMP1157,2026-08-14,1,Frustrated
EMP1157,2026-08-18,1,Frustrated
EMP1157,2026-08-20,1,Frustrated
EMP1157,2026-08-24,1,Frustrated
EMP1157,2026-08-26,1,Frustrated
EMP1158,2026-04-28,4,Happy
EMP1158,2026-04-30,4,Happy
EMP1158,2026-05-02,3,Okay
EMP1158,2026-05-06,4,Happy
EMP1158,2026-05-08,4,Happy
EMP1158,2026-05-10,3,Okay
EMP1158,2026-05-12,5,Excited
EMP1158,2026-05-14,3,Okay
EMP1158,2026-05-16,5,Excited
EMP1158,2026-05-18,4,Happy
EMP1158,2026-05-20,3,Okay
EMP1158,2026-05-22,3,Okay
EMP1158,2026-05-24,5,Excited
EMP1158,2026-05-26,4,Happy
EMP1158,2026-05-28,4,Happy
EMP1158,2026-05-30,4,Happy
EMP1158,2026-06-03,3,Okay
EMP1158,2026-06-05,4,Happy
EMP1158,2026-06-07,3,Okay
EMP1158,2026-06-09,3,Okay
EMP1158,2026-06-11,4,Happy
EMP1158,2026-06-13,3,Okay
EMP1158,2026-06-15,4,Happy
EMP1158,2026-06-17,4,Happy
EMP1158,2026-06-19,4,Happy
EMP1158,2026-06-23,5,Excited
EMP1158,2026-06-27,4,Happy
EMP1158,2026-06-29,4,Happy
EMP1158,2026-07-01,4,Happy
EMP1158,2026-07-07,4,Happy
EMP1158,2026-07-09,4,Happy
EMP1158,2026-07-11,4,Happy
EMP1158,2026-07-13,3,Okay
EMP1158,2026-07-15,5,Excited
EMP1158,2026-07-17,3,Okay
EMP1158,2026-07-19,4,Happy
EMP1158,2026-07-21,4,Happy
EMP1158,2026-07-23,4,Happy
EMP1158,2026-07-25,3,Okay
EMP1158,2026-07-27,3,Okay
EMP1158,2026-07-31,3,Okay
EMP1158,2026-08-02,3,Okay
EMP1158,2026-08-04,4,Happy
EMP1158,2026-08-06,5,Excited
EMP1158,2026-08-08,2,Sad
EMP1158,2026-08-12,4,Happy
EMP1158,2026-08-14,5,Excited
EMP1158,2026-08-16,4,Happy
EMP1158,2026-08-18,4,Happy
EMP1158,2026-08-20,4,Happy
EMP1158,2026-08-22,4,Happy
EMP1158,2026-08-24,5,Excited
EMP1158,2026-08-26,4,Happy
EMP1159,2026-04-28,3,Okay
EMP1159,2026-04-30,3,Okay
EMP1159,2026-05-02,4,Happy
EMP1159,2026-05-04,3,Okay
EMP1159,2026-05-06,3,Okay
EMP1159,2026-05-08,3,Okay
EMP1159,2026-05-10,3,Okay
EMP1159,2026-05-12,4,Happy
EMP1159,2026-05-14,3,Okay
EMP1159,2026-05-16,3,Okay
EMP1159,2026-05-18,3,Okay
EMP1159,2026-05-22,5,Excited
EMP1159,2026-05-24,4,Happy
EMP1159,2026-05-26,5,Excited
EMP1159,2026-05-28,4,Happy
EMP1159,2026-06-01,4,Happy
EMP1159,2026-06-03,3,Okay
EMP1159,2026-06-05,3,Okay
EMP1159,2026-06-07,3,Okay
EMP1159,2026-06-09,5,Excited
EMP1159,2026-06-11,3,Okay
EMP1159,2026-06-13,3,Okay
EMP1159,2026-06-15,4,Happy
EMP1159,2026-06-17,4,Happy
EMP1159,2026-06-19,2,Sad
EMP1159,2026-06-23,3,Okay
EMP1159,2026-06-25,4,Happy
EMP1159,2026-06-27,4,Happy
EMP1159,2026-06-29,3,Okay
EMP1159,2026-07-01,3,Okay
EMP1159,2026-07-03,5,Excited
EMP1159,2026-07-05,2,Sad
EMP1159,2026-07-07,3,Okay
EMP1159,2026-07-09,4,Happy
EMP1159,2026-07-11,3,Okay
EMP1159,2026-07-13,3,Okay
EMP1159,2026-07-15,3,Okay
EMP1159,2026-07-17,4,Happy
EMP1159,2026-07-19,3,Okay
EMP1159,2026-07-21,4,Happy
EMP1159,2026-07-23,4,Happy
EMP1159,2026-07-25,4,Happy
EMP1159,2026-07-27,3,Okay
EMP1159,2026-07-29,4,Happy
EMP1159,2026-07-31,4,Happy
EMP1159,2026-08-02,3,Okay
EMP1159,2026-08-04,4,Happy
EMP1159,2026-08-06,4,Happy
EMP1159,2026-08-08,4,Happy
EMP1159,2026-08-10,3,Okay
EMP1159,2026-08-12,4,Happy
EMP1159,2026-08-14,5,Excited
EMP1159,2026-08-16,4,Happy
EMP1159,2026-08-18,3,Okay
EMP1159,2026-08-20,4,Happy
EMP1159,2026-08-24,4,Happy
EMP1159,2026-08-26,3,Okay
EMP1160,2026-04-28,4,Happy
EMP1160,2026-04-30,3,Okay
EMP1160,2026-05-06,4,Happy
EMP1160,2026-05-08,4,Happy
EMP1160,2026-05-10,3,Okay
EMP1160,2026-05-14,3,Okay
EMP1160,2026-05-16,3,Okay
EMP1160,2026-05-18,3,Okay
EMP1160,2026-05-20,5,Excited
EMP1160,2026-05-22,3,Okay
EMP1160,2026-05-24,5,Excited
EMP1160,2026-05-26,3,Okay
EMP1160,2026-05-28,4,Happy
EMP1160,2026-05-30,4,Happy
EMP1160,2026-06-01,4,Happy
EMP1160,2026-06-03,3,Okay
EMP1160,2026-06-05,3,Okay
EMP1160,2026-06-07,4,Happy
EMP1160,2026-06-09,3,Okay
EMP1160,2026-06-11,4,Happy
EMP1160,2026-06-13,3,Okay
EMP1160,2026-06-15,4,Happy
EMP1160,2026-06-19,5,Excited
EMP1160,2026-06-21,4,Happy
EMP1160,2026-06-23,3,Okay
EMP1160,2026-06-25,4,Happy
EMP1160,2026-06-27,4,Happy
EMP1160,2026-06-29,4,Happy
EMP1160,2026-07-01,5,Excited
EMP1160,2026-07-03,2,Sad
EMP1160,2026-07-05,4,Happy
EMP1160,2026-07-07,4,Happy
EMP1160,2026-07-11,5,Excited
EMP1160,2026-07-13,3,Okay
EMP1160,2026-07-15,4,Happy
EMP1160,2026-07-17,4,Happy
EMP1160,2026-07-19,2,Sad
EMP1160,2026-07-21,3,Okay
EMP1160,2026-07-23,3,Okay
EMP1160,2026-07-25,4,Happy
EMP1160,2026-07-27,4,Happy
EMP1160,2026-07-29,4,Happy
EMP1160,2026-07-31,4,Happy
EMP1160,2026-08-04,4,Happy
EMP1160,2026-08-06,3,Okay
EMP1160,2026-08-08,4,Happy
EMP1160,2026-08-10,5,Excited
EMP1160,2026-08-14,4,Happy
EMP1160,2026-08-16,4,Happy
EMP1160,2026-08-18,3,Okay
EMP1160,2026-08-20,4,Happy
EMP1160,2026-08-22,3,Okay
EMP1160,2026-08-24,4,Happy
EMP1160,2026-08-26,3,Okay
EMP1161,2026-04-30,2,Sad
EMP1161,2026-05-02,2,Sad
EMP1161,2026-05-04,2,Sad
EMP1161,2026-05-06,2,Sad
EMP1161,2026-05-08,2,Sad
EMP1161,2026-05-10,1,Frustrated
EMP1161,2026-05-12,3,Okay
EMP1161,2026-05-14,2,Sad
EMP1161,2026-05-18,3,Okay
EMP1161,2026-05-24,2,Sad
EMP1161,2026-05-26,3,Okay
EMP1161,2026-05-28,2,Sad
EMP1161,2026-05-30,2,Sad
EMP1161,2026-06-01,1,Frustrated
EMP1161,2026-06-03,2,Sad
EMP1161,2026-06-07,2,Sad
EMP1161,2026-06-11,1,Frustrated
EMP1161,2026-06-13,3,Okay
EMP1161,2026-06-15,2,Sad
EMP1161,2026-06-17,1,Frustrated
EMP1161,2026-06-19,3,Okay
EMP1161,2026-06-21,2,Sad
EMP1161,2026-06-23,2,Sad
EMP1161,2026-06-25,1,Frustrated
EMP1161,2026-06-27,2,Sad
EMP1161,2026-06-29,2,Sad
EMP1161,2026-07-01,1,Frustrated
EMP1161,2026-07-03,2,Sad
EMP1161,2026-07-05,1,Frustrated
EMP1161,2026-07-07,2,Sad
EMP1161,2026-07-09,2,Sad
EMP1161,2026-07-11,1,Frustrated
EMP1161,2026-07-15,2,Sad
EMP1161,2026-07-17,2,Sad
EMP1161,2026-07-19,1,Frustrated
EMP1161,2026-07-21,1,Frustrated
EMP1161,2026-07-23,2,Sad
EMP1161,2026-07-25,2,Sad
EMP1161,2026-07-27,2,Sad
EMP1161,2026-07-29,1,Frustrated
EMP1161,2026-07-31,1,Frustrated
EMP1161,2026-08-02,1,Frustrated
EMP1161,2026-08-04,2,Sad
EMP1161,2026-08-06,1,Frustrated
EMP1161,2026-08-08,1,Frustrated
EMP1161,2026-08-12,1,Frustrated
EMP1161,2026-08-14,1,Frustrated
EMP1161,2026-08-16,1,Frustrated
EMP1161,2026-08-18,1,Frustrated
EMP1161,2026-08-20,1,Frustrated
EMP1161,2026-08-22,2,Sad
EMP1161,2026-08-24,1,Frustrated
EMP1161,2026-08-26,1,Frustrated
EMP1162,2026-04-30,2,Sad
EMP1162,2026-05-06,2,Sad
EMP1162,2026-05-08,3,Okay
EMP1162,2026-05-10,2,Sad
EMP1162,2026-05-12,1,Frustrated
EMP1162,2026-05-14,2,Sad
EMP1162,2026-05-16,3,Okay
EMP1162,2026-05-18,1,Frustrated
EMP1162,2026-05-20,4,Happy
EMP1162,2026-05-22,2,Sad
EMP1162,2026-05-24,2,Sad
EMP1162,2026-05-26,1,Frustrated
EMP1162,2026-05-28,2,Sad
EMP1162,2026-05-30,1,Frustrated
EMP1162,2026-06-01,1,Frustrated
EMP1162,2026-06-03,1,Frustrated
EMP1162,2026-06-07,1,Frustrated
EMP1162,2026-06-09,2,Sad
EMP1162,2026-06-11,2,Sad
EMP1162,2026-06-13,1,Frustrated
EMP1162,2026-06-15,2,Sad
EMP1162,2026-06-17,2,Sad
EMP1162,2026-06-19,1,Frustrated
EMP1162,2026-06-21,2,Sad
EMP1162,2026-06-23,2,Sad
EMP1162,2026-06-25,1,Frustrated
EMP1162,2026-06-27,1,Frustrated
EMP1162,2026-06-29,1,Frustrated
EMP1162,2026-07-01,2,Sad
EMP1162,2026-07-03,2,Sad
EMP1162,2026-07-05,2,Sad
EMP1162,2026-07-07,2,Sad
EMP1162,2026-07-09,2,Sad
EMP1162,2026-07-11,2,Sad
EMP1162,2026-07-15,2,Sad
EMP1162,2026-07-17,2,Sad
EMP1162,2026-07-19,1,Frustrated
EMP1162,2026-07-21,1,Frustrated
EMP1162,2026-07-23,3,Okay
EMP1162,2026-07-25,1,Frustrated
EMP1162,2026-07-27,1,Frustrated
EMP1162,2026-07-29,1,Frustrated
EMP1162,2026-07-31,2,Sad
EMP1162,2026-08-02,2,Sad
EMP1162,2026-08-04,1,Frustrated
EMP1162,2026-08-06,1,Frustrated
EMP1162,2026-08-08,2,Sad
EMP1162,2026-08-10,2,Sad
EMP1162,2026-08-12,1,Frustrated
EMP1162,2026-08-14,1,Frustrated
EMP1162,2026-08-16,1,Frustrated
EMP1162,2026-08-18,1,Frustrated
EMP1162,2026-08-20,2,Sad
EMP1162,2026-08-22,1,Frustrated
EMP1162,2026-08-24,1,Frustrated
EMP1162,2026-08-26,1,Frustrated
EMP1163,2026-04-28,3,Okay
EMP1163,2026-04-30,3,Okay
EMP1163,2026-05-02,4,Happy
EMP1163,2026-05-04,3,Okay
EMP1163,2026-05-06,5,Excited
EMP1163,2026-05-08,4,Happy
EMP1163,2026-05-12,5,Excited
EMP1163,2026-05-14,4,Happy
EMP1163,2026-05-16,3,Okay
EMP1163,2026-05-18,4,Happy
EMP1163,2026-05-22,4,Happy
EMP1163,2026-05-24,2,Sad
EMP1163,2026-05-26,3,Okay
EMP1163,2026-05-28,5,Excited
EMP1163,2026-05-30,5,Excited
EMP1163,2026-06-01,3,Okay
EMP1163,2026-06-03,3,Okay
EMP1163,2026-06-07,4,Happy
EMP1163,2026-06-09,4,Happy
EMP1163,2026-06-11,4,Happy
EMP1163,2026-06-13,3,Okay
EMP1163,2026-06-15,4,Happy
EMP1163,2026-06-17,2,Sad
EMP1163,2026-06-21,2,Sad
EMP1163,2026-06-23,3,Okay
EMP1163,2026-06-25,3,Okay
EMP1163,2026-06-27,4,Happy
EMP1163,2026-06-29,4,Happy
EMP1163,2026-07-01,4,Happy
EMP1163,2026-07-03,4,Happy
EMP1163,2026-07-05,4,Happy
EMP1163,2026-07-07,4,Happy
EMP1163,2026-07-09,2,Sad
EMP1163,2026-07-11,2,Sad
EMP1163,2026-07-15,4,Happy
EMP1163,2026-07-17,3,Okay
EMP1163,2026-07-19,4,Happy
EMP1163,2026-07-21,4,Happy
EMP1163,2026-07-23,3,Okay
EMP1163,2026-07-25,3,Okay
EMP1163,2026-07-29,2,Sad
EMP1163,2026-07-31,5,Excited
EMP1163,2026-08-02,4,Happy
EMP1163,2026-08-04,3,Okay
EMP1163,2026-08-08,4,Happy
EMP1163,2026-08-10,5,Excited
EMP1163,2026-08-12,3,Okay
EMP1163,2026-08-14,4,Happy
EMP1163,2026-08-18,2,Sad
EMP1163,2026-08-20,3,Okay
EMP1163,2026-08-24,3,Okay
EMP1163,2026-08-26,5,Excited
EMP1164,2026-04-28,5,Excited
EMP1164,2026-04-30,5,Excited
EMP1164,2026-05-02,4,Happy
EMP1164,2026-05-04,5,Excited
EMP1164,2026-05-08,4,Happy
EMP1164,2026-05-12,4,Happy
EMP1164,2026-05-14,5,Excited
EMP1164,2026-05-16,5,Excited
EMP1164,2026-05-22,5,Excited
EMP1164,2026-05-24,4,Happy
EMP1164,2026-05-26,4,Happy
EMP1164,2026-05-28,5,Excited
EMP1164,2026-05-30,5,Excited
EMP1164,2026-06-01,4,Happy
EMP1164,2026-06-03,5,Excited
EMP1164,2026-06-05,5,Excited
EMP1164,2026-06-09,5,Excited
EMP1164,2026-06-11,4,Happy
EMP1164,2026-06-13,5,Excited
EMP1164,2026-06-15,5,Excited
EMP1164,2026-06-17,5,Excited
EMP1164,2026-06-19,4,Happy
EMP1164,2026-06-21,5,Excited
EMP1164,2026-06-23,4,Happy
EMP1164,2026-06-27,4,Happy
EMP1164,2026-06-29,5,Excited
EMP1164,2026-07-01,5,Excited
EMP1164,2026-07-03,5,Excited
EMP1164,2026-07-05,5,Excited
EMP1164,2026-07-07,5,Excited
EMP1164,2026-07-09,4,Happy
EMP1164,2026-07-11,5,Excited
EMP1164,2026-07-13,5,Excited
EMP1164,2026-07-15,5,Excited
EMP1164,2026-07-17,4,Happy
EMP1164,2026-07-21,5,Excited
EMP1164,2026-07-23,4,Happy
EMP1164,2026-07-25,5,Excited
EMP1164,2026-07-27,5,Excited
EMP1164,2026-07-29,5,Excited
EMP1164,2026-07-31,4,Happy
EMP1164,2026-08-04,5,Excited
EMP1164,2026-08-06,4,Happy
EMP1164,2026-08-08,5,Excited
EMP1164,2026-08-10,5,Excited
EMP1164,2026-08-12,5,Excited
EMP1164,2026-08-14,5,Excited
EMP1164,2026-08-16,4,Happy
EMP1164,2026-08-18,5,Excited
EMP1164,2026-08-24,5,Excited
EMP1164,2026-08-26,5,Excited
EMP1165,2026-04-28,3,Okay
EMP1165,2026-04-30,3,Okay
EMP1165,2026-05-02,3,Okay
EMP1165,2026-05-04,3,Okay
EMP1165,2026-05-06,2,Sad
EMP1165,2026-05-08,4,Happy
EMP1165,2026-05-10,4,Happy
EMP1165,2026-05-12,4,Happy
EMP1165,2026-05-14,3,Okay
EMP1165,2026-05-16,4,Happy
EMP1165,2026-05-18,4,Happy
EMP1165,2026-05-22,3,Okay
EMP1165,2026-05-24,3,Okay
EMP1165,2026-05-26,4,Happy
EMP1165,2026-05-28,4,Happy
EMP1165,2026-05-30,3,Okay
EMP1165,2026-06-01,3,Okay
EMP1165,2026-06-03,5,Excited
EMP1165,2026-06-05,3,Okay
EMP1165,2026-06-07,4,Happy
EMP1165,2026-06-09,3,Okay
EMP1165,2026-06-11,5,Excited
EMP1165,2026-06-17,3,Okay
EMP1165,2026-06-19,3,Okay
EMP1165,2026-06-21,4,Happy
EMP1165,2026-06-23,4,Happy
EMP1165,2026-06-25,3,Okay
EMP1165,2026-06-27,5,Excited
EMP1165,2026-06-29,3,Okay
EMP1165,2026-07-01,3,Okay
EMP1165,2026-07-05,3,Okay
EMP1165,2026-07-07,3,Okay
EMP1165,2026-07-09,3,Okay
EMP1165,2026-07-11,4,Happy
EMP1165,2026-07-13,3,Okay
EMP1165,2026-07-15,2,Sad
EMP1165,2026-07-17,4,Happy
EMP1165,2026-07-19,3,Okay
EMP1165,2026-07-21,4,Happy
EMP1165,2026-07-23,4,Happy
EMP1165,2026-07-25,4,Happy
EMP1165,2026-07-27,4,Happy
EMP1165,2026-07-29,5,Excited
EMP1165,2026-07-31,3,Okay
EMP1165,2026-08-02,3,Okay
EMP1165,2026-08-04,4,Happy
EMP1165,2026-08-08,3,Okay
EMP1165,2026-08-10,4,Happy
EMP1165,2026-08-12,3,Okay
EMP1165,2026-08-14,5,Excited
EMP1165,2026-08-16,4,Happy
EMP1165,2026-08-18,4,Happy
EMP1165,2026-08-20,3,Okay
EMP1165,2026-08-22,4,Happy
EMP1165,2026-08-26,3,Okay
EMP1166,2026-04-28,4,Happy
EMP1166,2026-04-30,4,Happy
EMP1166,2026-05-02,5,Excited
EMP1166,2026-05-04,3,Okay
EMP1166,2026-05-06,2,Sad
EMP1166,2026-05-08,4,Happy
EMP1166,2026-05-10,5,Excited
EMP1166,2026-05-12,3,Okay
EMP1166,2026-05-14,5,Excited
EMP1166,2026-05-16,5,Excited
EMP1166,2026-05-18,3,Okay
EMP1166,2026-05-20,3,Okay
EMP1166,2026-05-22,3,Okay
EMP1166,2026-05-24,4,Happy
EMP1166,2026-05-26,4,Happy
EMP1166,2026-05-28,4,Happy
EMP1166,2026-05-30,3,Okay
EMP1166,2026-06-01,3,Okay
EMP1166,2026-06-03,3,Okay
EMP1166,2026-06-05,2,Sad
EMP1166,2026-06-07,3,Okay
EMP1166,2026-06-09,2,Sad
EMP1166,2026-06-11,3,Okay
EMP1166,2026-06-13,4,Happy
EMP1166,2026-06-15,4,Happy
EMP1166,2026-06-17,4,Happy
EMP1166,2026-06-19,3,Okay
EMP1166,2026-06-21,4,Happy
EMP1166,2026-06-23,4,Happy
EMP1166,2026-06-25,3,Okay
EMP1166,2026-06-27,4,Happy
EMP1166,2026-06-29,3,Okay
EMP1166,2026-07-03,4,Happy
EMP1166,2026-07-05,3,Okay
EMP1166,2026-07-07,4,Happy
EMP1166,2026-07-11,4,Happy
EMP1166,2026-07-13,3,Okay
EMP1166,2026-07-15,5,Excited
EMP1166,2026-07-17,4,Happy
EMP1166,2026-07-19,3,Okay
EMP1166,2026-07-21,3,Okay
EMP1166,2026-07-23,3,Okay
EMP1166,2026-07-27,4,Happy
EMP1166,2026-07-29,5,Excited
EMP1166,2026-07-31,3,Okay
EMP1166,2026-08-02,4,Happy
EMP1166,2026-08-04,3,Okay
EMP1166,2026-08-06,4,Happy
EMP1166,2026-08-08,4,Happy
EMP1166,2026-08-10,4,Happy
EMP1166,2026-08-14,3,Okay
EMP1166,2026-08-16,4,Happy
EMP1166,2026-08-22,3,Okay
EMP1166,2026-08-24,3,Okay
EMP1167,2026-04-28,3,Okay
EMP1167,2026-05-02,4,Happy
EMP1167,2026-05-04,5,Excited
EMP1167,2026-05-06,5,Excited
EMP1167,2026-05-08,3,Okay
EMP1167,2026-05-10,4,Happy
EMP1167,2026-05-12,3,Okay
EMP1167,2026-05-14,4,Happy
EMP1167,2026-05-16,5,Excited
EMP1167,2026-05-18,4,Happy
EMP1167,2026-05-20,4,Happy
EMP1167,2026-05-22,3,Okay
EMP1167,2026-05-24,2,Sad
EMP1167,2026-05-26,2,Sad
EMP1167,2026-05-30,4,Happy
EMP1167,2026-06-01,5,Excited
EMP1167,2026-06-03,3,Okay
EMP1167,2026-06-05,4,Happy
EMP1167,2026-06-07,4,Happy
EMP1167,2026-06-09,4,Happy
EMP1167,2026-06-11,4,Happy
EMP1167,2026-06-15,4,Happy
EMP1167,2026-06-17,4,Happy
EMP1167,2026-06-19,4,Happy
EMP1167,2026-06-21,3,Okay
EMP1167,2026-06-23,4,Happy
EMP1167,2026-06-25,2,Sad
EMP1167,2026-06-27,2,Sad
EMP1167,2026-06-29,3,Okay
EMP1167,2026-07-01,3,Okay
EMP1167,2026-07-03,4,Happy
EMP1167,2026-07-07,4,Happy
EMP1167,2026-07-11,3,Okay
EMP1167,2026-07-13,4,Happy
EMP1167,2026-07-15,3,Okay
EMP1167,2026-07-17,4,Happy
EMP1167,2026-07-19,3,Okay
EMP1167,2026-07-21,3,Okay
EMP1167,2026-07-23,4,Happy
EMP1167,2026-07-25,2,Sad
EMP1167,2026-07-27,4,Happy
EMP1167,2026-07-29,3,Okay
EMP1167,2026-07-31,4,Happy
EMP1167,2026-08-02,4,Happy
EMP1167,2026-08-04,3,Okay
EMP1167,2026-08-06,3,Okay
EMP1167,2026-08-12,3,Okay
EMP1167,2026-08-14,4,Happy
EMP1167,2026-08-16,3,Okay
EMP1167,2026-08-18,5,Excited
EMP1167,2026-08-20,3,Okay
EMP1167,2026-08-24,3,Okay
EMP1167,2026-08-26,4,Happy
EMP1168,2026-04-28,2,Sad
EMP1168,2026-04-30,3,Okay
EMP1168,2026-05-02,2,Sad
EMP1168,2026-05-04,3,Okay
EMP1168,2026-05-06,3,Okay
EMP1168,2026-05-08,3,Okay
EMP1168,2026-05-10,4,Happy
EMP1168,2026-05-12,2,Sad
EMP1168,2026-05-14,3,Okay
EMP1168,2026-05-16,2,Sad
EMP1168,2026-05-18,1,Frustrated
EMP1168,2026-05-20,3,Okay
EMP1168,2026-05-22,2,Sad
EMP1168,2026-05-26,2,Sad
EMP1168,2026-05-30,3,Okay
EMP1168,2026-06-01,1,Frustrated
EMP1168,2026-06-03,3,Okay
EMP1168,2026-06-05,2,Sad
EMP1168,2026-06-11,2,Sad
EMP1168,2026-06-13,1,Frustrated
EMP1168,2026-06-15,3,Okay
EMP1168,2026-06-17,3,Okay
EMP1168,2026-06-19,3,Okay
EMP1168,2026-06-21,2,Sad
EMP1168,2026-06-23,1,Frustrated
EMP1168,2026-06-25,2,Sad
EMP1168,2026-06-27,2,Sad
EMP1168,2026-06-29,4,Happy
EMP1168,2026-07-01,2,Sad
EMP1168,2026-07-05,2,Sad
EMP1168,2026-07-07,1,Frustrated
EMP1168,2026-07-09,2,Sad
EMP1168,2026-07-11,2,Sad
EMP1168,2026-07-13,2,Sad
EMP1168,2026-07-15,2,Sad
EMP1168,2026-07-17,3,Okay
EMP1168,2026-07-19,3,Okay
EMP1168,2026-07-21,1,Frustrated
EMP1168,2026-07-25,3,Okay
EMP1168,2026-07-27,2,Sad
EMP1168,2026-07-29,2,Sad
EMP1168,2026-07-31,2,Sad
EMP1168,2026-08-02,3,Okay
EMP1168,2026-08-04,2,Sad
EMP1168,2026-08-06,2,Sad
EMP1168,2026-08-08,2,Sad
EMP1168,2026-08-10,3,Okay
EMP1168,2026-08-12,2,Sad
EMP1168,2026-08-14,4,Happy
EMP1168,2026-08-16,2,Sad
EMP1168,2026-08-18,2,Sad
EMP1168,2026-08-20,3,Okay
EMP1168,2026-08-22,2,Sad
EMP1168,2026-08-24,2,Sad
EMP1168,2026-08-26,2,Sad
EMP1169,2026-04-28,3,Okay
EMP1169,2026-04-30,3,Okay
EMP1169,2026-05-02,3,Okay
EMP1169,2026-05-04,4,Happy
EMP1169,2026-05-06,3,Okay
EMP1169,2026-05-08,3,Okay
EMP1169,2026-05-10,3,Okay
EMP1169,2026-05-14,5,Excited
EMP1169,2026-05-16,3,Okay
EMP1169,2026-05-18,4,Happy
EMP1169,2026-05-20,4,Happy
EMP1169,2026-05-22,3,Okay
EMP1169,2026-05-24,4,Happy
EMP1169,2026-05-26,3,Okay
EMP1169,2026-05-28,4,Happy
EMP1169,2026-05-30,4,Happy
EMP1169,2026-06-01,3,Okay
EMP1169,2026-06-03,5,Excited
EMP1169,2026-06-07,4,Happy
EMP1169,2026-06-09,3,Okay
EMP1169,2026-06-11,3,Okay
EMP1169,2026-06-13,3,Okay
EMP1169,2026-06-15,4,Happy
EMP1169,2026-06-17,5,Excited
EMP1169,2026-06-19,2,Sad
EMP1169,2026-06-23,4,Happy
EMP1169,2026-06-25,4,Happy
EMP1169,2026-06-27,4,Happy
EMP1169,2026-07-03,3,Okay
EMP1169,2026-07-05,3,Okay
EMP1169,2026-07-07,4,Happy
EMP1169,2026-07-09,3,Okay
EMP1169,2026-07-11,4,Happy
EMP1169,2026-07-15,5,Excited
EMP1169,2026-07-17,5,Excited
EMP1169,2026-07-19,4,Happy
EMP1169,2026-07-21,3,Okay
EMP1169,2026-07-23,2,Sad
EMP1169,2026-07-27,3,Okay
EMP1169,2026-07-29,5,Excited
EMP1169,2026-07-31,5,Excited
EMP1169,2026-08-06,4,Happy
EMP1169,2026-08-08,4,Happy
EMP1169,2026-08-10,4,Happy
EMP1169,2026-08-14,3,Okay
EMP1169,2026-08-16,3,Okay
EMP1169,2026-08-18,4,Happy
EMP1169,2026-08-20,4,Happy
EMP1169,2026-08-22,3,Okay
EMP1169,2026-08-24,2,Sad
EMP1169,2026-08-26,4,Happy
EMP1170,2026-04-28,2,Sad
EMP1170,2026-04-30,5,Excited
EMP1170,2026-05-02,3,Okay
EMP1170,2026-05-06,5,Excited
EMP1170,2026-05-08,3,Okay
EMP1170,2026-05-10,3,Okay
EMP1170,2026-05-12,5,Excited
EMP1170,2026-05-14,3,Okay
EMP1170,2026-05-16,4,Happy
EMP1170,2026-05-18,4,Happy
EMP1170,2026-05-20,4,Happy
EMP1170,2026-05-24,4,Happy
EMP1170,2026-05-26,3,Okay
EMP1170,2026-05-28,4,Happy
EMP1170,2026-05-30,4,Happy
EMP1170,2026-06-01,5,Excited
EMP1170,2026-06-03,4,Happy
EMP1170,2026-06-05,5,Excited
EMP1170,2026-06-09,4,Happy
EMP1170,2026-06-11,5,Excited
EMP1170,2026-06-13,5,Excited
EMP1170,2026-06-15,4,Happy
EMP1170,2026-06-17,3,Okay
EMP1170,2026-06-19,3,Okay
EMP1170,2026-06-23,4,Happy
EMP1170,2026-06-27,3,Okay
EMP1170,2026-06-29,3,Okay
EMP1170,2026-07-03,4,Happy
EMP1170,2026-07-05,3,Okay
EMP1170,2026-07-09,2,Sad
EMP1170,2026-07-13,5,Excited
EMP1170,2026-07-15,4,Happy
EMP1170,2026-07-17,3,Okay
EMP1170,2026-07-19,3,Okay
EMP1170,2026-07-21,3,Okay
EMP1170,2026-07-23,2,Sad
EMP1170,2026-07-25,4,Happy
EMP1170,2026-07-27,3,Okay
EMP1170,2026-07-29,5,Excited
EMP1170,2026-07-31,2,Sad
EMP1170,2026-08-02,4,Happy
EMP1170,2026-08-04,5,Excited
EMP1170,2026-08-06,2,Sad
EMP1170,2026-08-08,4,Happy
EMP1170,2026-08-10,2,Sad
EMP1170,2026-08-12,4,Happy
EMP1170,2026-08-14,5,Excited
EMP1170,2026-08-18,4,Happy
EMP1170,2026-08-20,3,Okay
EMP1170,2026-08-22,4,Happy
EMP1170,2026-08-24,4,Happy
EMP1170,2026-08-26,3,Okay
EMP1171,2026-04-28,2,Sad
EMP1171,2026-05-04,1,Frustrated
EMP1171,2026-05-06,2,Sad
EMP1171,2026-05-08,2,Sad
EMP1171,2026-05-10,3,Okay
EMP1171,2026-05-12,3,Okay
EMP1171,2026-05-14,3,Okay
EMP1171,2026-05-16,3,Okay
EMP1171,2026-05-20,2,Sad
EMP1171,2026-05-22,2,Sad
EMP1171,2026-05-24,2,Sad
EMP1171,2026-05-26,2,Sad
EMP1171,2026-05-28,2,Sad
EMP1171,2026-05-30,2,Sad
EMP1171,2026-06-03,2,Sad
EMP1171,2026-06-07,2,Sad
EMP1171,2026-06-09,3,Okay
EMP1171,2026-06-11,2,Sad
EMP1171,2026-06-13,1,Frustrated
EMP1171,2026-06-15,2,Sad
EMP1171,2026-06-17,1,Frustrated
EMP1171,2026-06-19,3,Okay
EMP1171,2026-06-25,2,Sad
EMP1171,2026-06-27,1,Frustrated
EMP1171,2026-06-29,1,Frustrated
EMP1171,2026-07-01,2,Sad
EMP1171,2026-07-03,2,Sad
EMP1171,2026-07-05,1,Frustrated
EMP1171,2026-07-07,2,Sad
EMP1171,2026-07-09,2,Sad
EMP1171,2026-07-13,3,Okay
EMP1171,2026-07-15,2,Sad
EMP1171,2026-07-17,2,Sad
EMP1171,2026-07-19,2,Sad
EMP1171,2026-07-21,2,Sad
EMP1171,2026-07-23,1,Frustrated
EMP1171,2026-07-25,3,Okay
EMP1171,2026-07-27,2,Sad
EMP1171,2026-07-29,2,Sad
EMP1171,2026-07-31,1,Frustrated
EMP1171,2026-08-02,4,Happy
EMP1171,2026-08-04,2,Sad
EMP1171,2026-08-06,2,Sad
EMP1171,2026-08-08,3,Okay
EMP1171,2026-08-10,2,Sad
EMP1171,2026-08-12,2,Sad
EMP1171,2026-08-14,2,Sad
EMP1171,2026-08-16,1,Frustrated
EMP1171,2026-08-18,2,Sad
EMP1171,2026-08-22,2,Sad
EMP1171,2026-08-24,2,Sad
EMP1171,2026-08-26,1,Frustrated
EMP1172,2026-04-28,5,Excited
EMP1172,2026-04-30,3,Okay
EMP1172,2026-05-02,4,Happy
EMP1172,2026-05-04,3,Okay
EMP1172,2026-05-06,4,Happy
EMP1172,2026-05-08,3,Okay
EMP1172,2026-05-10,5,Excited
EMP1172,2026-05-14,5,Excited
EMP1172,2026-05-16,4,Happy
EMP1172,2026-05-18,4,Happy
EMP1172,2026-05-20,4,Happy
EMP1172,2026-05-22,3,Okay
EMP1172,2026-05-24,4,Happy
EMP1172,2026-05-26,4,Happy
EMP1172,2026-05-30,3,Okay
EMP1172,2026-06-01,3,Okay
EMP1172,2026-06-03,4,Happy
EMP1172,2026-06-05,3,Okay
EMP1172,2026-06-07,4,Happy
EMP1172,2026-06-09,4,Happy
EMP1172,2026-06-11,3,Okay
EMP1172,2026-06-13,3,Okay
EMP1172,2026-06-15,3,Okay
EMP1172,2026-06-17,3,Okay
EMP1172,2026-06-19,3,Okay
EMP1172,2026-06-21,4,Happy
EMP1172,2026-06-23,3,Okay
EMP1172,2026-06-25,2,Sad
EMP1172,2026-06-27,4,Happy
EMP1172,2026-06-29,3,Okay
EMP1172,2026-07-01,4,Happy
EMP1172,2026-07-03,5,Excited
EMP1172,2026-07-05,5,Excited
EMP1172,2026-07-07,4,Happy
EMP1172,2026-07-09,4,Happy
EMP1172,2026-07-11,4,Happy
EMP1172,2026-07-13,4,Happy
EMP1172,2026-07-15,3,Okay
EMP1172,2026-07-17,3,Okay
EMP1172,2026-07-19,3,Okay
EMP1172,2026-07-21,5,Excited
EMP1172,2026-07-25,3,Okay
EMP1172,2026-07-27,4,Happy
EMP1172,2026-07-29,4,Happy
EMP1172,2026-07-31,4,Happy
EMP1172,2026-08-02,3,Okay
EMP1172,2026-08-04,4,Happy
EMP1172,2026-08-06,4,Happy
EMP1172,2026-08-08,3,Okay
EMP1172,2026-08-10,4,Happy
EMP1172,2026-08-12,4,Happy
EMP1172,2026-08-14,3,Okay
EMP1172,2026-08-16,3,Okay
EMP1172,2026-08-18,5,Excited
EMP1172,2026-08-20,3,Okay
EMP1172,2026-08-22,2,Sad
EMP1172,2026-08-24,2,Sad
EMP1172,2026-08-26,2,Sad
EMP1173,2026-04-28,2,Sad
EMP1173,2026-05-02,1,Frustrated
EMP1173,2026-05-04,2,Sad
EMP1173,2026-05-06,1,Frustrated
EMP1173,2026-05-08,3,Okay
EMP1173,2026-05-10,3,Okay
EMP1173,2026-05-12,3,Okay
EMP1173,2026-05-14,4,Happy
EMP1173,2026-05-16,4,Happy
EMP1173,2026-05-18,3,Okay
EMP1173,2026-05-20,2,Sad
EMP1173,2026-05-22,1,Frustrated
EMP1173,2026-05-26,1,Frustrated
EMP1173,2026-05-28,4,Happy
EMP1173,2026-05-30,2,Sad
EMP1173,2026-06-01,3,Okay
EMP1173,2026-06-03,3,Okay
EMP1173,2026-06-05,4,Happy
EMP1173,2026-06-07,2,Sad
EMP1173,2026-06-09,3,Okay
EMP1173,2026-06-13,2,Sad
EMP1173,2026-06-15,1,Frustrated
EMP1173,2026-06-17,3,Okay
EMP1173,2026-06-19,2,Sad
EMP1173,2026-06-21,2,Sad
EMP1173,2026-06-23,3,Okay
EMP1173,2026-06-25,3,Okay
EMP1173,2026-06-27,3,Okay
EMP1173,2026-06-29,2,Sad
EMP1173,2026-07-03,3,Okay
EMP1173,2026-07-05,2,Sad
EMP1173,2026-07-07,3,Okay
EMP1173,2026-07-09,2,Sad
EMP1173,2026-07-11,3,Okay
EMP1173,2026-07-15,1,Frustrated
EMP1173,2026-07-17,2,Sad
EMP1173,2026-07-19,3,Okay
EMP1173,2026-07-21,2,Sad
EMP1173,2026-07-23,2,Sad
EMP1173,2026-07-27,3,Okay
EMP1173,2026-07-31,3,Okay
EMP1173,2026-08-02,1,Frustrated
EMP1173,2026-08-04,4,Happy
EMP1173,2026-08-06,3,Okay
EMP1173,2026-08-08,2,Sad
EMP1173,2026-08-14,4,Happy
EMP1173,2026-08-16,1,Frustrated
EMP1173,2026-08-18,4,Happy
EMP1173,2026-08-20,2,Sad
EMP1173,2026-08-22,1,Frustrated
EMP1173,2026-08-24,3,Okay
EMP1173,2026-08-26,2,Sad
EMP1174,2026-04-28,2,Sad
EMP1174,2026-05-02,1,Frustrated
EMP1174,2026-05-04,3,Okay
EMP1174,2026-05-06,2,Sad
EMP1174,2026-05-08,2,Sad
EMP1174,2026-05-14,2,Sad
EMP1174,2026-05-16,2,Sad
EMP1174,2026-05-18,3,Okay
EMP1174,2026-05-20,3,Okay
EMP1174,2026-05-22,2,Sad
EMP1174,2026-05-24,2,Sad
EMP1174,2026-05-26,3,Okay
EMP1174,2026-05-28,3,Okay
EMP1174,2026-05-30,3,Okay
EMP1174,2026-06-01,4,Happy
EMP1174,2026-06-05,3,Okay
EMP1174,2026-06-07,2,Sad
EMP1174,2026-06-09,2,Sad
EMP1174,2026-06-11,3,Okay
EMP1174,2026-06-13,3,Okay
EMP1174,2026-06-15,2,Sad
EMP1174,2026-06-17,3,Okay
EMP1174,2026-06-21,3,Okay
EMP1174,2026-06-23,4,Happy
EMP1174,2026-06-25,3,Okay
EMP1174,2026-06-27,2,Sad
EMP1174,2026-07-01,1,Frustrated
EMP1174,2026-07-03,4,Happy
EMP1174,2026-07-05,3,Okay
EMP1174,2026-07-07,2,Sad
EMP1174,2026-07-09,3,Okay
EMP1174,2026-07-11,3,Okay
EMP1174,2026-07-13,4,Happy
EMP1174,2026-07-15,2,Sad
EMP1174,2026-07-17,2,Sad
EMP1174,2026-07-19,1,Frustrated
EMP1174,2026-07-21,2,Sad
EMP1174,2026-07-23,2,Sad
EMP1174,2026-07-27,3,Okay
EMP1174,2026-07-29,2,Sad
EMP1174,2026-07-31,2,Sad
EMP1174,2026-08-02,3,Okay
EMP1174,2026-08-04,3,Okay
EMP1174,2026-08-06,3,Okay
EMP1174,2026-08-08,3,Okay
EMP1174,2026-08-12,2,Sad
EMP1174,2026-08-14,4,Happy
EMP1174,2026-08-16,3,Okay
EMP1174,2026-08-18,2,Sad
EMP1174,2026-08-20,2,Sad
EMP1174,2026-08-24,2,Sad
EMP1174,2026-08-26,2,Sad
EMP1175,2026-04-28,4,Happy
EMP1175,2026-04-30,4,Happy
EMP1175,2026-05-02,4,Happy
EMP1175,2026-05-04,2,Sad
EMP1175,2026-05-06,3,Okay
EMP1175,2026-05-08,4,Happy
EMP1175,2026-05-10,3,Okay
EMP1175,2026-05-12,5,Excited
EMP1175,2026-05-14,4,Happy
EMP1175,2026-05-16,3,Okay
EMP1175,2026-05-18,4,Happy
EMP1175,2026-05-20,3,Okay
EMP1175,2026-05-22,4,Happy
EMP1175,2026-05-24,5,Excited
EMP1175,2026-05-26,5,Excited
EMP1175,2026-05-28,4,Happy
EMP1175,2026-05-30,4,Happy
EMP1175,2026-06-01,4,Happy
EMP1175,2026-06-03,4,Happy
EMP1175,2026-06-07,3,Okay
EMP1175,2026-06-09,4,Happy
EMP1175,2026-06-13,3,Okay
EMP1175,2026-06-15,4,Happy
EMP1175,2026-06-17,4,Happy
EMP1175,2026-06-19,4,Happy
EMP1175,2026-06-23,3,Okay
EMP1175,2026-06-25,4,Happy
EMP1175,2026-06-27,4,Happy
EMP1175,2026-06-29,5,Excited
EMP1175,2026-07-01,3,Okay
EMP1175,2026-07-03,3,Okay
EMP1175,2026-07-05,3,Okay
EMP1175,2026-07-09,4,Happy
EMP1175,2026-07-11,4,Happy
EMP1175,2026-07-13,4,Happy
EMP1175,2026-07-15,4,Happy
EMP1175,2026-07-17,4,Happy
EMP1175,2026-07-19,3,Okay
EMP1175,2026-07-23,4,Happy
EMP1175,2026-07-25,4,Happy
EMP1175,2026-07-27,3,Okay
EMP1175,2026-07-31,5,Excited
EMP1175,2026-08-04,4,Happy
EMP1175,2026-08-06,3,Okay
EMP1175,2026-08-08,3,Okay
EMP1175,2026-08-10,3,Okay
EMP1175,2026-08-12,3,Okay
EMP1175,2026-08-14,3,Okay
EMP1175,2026-08-16,4,Happy
EMP1175,2026-08-18,3,Okay
EMP1175,2026-08-20,3,Okay
EMP1175,2026-08-22,4,Happy
EMP1175,2026-08-24,4,Happy
EMP1175,2026-08-26,4,Happy
EMP1176,2026-04-28,4,Happy
EMP1176,2026-04-30,2,Sad
EMP1176,2026-05-02,3,Okay
EMP1176,2026-05-04,3,Okay
EMP1176,2026-05-08,4,Happy
EMP1176,2026-05-10,4,Happy
EMP1176,2026-05-12,5,Excited
EMP1176,2026-05-16,4,Happy
EMP1176,2026-05-18,4,Happy
EMP1176,2026-05-20,3,Okay
EMP1176,2026-05-22,5,Excited
EMP1176,2026-05-24,4,Happy
EMP1176,2026-05-26,4,Happy
EMP1176,2026-05-28,4,Happy
EMP1176,2026-05-30,3,Okay
EMP1176,2026-06-01,3,Okay
EMP1176,2026-06-03,3,Okay
EMP1176,2026-06-05,2,Sad
EMP1176,2026-06-07,4,Happy
EMP1176,2026-06-13,3,Okay
EMP1176,2026-06-15,4,Happy
EMP1176,2026-06-17,4,Happy
EMP1176,2026-06-21,5,Excited
EMP1176,2026-06-23,3,Okay
EMP1176,2026-06-25,4,Happy
EMP1176,2026-06-27,4,Happy
EMP1176,2026-06-29,4,Happy
EMP1176,2026-07-01,3,Okay
EMP1176,2026-07-03,3,Okay
EMP1176,2026-07-05,3,Okay
EMP1176,2026-07-07,4,Happy
EMP1176,2026-07-09,5,Excited
EMP1176,2026-07-11,3,Okay
EMP1176,2026-07-13,4,Happy
EMP1176,2026-07-15,4,Happy
EMP1176,2026-07-17,4,Happy
EMP1176,2026-07-19,4,Happy
EMP1176,2026-07-23,4,Happy
EMP1176,2026-07-25,3,Okay
EMP1176,2026-07-27,4,Happy
EMP1176,2026-07-31,2,Sad
EMP1176,2026-08-02,3,Okay
EMP1176,2026-08-04,3,Okay
EMP1176,2026-08-06,4,Happy
EMP1176,2026-08-08,4,Happy
EMP1176,2026-08-10,3,Okay
EMP1176,2026-08-12,4,Happy
EMP1176,2026-08-14,3,Okay
EMP1176,2026-08-16,3,Okay
EMP1176,2026-08-18,4,Happy
EMP1176,2026-08-20,4,Happy
EMP1176,2026-08-22,3,Okay
EMP1176,2026-08-24,3,Okay
EMP1176,2026-08-26,3,Okay
EMP1177,2026-04-28,3,Okay
EMP1177,2026-04-30,2,Sad
EMP1177,2026-05-02,3,Okay
EMP1177,2026-05-04,2,Sad
EMP1177,2026-05-06,3,Okay
EMP1177,2026-05-08,1,Frustrated
EMP1177,2026-05-10,2,Sad
EMP1177,2026-05-12,2,Sad
EMP1177,2026-05-14,2,Sad
EMP1177,2026-05-16,2,Sad
EMP1177,2026-05-20,2,Sad
EMP1177,2026-05-22,2,Sad
EMP1177,2026-05-26,3,Okay
EMP1177,2026-05-28,3,Okay
EMP1177,2026-05-30,2,Sad
EMP1177,2026-06-01,1,Frustrated
EMP1177,2026-06-03,2,Sad
EMP1177,2026-06-07,2,Sad
EMP1177,2026-06-09,3,Okay
EMP1177,2026-06-11,1,Frustrated
EMP1177,2026-06-13,2,Sad
EMP1177,2026-06-15,2,Sad
EMP1177,2026-06-17,2,Sad
EMP1177,2026-06-19,2,Sad
EMP1177,2026-06-21,1,Frustrated
EMP1177,2026-06-23,1,Frustrated
EMP1177,2026-06-25,1,Frustrated
EMP1177,2026-06-27,2,Sad
EMP1177,2026-06-29,2,Sad
EMP1177,2026-07-01,1,Frustrated
EMP1177,2026-07-03,2,Sad
EMP1177,2026-07-05,1,Frustrated
EMP1177,2026-07-09,3,Okay
EMP1177,2026-07-11,2,Sad
EMP1177,2026-07-13,1,Frustrated
EMP1177,2026-07-15,1,Frustrated
EMP1177,2026-07-17,2,Sad
EMP1177,2026-07-19,1,Frustrated
EMP1177,2026-07-21,1,Frustrated
EMP1177,2026-07-23,1,Frustrated
EMP1177,2026-07-25,1,Frustrated
EMP1177,2026-07-27,1,Frustrated
EMP1177,2026-07-31,1,Frustrated
EMP1177,2026-08-04,2,Sad
EMP1177,2026-08-06,1,Frustrated
EMP1177,2026-08-08,2,Sad
EMP1177,2026-08-10,1,Frustrated
EMP1177,2026-08-12,1,Frustrated
EMP1177,2026-08-14,2,Sad
EMP1177,2026-08-16,2,Sad
EMP1177,2026-08-18,2,Sad
EMP1177,2026-08-20,2,Sad
EMP1177,2026-08-24,1,Frustrated
EMP1177,2026-08-26,1,Frustrated
EMP1178,2026-04-28,2,Sad
EMP1178,2026-04-30,2,Sad
EMP1178,2026-05-02,3,Okay
EMP1178,2026-05-04,2,Sad
EMP1178,2026-05-06,2,Sad
EMP1178,2026-05-08,2,Sad
EMP1178,2026-05-10,2,Sad
EMP1178,2026-05-12,2,Sad
EMP1178,2026-05-14,2,Sad
EMP1178,2026-05-16,2,Sad
EMP1178,2026-05-18,2,Sad
EMP1178,2026-05-20,2,Sad
EMP1178,2026-05-22,3,Okay
EMP1178,2026-05-24,1,Frustrated
EMP1178,2026-05-26,3,Okay
EMP1178,2026-05-28,2,Sad
EMP1178,2026-05-30,2,Sad
EMP1178,2026-06-01,2,Sad
EMP1178,2026-06-03,2,Sad
EMP1178,2026-06-05,1,Frustrated
EMP1178,2026-06-07,3,Okay
EMP1178,2026-06-13,2,Sad
EMP1178,2026-06-15,2,Sad
EMP1178,2026-06-19,3,Okay
EMP1178,2026-06-21,2,Sad
EMP1178,2026-06-23,2,Sad
EMP1178,2026-06-25,2,Sad
EMP1178,2026-06-27,1,Frustrated
EMP1178,2026-06-29,2,Sad
EMP1178,2026-07-01,2,Sad
EMP1178,2026-07-03,1,Frustrated
EMP1178,2026-07-05,2,Sad
EMP1178,2026-07-07,1,Frustrated
EMP1178,2026-07-09,2,Sad
EMP1178,2026-07-11,2,Sad
EMP1178,2026-07-13,1,Frustrated
EMP1178,2026-07-15,2,Sad
EMP1178,2026-07-17,2,Sad
EMP1178,2026-07-19,2,Sad
EMP1178,2026-07-21,1,Frustrated
EMP1178,2026-07-23,1,Frustrated
EMP1178,2026-07-29,1,Frustrated
EMP1178,2026-07-31,1,Frustrated
EMP1178,2026-08-02,1,Frustrated
EMP1178,2026-08-04,1,Frustrated
EMP1178,2026-08-06,1,Frustrated
EMP1178,2026-08-10,1,Frustrated
EMP1178,2026-08-12,2,Sad
EMP1178,2026-08-14,1,Frustrated
EMP1178,2026-08-18,2,Sad
EMP1178,2026-08-20,1,Frustrated
EMP1178,2026-08-22,1,Frustrated
EMP1178,2026-08-24,2,Sad
EMP1178,2026-08-26,1,Frustrated
EMP1179,2026-04-28,4,Happy
EMP1179,2026-04-30,4,Happy
EMP1179,2026-05-02,4,Happy
EMP1179,2026-05-04,3,Okay
EMP1179,2026-05-06,4,Happy
EMP1179,2026-05-08,2,Sad
EMP1179,2026-05-10,4,Happy
EMP1179,2026-05-12,4,Happy
EMP1179,2026-05-14,4,Happy
EMP1179,2026-05-16,4,Happy
EMP1179,2026-05-18,3,Okay
EMP1179,2026-05-20,3,Okay
EMP1179,2026-05-22,4,Happy
EMP1179,2026-05-24,4,Happy
EMP1179,2026-05-28,4,Happy
EMP1179,2026-05-30,3,Okay
EMP1179,2026-06-01,4,Happy
EMP1179,2026-06-03,3,Okay
EMP1179,2026-06-05,3,Okay
EMP1179,2026-06-07,2,Sad
EMP1179,2026-06-09,3,Okay
EMP1179,2026-06-11,3,Okay
EMP1179,2026-06-13,4,Happy
EMP1179,2026-06-15,4,Happy
EMP1179,2026-06-17,4,Happy
EMP1179,2026-06-21,3,Okay
EMP1179,2026-06-23,4,Happy
EMP1179,2026-06-25,4,Happy
EMP1179,2026-06-29,5,Excited
EMP1179,2026-07-01,3,Okay
EMP1179,2026-07-03,3,Okay
EMP1179,2026-07-05,3,Okay
EMP1179,2026-07-07,4,Happy
EMP1179,2026-07-09,3,Okay
EMP1179,2026-07-11,2,Sad
EMP1179,2026-07-15,4,Happy
EMP1179,2026-07-17,5,Excited
EMP1179,2026-07-19,5,Excited
EMP1179,2026-07-21,4,Happy
EMP1179,2026-07-23,3,Okay
EMP1179,2026-07-25,4,Happy
EMP1179,2026-07-29,4,Happy
EMP1179,2026-07-31,4,Happy
EMP1179,2026-08-02,3,Okay
EMP1179,2026-08-04,4,Happy
EMP1179,2026-08-06,3,Okay
EMP1179,2026-08-08,3,Okay
EMP1179,2026-08-10,5,Excited
EMP1179,2026-08-12,4,Happy
EMP1179,2026-08-14,3,Okay
EMP1179,2026-08-16,3,Okay
EMP1179,2026-08-20,4,Happy
EMP1179,2026-08-22,4,Happy
EMP1179,2026-08-26,4,Happy
EMP1180,2026-04-28,3,Okay
EMP1180,2026-04-30,5,Excited
EMP1180,2026-05-02,4,Happy
EMP1180,2026-05-04,4,Happy
EMP1180,2026-05-06,5,Excited
EMP1180,2026-05-08,3,Okay
EMP1180,2026-05-10,3,Okay
EMP1180,2026-05-12,3,Okay
EMP1180,2026-05-16,3,Okay
EMP1180,2026-05-18,3,Okay
EMP1180,2026-05-20,5,Excited
EMP1180,2026-05-22,4,Happy
EMP1180,2026-05-28,3,Okay
EMP1180,2026-05-30,4,Happy
EMP1180,2026-06-01,3,Okay
EMP1180,2026-06-03,4,Happy
EMP1180,2026-06-05,3,Okay
EMP1180,2026-06-07,3,Okay
EMP1180,2026-06-09,4,Happy
EMP1180,2026-06-11,3,Okay
EMP1180,2026-06-13,4,Happy
EMP1180,2026-06-17,4,Happy
EMP1180,2026-06-19,3,Okay
EMP1180,2026-06-21,3,Okay
EMP1180,2026-06-23,4,Happy
EMP1180,2026-06-25,4,Happy
EMP1180,2026-06-27,2,Sad
EMP1180,2026-06-29,4,Happy
EMP1180,2026-07-01,4,Happy
EMP1180,2026-07-03,3,Okay
EMP1180,2026-07-05,3,Okay
EMP1180,2026-07-09,3,Okay
EMP1180,2026-07-11,3,Okay
EMP1180,2026-07-13,5,Excited
EMP1180,2026-07-15,3,Okay
EMP1180,2026-07-17,3,Okay
EMP1180,2026-07-19,2,Sad
EMP1180,2026-07-21,3,Okay
EMP1180,2026-07-23,3,Okay
EMP1180,2026-07-25,5,Excited
EMP1180,2026-07-27,4,Happy
EMP1180,2026-07-29,3,Okay
EMP1180,2026-07-31,5,Excited
EMP1180,2026-08-02,4,Happy
EMP1180,2026-08-04,3,Okay
EMP1180,2026-08-08,4,Happy
EMP1180,2026-08-10,3,Okay
EMP1180,2026-08-12,2,Sad
EMP1180,2026-08-14,3,Okay
EMP1180,2026-08-16,4,Happy
EMP1180,2026-08-20,3,Okay
EMP1180,2026-08-22,4,Happy
EMP1180,2026-08-24,3,Okay
EMP1180,2026-08-26,4,Happy
EMP1181,2026-04-28,2,Sad
EMP1181,2026-05-02,1,Frustrated
EMP1181,2026-05-04,2,Sad
EMP1181,2026-05-06,1,Frustrated
EMP1181,2026-05-08,1,Frustrated
EMP1181,2026-05-10,2,Sad
EMP1181,2026-05-12,2,Sad
EMP1181,2026-05-14,2,Sad
EMP1181,2026-05-16,2,Sad
EMP1181,2026-05-18,1,Frustrated
EMP1181,2026-05-20,1,Frustrated
EMP1181,2026-05-22,1,Frustrated
EMP1181,2026-05-24,1,Frustrated
EMP1181,2026-05-26,3,Okay
EMP1181,2026-05-28,3,Okay
EMP1181,2026-05-30,2,Sad
EMP1181,2026-06-01,2,Sad
EMP1181,2026-06-05,2,Sad
EMP1181,2026-06-07,1,Frustrated
EMP1181,2026-06-09,1,Frustrated
EMP1181,2026-06-11,2,Sad
EMP1181,2026-06-15,2,Sad
EMP1181,2026-06-17,1,Frustrated
EMP1181,2026-06-19,1,Frustrated
EMP1181,2026-06-23,1,Frustrated
EMP1181,2026-06-25,1,Frustrated
EMP1181,2026-06-27,2,Sad
EMP1181,2026-06-29,1,Frustrated
EMP1181,2026-07-01,1,Frustrated
EMP1181,2026-07-03,3,Okay
EMP1181,2026-07-07,1,Frustrated
EMP1181,2026-07-09,2,Sad
EMP1181,2026-07-11,1,Frustrated
EMP1181,2026-07-13,2,Sad
EMP1181,2026-07-15,2,Sad
EMP1181,2026-07-17,1,Frustrated
EMP1181,2026-07-19,2,Sad
EMP1181,2026-07-21,2,Sad
EMP1181,2026-07-23,1,Frustrated
EMP1181,2026-07-25,1,Frustrated
EMP1181,2026-07-27,3,Okay
EMP1181,2026-07-31,2,Sad
EMP1181,2026-08-04,1,Frustrated
EMP1181,2026-08-06,1,Frustrated
EMP1181,2026-08-08,2,Sad
EMP1181,2026-08-10,1,Frustrated
EMP1181,2026-08-12,1,Frustrated
EMP1181,2026-08-14,2,Sad
EMP1181,2026-08-18,1,Frustrated
EMP1181,2026-08-20,1,Frustrated
EMP1181,2026-08-22,1,Frustrated
EMP1181,2026-08-24,1,Frustrated
EMP1182,2026-04-28,3,Okay
EMP1182,2026-04-30,4,Happy
EMP1182,2026-05-02,3,Okay
EMP1182,2026-05-04,2,Sad
EMP1182,2026-05-08,4,Happy
EMP1182,2026-05-10,3,Okay
EMP1182,2026-05-12,4,Happy
EMP1182,2026-05-14,4,Happy
EMP1182,2026-05-16,3,Okay
EMP1182,2026-05-18,4,Happy
EMP1182,2026-05-22,3,Okay
EMP1182,2026-05-26,4,Happy
EMP1182,2026-05-28,5,Excited
EMP1182,2026-05-30,3,Okay
EMP1182,2026-06-03,2,Sad
EMP1182,2026-06-07,3,Okay
EMP1182,2026-06-09,5,Excited
EMP1182,2026-06-11,3,Okay
EMP1182,2026-06-13,4,Happy
EMP1182,2026-06-15,2,Sad
EMP1182,2026-06-17,4,Happy
EMP1182,2026-06-19,4,Happy
EMP1182,2026-06-23,2,Sad
EMP1182,2026-06-25,4,Happy
EMP1182,2026-06-27,4,Happy
EMP1182,2026-06-29,5,Excited
EMP1182,2026-07-01,4,Happy
EMP1182,2026-07-03,2,Sad
EMP1182,2026-07-05,3,Okay
EMP1182,2026-07-07,4,Happy
EMP1182,2026-07-09,3,Okay
EMP1182,2026-07-11,4,Happy
EMP1182,2026-07-15,4,Happy
EMP1182,2026-07-17,4,Happy
EMP1182,2026-07-19,3,Okay
EMP1182,2026-07-21,5,Excited
EMP1182,2026-07-27,3,Okay
EMP1182,2026-07-29,4,Happy
EMP1182,2026-07-31,3,Okay
EMP1182,2026-08-02,3,Okay
EMP1182,2026-08-04,3,Okay
EMP1182,2026-08-06,4,Happy
EMP1182,2026-08-08,4,Happy
EMP1182,2026-08-10,2,Sad
EMP1182,2026-08-12,2,Sad
EMP1182,2026-08-16,4,Happy
EMP1182,2026-08-18,4,Happy
EMP1182,2026-08-20,3,Okay
EMP1182,2026-08-22,4,Happy
EMP1182,2026-08-24,3,Okay
EMP1182,2026-08-26,3,Okay
EMP1183,2026-04-28,4,Happy
EMP1183,2026-04-30,4,Happy
EMP1183,2026-05-02,4,Happy
EMP1183,2026-05-04,4,Happy
EMP1183,2026-05-06,3,Okay
EMP1183,2026-05-08,3,Okay
EMP1183,2026-05-10,3,Okay
EMP1183,2026-05-14,3,Okay
EMP1183,2026-05-16,3,Okay
EMP1183,2026-05-18,4,Happy
EMP1183,2026-05-20,4,Happy
EMP1183,2026-05-22,4,Happy
EMP1183,2026-05-24,4,Happy
EMP1183,2026-05-26,4,Happy
EMP1183,2026-05-28,4,Happy
EMP1183,2026-05-30,4,Happy
EMP1183,2026-06-01,4,Happy
EMP1183,2026-06-03,4,Happy
EMP1183,2026-06-05,4,Happy
EMP1183,2026-06-07,3,Okay
EMP1183,2026-06-09,3,Okay
EMP1183,2026-06-11,5,Excited
EMP1183,2026-06-13,4,Happy
EMP1183,2026-06-15,4,Happy
EMP1183,2026-06-17,3,Okay
EMP1183,2026-06-19,3,Okay
EMP1183,2026-06-21,5,Excited
EMP1183,2026-06-23,3,Okay
EMP1183,2026-06-25,4,Happy
EMP1183,2026-06-27,4,Happy
EMP1183,2026-06-29,3,Okay
EMP1183,2026-07-01,3,Okay
EMP1183,2026-07-03,3,Okay
EMP1183,2026-07-05,3,Okay
EMP1183,2026-07-07,3,Okay
EMP1183,2026-07-09,4,Happy
EMP1183,2026-07-11,3,Okay
EMP1183,2026-07-13,4,Happy
EMP1183,2026-07-15,5,Excited
EMP1183,2026-07-17,4,Happy
EMP1183,2026-07-19,3,Okay
EMP1183,2026-07-21,2,Sad
EMP1183,2026-07-23,4,Happy
EMP1183,2026-07-25,4,Happy
EMP1183,2026-07-27,3,Okay
EMP1183,2026-07-29,4,Happy
EMP1183,2026-07-31,3,Okay
EMP1183,2026-08-02,4,Happy
EMP1183,2026-08-04,3,Okay
EMP1183,2026-08-06,4,Happy
EMP1183,2026-08-08,3,Okay
EMP1183,2026-08-10,3,Okay
EMP1183,2026-08-12,4,Happy
EMP1183,2026-08-14,4,Happy
EMP1183,2026-08-16,3,Okay
EMP1183,2026-08-18,4,Happy
EMP1183,2026-08-20,4,Happy
EMP1183,2026-08-22,3,Okay
EMP1183,2026-08-24,3,Okay
EMP1183,2026-08-26,4,Happy
EMP1184,2026-04-28,3,Okay
EMP1184,2026-04-30,4,Happy
EMP1184,2026-05-02,4,Happy
EMP1184,2026-05-04,3,Okay
EMP1184,2026-05-06,5,Excited
EMP1184,2026-05-12,5,Excited
EMP1184,2026-05-14,5,Excited
EMP1184,2026-05-16,4,Happy
EMP1184,2026-05-18,3,Okay
EMP1184,2026-05-22,4,Happy
EMP1184,2026-05-26,3,Okay
EMP1184,2026-05-28,4,Happy
EMP1184,2026-05-30,5,Excited
EMP1184,2026-06-01,4,Happy
EMP1184,2026-06-03,5,Excited
EMP1184,2026-06-05,4,Happy
EMP1184,2026-06-07,4,Happy
EMP1184,2026-06-13,4,Happy
EMP1184,2026-06-15,4,Happy
EMP1184,2026-06-17,4,Happy
EMP1184,2026-06-19,4,Happy
EMP1184,2026-06-21,4,Happy
EMP1184,2026-06-23,4,Happy
EMP1184,2026-06-25,3,Okay
EMP1184,2026-06-27,3,Okay
EMP1184,2026-06-29,5,Excited
EMP1184,2026-07-01,4,Happy
EMP1184,2026-07-03,3,Okay
EMP1184,2026-07-05,4,Happy
EMP1184,2026-07-07,3,Okay
EMP1184,2026-07-09,2,Sad
EMP1184,2026-07-13,3,Okay
EMP1184,2026-07-15,4,Happy
EMP1184,2026-07-17,4,Happy
EMP1184,2026-07-19,4,Happy
EMP1184,2026-07-21,4,Happy
EMP1184,2026-07-23,4,Happy
EMP1184,2026-07-25,3,Okay
EMP1184,2026-07-27,3,Okay
EMP1184,2026-07-29,3,Okay
EMP1184,2026-07-31,4,Happy
EMP1184,2026-08-02,4,Happy
EMP1184,2026-08-04,3,Okay
EMP1184,2026-08-06,4,Happy
EMP1184,2026-08-08,3,Okay
EMP1184,2026-08-10,3,Okay
EMP1184,2026-08-12,4,Happy
EMP1184,2026-08-14,4,Happy
EMP1184,2026-08-16,3,Okay
EMP1184,2026-08-18,3,Okay
EMP1184,2026-08-20,3,Okay
EMP1184,2026-08-22,5,Excited
EMP1184,2026-08-24,3,Okay
EMP1184,2026-08-26,4,Happy
EMP1185,2026-04-28,3,Okay
EMP1185,2026-04-30,4,Happy
EMP1185,2026-05-02,4,Happy
EMP1185,2026-05-04,2,Sad
EMP1185,2026-05-06,3,Okay
EMP1185,2026-05-08,5,Excited
EMP1185,2026-05-10,4,Happy
EMP1185,2026-05-12,4,Happy
EMP1185,2026-05-14,3,Okay
EMP1185,2026-05-16,4,Happy
EMP1185,2026-05-20,4,Happy
EMP1185,2026-05-22,5,Excited
EMP1185,2026-05-24,4,Happy
EMP1185,2026-05-26,3,Okay
EMP1185,2026-05-28,3,Okay
EMP1185,2026-05-30,3,Okay
EMP1185,2026-06-01,2,Sad
EMP1185,2026-06-03,4,Happy
EMP1185,2026-06-05,2,Sad
EMP1185,2026-06-07,5,Excited
EMP1185,2026-06-09,4,Happy
EMP1185,2026-06-11,3,Okay
EMP1185,2026-06-13,3,Okay
EMP1185,2026-06-15,4,Happy
EMP1185,2026-06-17,4,Happy
EMP1185,2026-06-19,4,Happy
EMP1185,2026-06-21,3,Okay
EMP1185,2026-06-23,3,Okay
EMP1185,2026-06-25,4,Happy
EMP1185,2026-06-27,3,Okay
EMP1185,2026-06-29,3,Okay
EMP1185,2026-07-01,2,Sad
EMP1185,2026-07-03,2,Sad
EMP1185,2026-07-05,3,Okay
EMP1185,2026-07-07,3,Okay
EMP1185,2026-07-09,4,Happy
EMP1185,2026-07-11,5,Excited
EMP1185,2026-07-13,5,Excited
EMP1185,2026-07-15,4,Happy
EMP1185,2026-07-17,5,Excited
EMP1185,2026-07-19,4,Happy
EMP1185,2026-07-21,3,Okay
EMP1185,2026-07-23,5,Excited
EMP1185,2026-07-25,3,Okay
EMP1185,2026-07-27,3,Okay
EMP1185,2026-07-29,3,Okay
EMP1185,2026-07-31,5,Excited
EMP1185,2026-08-02,3,Okay
EMP1185,2026-08-04,4,Happy
EMP1185,2026-08-06,3,Okay
EMP1185,2026-08-08,3,Okay
EMP1185,2026-08-10,4,Happy
EMP1185,2026-08-12,4,Happy
EMP1185,2026-08-14,3,Okay
EMP1185,2026-08-16,3,Okay
EMP1185,2026-08-18,3,Okay
EMP1185,2026-08-20,4,Happy
EMP1185,2026-08-22,4,Happy
EMP1185,2026-08-26,4,Happy
EMP1186,2026-04-28,3,Okay
EMP1186,2026-05-04,3,Okay
EMP1186,2026-05-06,3,Okay
EMP1186,2026-05-10,4,Happy
EMP1186,2026-05-12,4,Happy
EMP1186,2026-05-14,2,Sad
EMP1186,2026-05-16,3,Okay
EMP1186,2026-05-18,4,Happy
EMP1186,2026-05-20,3,Okay
EMP1186,2026-05-22,4,Happy
EMP1186,2026-05-24,3,Okay
EMP1186,2026-05-26,3,Okay
EMP1186,2026-05-28,4,Happy
EMP1186,2026-05-30,3,Okay
EMP1186,2026-06-01,4,Happy
EMP1186,2026-06-03,3,Okay
EMP1186,2026-06-05,3,Okay
EMP1186,2026-06-07,3,Okay
EMP1186,2026-06-09,3,Okay
EMP1186,2026-06-11,3,Okay
EMP1186,2026-06-13,4,Happy
EMP1186,2026-06-15,2,Sad
EMP1186,2026-06-17,4,Happy
EMP1186,2026-06-21,5,Excited
EMP1186,2026-06-23,3,Okay
EMP1186,2026-06-25,2,Sad
EMP1186,2026-06-27,3,Okay
EMP1186,2026-06-29,3,Okay
EMP1186,2026-07-01,4,Happy
EMP1186,2026-07-03,3,Okay
EMP1186,2026-07-05,4,Happy
EMP1186,2026-07-07,4,Happy
EMP1186,2026-07-09,3,Okay
EMP1186,2026-07-11,5,Excited
EMP1186,2026-07-13,3,Okay
EMP1186,2026-07-15,4,Happy
EMP1186,2026-07-17,4,Happy
EMP1186,2026-07-21,4,Happy
EMP1186,2026-07-23,5,Excited
EMP1186,2026-07-25,3,Okay
EMP1186,2026-07-27,4,Happy
EMP1186,2026-07-31,4,Happy
EMP1186,2026-08-04,3,Okay
EMP1186,2026-08-06,3,Okay
EMP1186,2026-08-08,4,Happy
EMP1186,2026-08-10,4,Happy
EMP1186,2026-08-12,4,Happy
EMP1186,2026-08-14,3,Okay
EMP1186,2026-08-16,4,Happy
EMP1186,2026-08-18,4,Happy
EMP1186,2026-08-20,4,Happy
EMP1186,2026-08-22,4,Happy
EMP1186,2026-08-24,3,Okay
EMP1186,2026-08-26,3,Okay
EMP1187,2026-04-30,4,Happy
EMP1187,2026-05-02,2,Sad
EMP1187,2026-05-04,3,Okay
EMP1187,2026-05-06,2,Sad
EMP1187,2026-05-08,3,Okay
EMP1187,2026-05-10,2,Sad
EMP1187,2026-05-12,3,Okay
EMP1187,2026-05-14,2,Sad
EMP1187,2026-05-16,3,Okay
EMP1187,2026-05-18,3,Okay
EMP1187,2026-05-24,2,Sad
EMP1187,2026-05-28,2,Sad
EMP1187,2026-05-30,2,Sad
EMP1187,2026-06-01,3,Okay
EMP1187,2026-06-07,2,Sad
EMP1187,2026-06-09,3,Okay
EMP1187,2026-06-11,2,Sad
EMP1187,2026-06-13,2,Sad
EMP1187,2026-06-15,3,Okay
EMP1187,2026-06-17,3,Okay
EMP1187,2026-06-19,2,Sad
EMP1187,2026-06-21,2,Sad
EMP1187,2026-06-23,4,Happy
EMP1187,2026-06-25,2,Sad
EMP1187,2026-06-27,3,Okay
EMP1187,2026-07-01,2,Sad
EMP1187,2026-07-03,2,Sad
EMP1187,2026-07-05,2,Sad
EMP1187,2026-07-07,3,Okay
EMP1187,2026-07-09,2,Sad
EMP1187,2026-07-11,1,Frustrated
EMP1187,2026-07-13,1,Frustrated
EMP1187,2026-07-15,3,Okay
EMP1187,2026-07-19,4,Happy
EMP1187,2026-07-21,2,Sad
EMP1187,2026-07-23,2,Sad
EMP1187,2026-07-25,3,Okay
EMP1187,2026-07-27,2,Sad
EMP1187,2026-07-29,2,Sad
EMP1187,2026-07-31,2,Sad
EMP1187,2026-08-02,3,Okay
EMP1187,2026-08-04,3,Okay
EMP1187,2026-08-06,2,Sad
EMP1187,2026-08-08,4,Happy
EMP1187,2026-08-10,2,Sad
EMP1187,2026-08-12,3,Okay
EMP1187,2026-08-14,1,Frustrated
EMP1187,2026-08-16,1,Frustrated
EMP1187,2026-08-18,4,Happy
EMP1187,2026-08-20,4,Happy
EMP1187,2026-08-22,3,Okay
EMP1187,2026-08-24,1,Frustrated
EMP1188,2026-04-28,2,Sad
EMP1188,2026-04-30,2,Sad
EMP1188,2026-05-02,2,Sad
EMP1188,2026-05-04,1,Frustrated
EMP1188,2026-05-06,2,Sad
EMP1188,2026-05-10,2,Sad
EMP1188,2026-05-12,2,Sad
EMP1188,2026-05-16,2,Sad
EMP1188,2026-05-20,2,Sad
EMP1188,2026-05-22,2,Sad
EMP1188,2026-05-24,2,Sad
EMP1188,2026-05-26,2,Sad
EMP1188,2026-05-30,2,Sad
EMP1188,2026-06-01,2,Sad
EMP1188,2026-06-03,1,Frustrated
EMP1188,2026-06-05,1,Frustrated
EMP1188,2026-06-07,1,Frustrated
EMP1188,2026-06-09,2,Sad
EMP1188,2026-06-11,1,Frustrated
EMP1188,2026-06-13,1,Frustrated
EMP1188,2026-06-15,2,Sad
EMP1188,2026-06-19,2,Sad
EMP1188,2026-06-21,2,Sad
EMP1188,2026-06-23,2,Sad
EMP1188,2026-06-25,1,Frustrated
EMP1188,2026-06-27,1,Frustrated
EMP1188,2026-06-29,1,Frustrated
EMP1188,2026-07-01,1,Frustrated
EMP1188,2026-07-03,2,Sad
EMP1188,2026-07-05,1,Frustrated
EMP1188,2026-07-07,2,Sad
EMP1188,2026-07-09,2,Sad
EMP1188,2026-07-11,1,Frustrated
EMP1188,2026-07-13,1,Frustrated
EMP1188,2026-07-15,1,Frustrated
EMP1188,2026-07-19,1,Frustrated
EMP1188,2026-07-21,1,Frustrated
EMP1188,2026-07-23,1,Frustrated
EMP1188,2026-07-25,1,Frustrated
EMP1188,2026-07-27,1,Frustrated
EMP1188,2026-07-29,2,Sad
EMP1188,2026-07-31,1,Frustrated
EMP1188,2026-08-02,2,Sad
EMP1188,2026-08-04,1,Frustrated
EMP1188,2026-08-08,2,Sad
EMP1188,2026-08-10,2,Sad
EMP1188,2026-08-12,1,Frustrated
EMP1188,2026-08-14,1,Frustrated
EMP1188,2026-08-16,1,Frustrated
EMP1188,2026-08-18,1,Frustrated
EMP1188,2026-08-20,1,Frustrated
EMP1188,2026-08-22,1,Frustrated
EMP1188,2026-08-24,2,Sad
EMP1188,2026-08-26,2,Sad
EMP1189,2026-04-30,4,Happy
EMP1189,2026-05-02,4,Happy
EMP1189,2026-05-04,5,Excited
EMP1189,2026-05-06,5,Excited
EMP1189,2026-05-10,4,Happy
EMP1189,2026-05-12,4,Happy
EMP1189,2026-05-14,4,Happy
EMP1189,2026-05-16,4,Happy
EMP1189,2026-05-18,4,Happy
EMP1189,2026-05-20,3,Okay
EMP1189,2026-05-22,4,Happy
EMP1189,2026-05-24,4,Happy
EMP1189,2026-05-26,4,Happy
EMP1189,2026-05-28,3,Okay
EMP1189,2026-05-30,2,Sad
EMP1189,2026-06-01,4,Happy
EMP1189,2026-06-03,4,Happy
EMP1189,2026-06-07,3,Okay
EMP1189,2026-06-09,3,Okay
EMP1189,2026-06-11,3,Okay
EMP1189,2026-06-13,2,Sad
EMP1189,2026-06-15,5,Excited
EMP1189,2026-06-17,4,Happy
EMP1189,2026-06-19,3,Okay
EMP1189,2026-06-21,2,Sad
EMP1189,2026-06-23,4,Happy
EMP1189,2026-06-25,5,Excited
EMP1189,2026-06-27,4,Happy
EMP1189,2026-06-29,4,Happy
EMP1189,2026-07-01,3,Okay
EMP1189,2026-07-03,4,Happy
EMP1189,2026-07-05,3,Okay
EMP1189,2026-07-07,5,Excited
EMP1189,2026-07-11,2,Sad
EMP1189,2026-07-13,2,Sad
EMP1189,2026-07-19,3,Okay
EMP1189,2026-07-21,4,Happy
EMP1189,2026-07-23,5,Excited
EMP1189,2026-07-25,4,Happy
EMP1189,2026-07-27,2,Sad
EMP1189,2026-07-29,3,Okay
EMP1189,2026-07-31,3,Okay
EMP1189,2026-08-02,3,Okay
EMP1189,2026-08-04,4,Happy
EMP1189,2026-08-10,4,Happy
EMP1189,2026-08-12,3,Okay
EMP1189,2026-08-14,4,Happy
EMP1189,2026-08-16,3,Okay
EMP1189,2026-08-18,4,Happy
EMP1189,2026-08-20,3,Okay
EMP1189,2026-08-22,4,Happy
EMP1189,2026-08-26,4,Happy
EMP1190,2026-04-28,3,Okay
EMP1190,2026-05-02,2,Sad
EMP1190,2026-05-06,3,Okay
EMP1190,2026-05-08,4,Happy
EMP1190,2026-05-10,3,Okay
EMP1190,2026-05-12,3,Okay
EMP1190,2026-05-14,4,Happy
EMP1190,2026-05-18,3,Okay
EMP1190,2026-05-20,3,Okay
EMP1190,2026-05-22,3,Okay
EMP1190,2026-05-26,5,Excited
EMP1190,2026-05-28,3,Okay
EMP1190,2026-05-30,3,Okay
EMP1190,2026-06-01,4,Happy
EMP1190,2026-06-03,5,Excited
EMP1190,2026-06-05,2,Sad
EMP1190,2026-06-07,3,Okay
EMP1190,2026-06-11,4,Happy
EMP1190,2026-06-15,2,Sad
EMP1190,2026-06-17,3,Okay
EMP1190,2026-06-19,4,Happy
EMP1190,2026-06-21,4,Happy
EMP1190,2026-06-23,4,Happy
EMP1190,2026-06-25,4,Happy
EMP1190,2026-06-27,4,Happy
EMP1190,2026-06-29,4,Happy
EMP1190,2026-07-01,4,Happy
EMP1190,2026-07-03,4,Happy
EMP1190,2026-07-05,3,Okay
EMP1190,2026-07-07,3,Okay
EMP1190,2026-07-09,4,Happy
EMP1190,2026-07-11,3,Okay
EMP1190,2026-07-13,3,Okay
EMP1190,2026-07-15,4,Happy
EMP1190,2026-07-17,4,Happy
EMP1190,2026-07-21,3,Okay
EMP1190,2026-07-23,4,Happy
EMP1190,2026-07-25,5,Excited
EMP1190,2026-07-27,3,Okay
EMP1190,2026-07-29,3,Okay
EMP1190,2026-07-31,3,Okay
EMP1190,2026-08-02,3,Okay
EMP1190,2026-08-04,3,Okay
EMP1190,2026-08-06,3,Okay
EMP1190,2026-08-08,4,Happy
EMP1190,2026-08-10,4,Happy
EMP1190,2026-08-12,5,Excited
EMP1190,2026-08-14,4,Happy
EMP1190,2026-08-16,3,Okay
EMP1190,2026-08-18,4,Happy
EMP1190,2026-08-20,3,Okay
EMP1190,2026-08-22,3,Okay
EMP1190,2026-08-24,3,Okay
EMP1190,2026-08-26,4,Happy
EMP1191,2026-04-28,4,Happy
EMP1191,2026-04-30,3,Okay
EMP1191,2026-05-02,3,Okay
EMP1191,2026-05-04,4,Happy
EMP1191,2026-05-06,4,Happy
EMP1191,2026-05-08,4,Happy
EMP1191,2026-05-10,4,Happy
EMP1191,2026-05-12,4,Happy
EMP1191,2026-05-14,3,Okay
EMP1191,2026-05-16,3,Okay
EMP1191,2026-05-18,2,Sad
EMP1191,2026-05-20,5,Excited
EMP1191,2026-05-22,5,Excited
EMP1191,2026-05-24,4,Happy
EMP1191,2026-05-26,4,Happy
EMP1191,2026-05-28,5,Excited
EMP1191,2026-05-30,4,Happy
EMP1191,2026-06-01,2,Sad
EMP1191,2026-06-03,3,Okay
EMP1191,2026-06-05,2,Sad
EMP1191,2026-06-07,3,Okay
EMP1191,2026-06-09,3,Okay
EMP1191,2026-06-11,4,Happy
EMP1191,2026-06-13,4,Happy
EMP1191,2026-06-15,3,Okay
EMP1191,2026-06-17,3,Okay
EMP1191,2026-06-19,4,Happy
EMP1191,2026-06-21,3,Okay
EMP1191,2026-06-23,3,Okay
EMP1191,2026-06-25,2,Sad
EMP1191,2026-06-27,3,Okay
EMP1191,2026-06-29,4,Happy
EMP1191,2026-07-01,4,Happy
EMP1191,2026-07-03,3,Okay
EMP1191,2026-07-07,4,Happy
EMP1191,2026-07-09,3,Okay
EMP1191,2026-07-11,4,Happy
EMP1191,2026-07-13,3,Okay
EMP1191,2026-07-17,3,Okay
EMP1191,2026-07-19,5,Excited
EMP1191,2026-07-21,3,Okay
EMP1191,2026-07-23,3,Okay
EMP1191,2026-07-25,4,Happy
EMP1191,2026-07-27,3,Okay
EMP1191,2026-07-29,4,Happy
EMP1191,2026-07-31,2,Sad
EMP1191,2026-08-02,4,Happy
EMP1191,2026-08-04,4,Happy
EMP1191,2026-08-06,3,Okay
EMP1191,2026-08-08,5,Excited
EMP1191,2026-08-10,3,Okay
EMP1191,2026-08-12,3,Okay
EMP1191,2026-08-14,3,Okay
EMP1191,2026-08-16,2,Sad
EMP1191,2026-08-18,3,Okay
EMP1191,2026-08-20,3,Okay
EMP1191,2026-08-24,4,Happy
EMP1191,2026-08-26,3,Okay
EMP1192,2026-04-28,2,Sad
EMP1192,2026-04-30,3,Okay
EMP1192,2026-05-02,3,Okay
EMP1192,2026-05-04,4,Happy
EMP1192,2026-05-06,4,Happy
EMP1192,2026-05-08,3,Okay
EMP1192,2026-05-10,4,Happy
EMP1192,2026-05-12,4,Happy
EMP1192,2026-05-14,5,Excited
EMP1192,2026-05-16,3,Okay
EMP1192,2026-05-18,4,Happy
EMP1192,2026-05-20,3,Okay
EMP1192,2026-05-22,3,Okay
EMP1192,2026-05-24,4,Happy
EMP1192,2026-05-26,4,Happy
EMP1192,2026-05-28,4,Happy
EMP1192,2026-06-01,3,Okay
EMP1192,2026-06-03,3,Okay
EMP1192,2026-06-05,5,Excited
EMP1192,2026-06-07,4,Happy
EMP1192,2026-06-09,4,Happy
EMP1192,2026-06-11,4,Happy
EMP1192,2026-06-13,4,Happy
EMP1192,2026-06-15,3,Okay
EMP1192,2026-06-19,3,Okay
EMP1192,2026-06-21,4,Happy
EMP1192,2026-06-23,3,Okay
EMP1192,2026-06-25,5,Excited
EMP1192,2026-06-27,3,Okay
EMP1192,2026-06-29,4,Happy
EMP1192,2026-07-01,4,Happy
EMP1192,2026-07-03,3,Okay
EMP1192,2026-07-05,4,Happy
EMP1192,2026-07-07,4,Happy
EMP1192,2026-07-11,4,Happy
EMP1192,2026-07-13,3,Okay
EMP1192,2026-07-17,4,Happy
EMP1192,2026-07-19,4,Happy
EMP1192,2026-07-21,3,Okay
EMP1192,2026-07-23,4,Happy
EMP1192,2026-07-25,3,Okay
EMP1192,2026-07-27,4,Happy
EMP1192,2026-07-29,4,Happy
EMP1192,2026-08-02,3,Okay
EMP1192,2026-08-04,4,Happy
EMP1192,2026-08-06,4,Happy
EMP1192,2026-08-08,5,Excited
EMP1192,2026-08-10,2,Sad
EMP1192,2026-08-12,4,Happy
EMP1192,2026-08-14,3,Okay
EMP1192,2026-08-16,3,Okay
EMP1192,2026-08-18,4,Happy
EMP1192,2026-08-20,3,Okay
EMP1192,2026-08-22,2,Sad
EMP1192,2026-08-24,3,Okay
EMP1192,2026-08-26,3,Okay
EMP1193,2026-04-28,5,Excited
EMP1193,2026-04-30,3,Okay
EMP1193,2026-05-02,3,Okay
EMP1193,2026-05-04,2,Sad
EMP1193,2026-05-06,3,Okay
EMP1193,2026-05-08,3,Okay
EMP1193,2026-05-10,4,Happy
EMP1193,2026-05-12,3,Okay
EMP1193,2026-05-14,3,Okay
EMP1193,2026-05-16,2,Sad
EMP1193,2026-05-18,4,Happy
EMP1193,2026-05-20,2,Sad
EMP1193,2026-05-22,2,Sad
EMP1193,2026-05-24,4,Happy
EMP1193,2026-05-26,4,Happy
EMP1193,2026-05-28,4,Happy
EMP1193,2026-05-30,4,Happy
EMP1193,2026-06-01,3,Okay
EMP1193,2026-06-03,4,Happy
EMP1193,2026-06-05,3,Okay
EMP1193,2026-06-07,5,Excited
EMP1193,2026-06-09,4,Happy
EMP1193,2026-06-11,2,Sad
EMP1193,2026-06-13,4,Happy
EMP1193,2026-06-15,5,Excited
EMP1193,2026-06-17,3,Okay
EMP1193,2026-06-19,4,Happy
EMP1193,2026-06-21,3,Okay
EMP1193,2026-06-23,3,Okay
EMP1193,2026-06-25,2,Sad
EMP1193,2026-06-27,4,Happy
EMP1193,2026-06-29,3,Okay
EMP1193,2026-07-01,4,Happy
EMP1193,2026-07-03,3,Okay
EMP1193,2026-07-05,3,Okay
EMP1193,2026-07-07,4,Happy
EMP1193,2026-07-09,3,Okay
EMP1193,2026-07-11,3,Okay
EMP1193,2026-07-13,3,Okay
EMP1193,2026-07-15,4,Happy
EMP1193,2026-07-17,4,Happy
EMP1193,2026-07-21,3,Okay
EMP1193,2026-07-23,3,Okay
EMP1193,2026-07-25,5,Excited
EMP1193,2026-07-27,3,Okay
EMP1193,2026-07-31,5,Excited
EMP1193,2026-08-02,3,Okay
EMP1193,2026-08-04,2,Sad
EMP1193,2026-08-06,3,Okay
EMP1193,2026-08-10,5,Excited
EMP1193,2026-08-12,4,Happy
EMP1193,2026-08-14,3,Okay
EMP1193,2026-08-16,4,Happy
EMP1193,2026-08-18,4,Happy
EMP1193,2026-08-20,3,Okay
EMP1193,2026-08-22,5,Excited
EMP1193,2026-08-24,4,Happy
EMP1193,2026-08-26,4,Happy
EMP1194,2026-04-28,2,Sad
EMP1194,2026-04-30,4,Happy
EMP1194,2026-05-02,5,Excited
EMP1194,2026-05-04,3,Okay
EMP1194,2026-05-06,5,Excited
EMP1194,2026-05-08,4,Happy
EMP1194,2026-05-10,3,Okay
EMP1194,2026-05-12,4,Happy
EMP1194,2026-05-14,4,Happy
EMP1194,2026-05-18,3,Okay
EMP1194,2026-05-20,4,Happy
EMP1194,2026-05-22,3,Okay
EMP1194,2026-05-24,4,Happy
EMP1194,2026-05-28,3,Okay
EMP1194,2026-05-30,4,Happy
EMP1194,2026-06-01,3,Okay
EMP1194,2026-06-03,3,Okay
EMP1194,2026-06-05,3,Okay
EMP1194,2026-06-07,4,Happy
EMP1194,2026-06-11,4,Happy
EMP1194,2026-06-13,4,Happy
EMP1194,2026-06-15,4,Happy
EMP1194,2026-06-19,2,Sad
EMP1194,2026-06-21,3,Okay
EMP1194,2026-06-25,2,Sad
EMP1194,2026-06-27,5,Excited
EMP1194,2026-06-29,2,Sad
EMP1194,2026-07-01,4,Happy
EMP1194,2026-07-03,4,Happy
EMP1194,2026-07-05,3,Okay
EMP1194,2026-07-07,5,Excited
EMP1194,2026-07-09,4,Happy
EMP1194,2026-07-11,3,Okay
EMP1194,2026-07-13,5,Excited
EMP1194,2026-07-15,3,Okay
EMP1194,2026-07-17,3,Okay
EMP1194,2026-07-19,3,Okay
EMP1194,2026-07-21,3,Okay
EMP1194,2026-07-23,4,Happy
EMP1194,2026-07-25,4,Happy
EMP1194,2026-07-27,3,Okay
EMP1194,2026-07-29,4,Happy
EMP1194,2026-07-31,5,Excited
EMP1194,2026-08-02,3,Okay
EMP1194,2026-08-04,3,Okay
EMP1194,2026-08-06,4,Happy
EMP1194,2026-08-08,4,Happy
EMP1194,2026-08-10,3,Okay
EMP1194,2026-08-12,3,Okay
EMP1194,2026-08-16,4,Happy
EMP1194,2026-08-20,2,Sad
EMP1194,2026-08-22,2,Sad
EMP1194,2026-08-24,3,Okay
EMP1195,2026-04-28,3,Okay
EMP1195,2026-04-30,3,Okay
EMP1195,2026-05-02,4,Happy
EMP1195,2026-05-04,3,Okay
EMP1195,2026-05-06,3,Okay
EMP1195,2026-05-10,2,Sad
EMP1195,2026-05-12,2,Sad
EMP1195,2026-05-14,3,Okay
EMP1195,2026-05-16,3,Okay
EMP1195,2026-05-18,2,Sad
EMP1195,2026-05-20,3,Okay
EMP1195,2026-05-22,3,Okay
EMP1195,2026-05-24,2,Sad
EMP1195,2026-05-26,3,Okay
EMP1195,2026-05-28,2,Sad
EMP1195,2026-05-30,3,Okay
EMP1195,2026-06-01,3,Okay
EMP1195,2026-06-05,3,Okay
EMP1195,2026-06-07,3,Okay
EMP1195,2026-06-09,3,Okay
EMP1195,2026-06-11,1,Frustrated
EMP1195,2026-06-13,1,Frustrated
EMP1195,2026-06-15,3,Okay
EMP1195,2026-06-17,2,Sad
EMP1195,2026-06-19,2,Sad
EMP1195,2026-06-21,2,Sad
EMP1195,2026-06-23,2,Sad
EMP1195,2026-06-27,2,Sad
EMP1195,2026-06-29,2,Sad
EMP1195,2026-07-03,2,Sad
EMP1195,2026-07-05,3,Okay
EMP1195,2026-07-07,1,Frustrated
EMP1195,2026-07-09,4,Happy
EMP1195,2026-07-11,2,Sad
EMP1195,2026-07-13,3,Okay
EMP1195,2026-07-15,3,Okay
EMP1195,2026-07-17,3,Okay
EMP1195,2026-07-19,3,Okay
EMP1195,2026-07-21,3,Okay
EMP1195,2026-07-25,3,Okay
EMP1195,2026-07-27,3,Okay
EMP1195,2026-07-29,2,Sad
EMP1195,2026-07-31,2,Sad
EMP1195,2026-08-02,2,Sad
EMP1195,2026-08-04,3,Okay
EMP1195,2026-08-06,3,Okay
EMP1195,2026-08-08,3,Okay
EMP1195,2026-08-10,3,Okay
EMP1195,2026-08-12,3,Okay
EMP1195,2026-08-14,1,Frustrated
EMP1195,2026-08-16,4,Happy
EMP1195,2026-08-18,3,Okay
EMP1195,2026-08-20,3,Okay
EMP1195,2026-08-22,2,Sad
EMP1195,2026-08-24,2,Sad
EMP1195,2026-08-26,3,Okay
EMP1196,2026-04-30,3,Okay
EMP1196,2026-05-02,3,Okay
EMP1196,2026-05-04,4,Happy
EMP1196,2026-05-06,2,Sad
EMP1196,2026-05-08,3,Okay
EMP1196,2026-05-10,2,Sad
EMP1196,2026-05-12,3,Okay
EMP1196,2026-05-14,2,Sad
EMP1196,2026-05-16,3,Okay
EMP1196,2026-05-18,3,Okay
EMP1196,2026-05-20,1,Frustrated
EMP1196,2026-05-22,4,Happy
EMP1196,2026-05-24,2,Sad
EMP1196,2026-05-26,2,Sad
EMP1196,2026-05-30,2,Sad
EMP1196,2026-06-01,1,Frustrated
EMP1196,2026-06-03,2,Sad
EMP1196,2026-06-05,2,Sad
EMP1196,2026-06-07,3,Okay
EMP1196,2026-06-09,2,Sad
EMP1196,2026-06-11,3,Okay
EMP1196,2026-06-15,3,Okay
EMP1196,2026-06-17,2,Sad
EMP1196,2026-06-19,3,Okay
EMP1196,2026-06-21,1,Frustrated
EMP1196,2026-06-23,1,Frustrated
EMP1196,2026-06-25,2,Sad
EMP1196,2026-06-27,2,Sad
EMP1196,2026-06-29,1,Frustrated
EMP1196,2026-07-01,2,Sad
EMP1196,2026-07-03,2,Sad
EMP1196,2026-07-05,2,Sad
EMP1196,2026-07-07,2,Sad
EMP1196,2026-07-09,1,Frustrated
EMP1196,2026-07-11,3,Okay
EMP1196,2026-07-13,3,Okay
EMP1196,2026-07-15,2,Sad
EMP1196,2026-07-17,2,Sad
EMP1196,2026-07-19,3,Okay
EMP1196,2026-07-21,2,Sad
EMP1196,2026-07-23,1,Frustrated
EMP1196,2026-07-25,1,Frustrated
EMP1196,2026-07-27,1,Frustrated
EMP1196,2026-07-29,3,Okay
EMP1196,2026-08-02,4,Happy
EMP1196,2026-08-04,2,Sad
EMP1196,2026-08-06,2,Sad
EMP1196,2026-08-08,3,Okay
EMP1196,2026-08-10,2,Sad
EMP1196,2026-08-12,2,Sad
EMP1196,2026-08-14,1,Frustrated
EMP1196,2026-08-16,1,Frustrated
EMP1196,2026-08-20,2,Sad
EMP1196,2026-08-22,1,Frustrated
EMP1196,2026-08-24,1,Frustrated
EMP1196,2026-08-26,2,Sad
EMP1197,2026-04-28,2,Sad
EMP1197,2026-04-30,2,Sad
EMP1197,2026-05-02,2,Sad
EMP1197,2026-05-04,1,Frustrated
EMP1197,2026-05-06,4,Happy
EMP1197,2026-05-08,2,Sad
EMP1197,2026-05-10,3,Okay
EMP1197,2026-05-12,4,Happy
EMP1197,2026-05-14,3,Okay
EMP1197,2026-05-16,3,Okay
EMP1197,2026-05-18,2,Sad
EMP1197,2026-05-20,3,Okay
EMP1197,2026-05-24,3,Okay
EMP1197,2026-05-26,2,Sad
EMP1197,2026-06-03,3,Okay
EMP1197,2026-06-05,4,Happy
EMP1197,2026-06-07,3,Okay
EMP1197,2026-06-09,3,Okay
EMP1197,2026-06-11,2,Sad
EMP1197,2026-06-13,2,Sad
EMP1197,2026-06-15,2,Sad
EMP1197,2026-06-17,2,Sad
EMP1197,2026-06-19,3,Okay
EMP1197,2026-06-21,3,Okay
EMP1197,2026-06-23,2,Sad
EMP1197,2026-06-25,2,Sad
EMP1197,2026-06-27,2,Sad
EMP1197,2026-06-29,3,Okay
EMP1197,2026-07-01,2,Sad
EMP1197,2026-07-03,2,Sad
EMP1197,2026-07-07,1,Frustrated
EMP1197,2026-07-09,2,Sad
EMP1197,2026-07-11,2,Sad
EMP1197,2026-07-13,2,Sad
EMP1197,2026-07-15,1,Frustrated
EMP1197,2026-07-17,3,Okay
EMP1197,2026-07-19,4,Happy
EMP1197,2026-07-21,1,Frustrated
EMP1197,2026-07-23,2,Sad
EMP1197,2026-07-25,3,Okay
EMP1197,2026-07-29,2,Sad
EMP1197,2026-08-02,2,Sad
EMP1197,2026-08-04,4,Happy
EMP1197,2026-08-06,2,Sad
EMP1197,2026-08-08,3,Okay
EMP1197,2026-08-10,4,Happy
EMP1197,2026-08-12,1,Frustrated
EMP1197,2026-08-14,1,Frustrated
EMP1197,2026-08-16,3,Okay
EMP1197,2026-08-18,3,Okay
EMP1197,2026-08-20,1,Frustrated
EMP1197,2026-08-22,3,Okay
EMP1197,2026-08-24,2,Sad
EMP1197,2026-08-26,3,Okay
EMP1198,2026-04-28,2,Sad
EMP1198,2026-05-02,2,Sad
EMP1198,2026-05-04,2,Sad
EMP1198,2026-05-06,2,Sad
EMP1198,2026-05-08,3,Okay
EMP1198,2026-05-10,3,Okay
EMP1198,2026-05-12,1,Frustrated
EMP1198,2026-05-14,2,Sad
EMP1198,2026-05-16,3,Okay
EMP1198,2026-05-18,2,Sad
EMP1198,2026-05-20,3,Okay
EMP1198,2026-05-22,2,Sad
EMP1198,2026-05-24,3,Okay
EMP1198,2026-05-26,1,Frustrated
EMP1198,2026-05-28,3,Okay
EMP1198,2026-05-30,1,Frustrated
EMP1198,2026-06-01,3,Okay
EMP1198,2026-06-05,1,Frustrated
EMP1198,2026-06-07,2,Sad
EMP1198,2026-06-09,2,Sad
EMP1198,2026-06-11,2,Sad
EMP1198,2026-06-17,1,Frustrated
EMP1198,2026-06-21,2,Sad
EMP1198,2026-06-23,2,Sad
EMP1198,2026-06-25,3,Okay
EMP1198,2026-06-27,1,Frustrated
EMP1198,2026-06-29,2,Sad
EMP1198,2026-07-03,1,Frustrated
EMP1198,2026-07-05,1,Frustrated
EMP1198,2026-07-07,1,Frustrated
EMP1198,2026-07-09,2,Sad
EMP1198,2026-07-11,1,Frustrated
EMP1198,2026-07-13,2,Sad
EMP1198,2026-07-15,1,Frustrated
EMP1198,2026-07-17,2,Sad
EMP1198,2026-07-19,1,Frustrated
EMP1198,2026-07-21,1,Frustrated
EMP1198,2026-07-23,2,Sad
EMP1198,2026-07-25,2,Sad
EMP1198,2026-07-27,3,Okay
EMP1198,2026-07-29,1,Frustrated
EMP1198,2026-07-31,2,Sad
EMP1198,2026-08-02,3,Okay
EMP1198,2026-08-04,2,Sad
EMP1198,2026-08-06,1,Frustrated
EMP1198,2026-08-08,1,Frustrated
EMP1198,2026-08-12,2,Sad
EMP1198,2026-08-14,2,Sad
EMP1198,2026-08-16,2,Sad
EMP1198,2026-08-18,2,Sad
EMP1198,2026-08-20,1,Frustrated
EMP1198,2026-08-22,1,Frustrated
EMP1198,2026-08-24,1,Frustrated
EMP1198,2026-08-26,1,Frustrated
EMP1199,2026-04-28,3,Okay
EMP1199,2026-04-30,3,Okay
EMP1199,2026-05-02,4,Happy
EMP1199,2026-05-04,3,Okay
EMP1199,2026-05-06,3,Okay
EMP1199,2026-05-08,3,Okay
EMP1199,2026-05-12,3,Okay
EMP1199,2026-05-14,3,Okay
EMP1199,2026-05-20,2,Sad
EMP1199,2026-05-22,2,Sad
EMP1199,2026-05-24,3,Okay
EMP1199,2026-05-26,2,Sad
EMP1199,2026-05-28,3,Okay
EMP1199,2026-05-30,3,Okay
EMP1199,2026-06-01,3,Okay
EMP1199,2026-06-03,2,Sad
EMP1199,2026-06-05,3,Okay
EMP1199,2026-06-09,2,Sad
EMP1199,2026-06-11,2,Sad
EMP1199,2026-06-17,3,Okay
EMP1199,2026-06-19,2,Sad
EMP1199,2026-06-21,3,Okay
EMP1199,2026-06-23,3,Okay
EMP1199,2026-06-25,2,Sad
EMP1199,2026-07-01,2,Sad
EMP1199,2026-07-03,1,Frustrated
EMP1199,2026-07-05,2,Sad
EMP1199,2026-07-07,2,Sad
EMP1199,2026-07-09,2,Sad
EMP1199,2026-07-11,2,Sad
EMP1199,2026-07-13,3,Okay
EMP1199,2026-07-15,2,Sad
EMP1199,2026-07-17,3,Okay
EMP1199,2026-07-19,3,Okay
EMP1199,2026-07-21,3,Okay
EMP1199,2026-07-23,3,Okay
EMP1199,2026-07-25,2,Sad
EMP1199,2026-07-29,2,Sad
EMP1199,2026-07-31,2,Sad
EMP1199,2026-08-02,3,Okay
EMP1199,2026-08-04,3,Okay
EMP1199,2026-08-06,3,Okay
EMP1199,2026-08-08,3,Okay
EMP1199,2026-08-10,4,Happy
EMP1199,2026-08-12,3,Okay
EMP1199,2026-08-16,3,Okay
EMP1199,2026-08-18,1,Frustrated
EMP1199,2026-08-20,3,Okay
EMP1199,2026-08-22,3,Okay
EMP1199,2026-08-24,3,Okay
EMP1199,2026-08-26,2,Sad
EMP1200,2026-04-30,2,Sad
EMP1200,2026-05-02,2,Sad
EMP1200,2026-05-04,3,Okay
EMP1200,2026-05-06,2,Sad
EMP1200,2026-05-08,2,Sad
EMP1200,2026-05-10,3,Okay
EMP1200,2026-05-14,3,Okay
EMP1200,2026-05-16,3,Okay
EMP1200,2026-05-18,3,Okay
EMP1200,2026-05-20,1,Frustrated
EMP1200,2026-05-22,3,Okay
EMP1200,2026-05-24,3,Okay
EMP1200,2026-05-26,4,Happy
EMP1200,2026-05-30,4,Happy
EMP1200,2026-06-01,3,Okay
EMP1200,2026-06-05,2,Sad
EMP1200,2026-06-07,3,Okay
EMP1200,2026-06-09,3,Okay
EMP1200,2026-06-11,2,Sad
EMP1200,2026-06-13,1,Frustrated
EMP1200,2026-06-15,2,Sad
EMP1200,2026-06-17,4,Happy
EMP1200,2026-06-19,3,Okay
EMP1200,2026-06-23,3,Okay
EMP1200,2026-06-25,2,Sad
EMP1200,2026-06-27,3,Okay
EMP1200,2026-06-29,2,Sad
EMP1200,2026-07-01,3,Okay
EMP1200,2026-07-05,3,Okay
EMP1200,2026-07-07,1,Frustrated
EMP1200,2026-07-09,3,Okay
EMP1200,2026-07-13,2,Sad
EMP1200,2026-07-15,3,Okay
EMP1200,2026-07-17,2,Sad
EMP1200,2026-07-19,2,Sad
EMP1200,2026-07-21,3,Okay
EMP1200,2026-07-23,3,Okay
EMP1200,2026-07-25,2,Sad
EMP1200,2026-07-27,3,Okay
EMP1200,2026-07-29,3,Okay
EMP1200,2026-07-31,1,Frustrated
EMP1200,2026-08-06,3,Okay
EMP1200,2026-08-08,2,Sad
EMP1200,2026-08-10,1,Frustrated
EMP1200,2026-08-12,2,Sad
EMP1200,2026-08-14,2,Sad
EMP1200,2026-08-18,2,Sad
EMP1200,2026-08-20,4,Happy
EMP1200,2026-08-22,2,Sad
EMP1200,2026-08-24,3,Okay
EMP1200,2026-08-26,2,Sad
EMP1201,2026-04-28,2,Sad
EMP1201,2026-04-30,1,Frustrated
EMP1201,2026-05-02,2,Sad
EMP1201,2026-05-06,2,Sad
EMP1201,2026-05-08,2,Sad
EMP1201,2026-05-10,1,Frustrated
EMP1201,2026-05-12,3,Okay
EMP1201,2026-05-14,1,Frustrated
EMP1201,2026-05-16,2,Sad
EMP1201,2026-05-18,3,Okay
EMP1201,2026-05-20,1,Frustrated
EMP1201,2026-05-24,3,Okay
EMP1201,2026-05-26,2,Sad
EMP1201,2026-05-28,1,Frustrated
EMP1201,2026-05-30,3,Okay
EMP1201,2026-06-01,2,Sad
EMP1201,2026-06-03,1,Frustrated
EMP1201,2026-06-05,2,Sad
EMP1201,2026-06-07,1,Frustrated
EMP1201,2026-06-09,2,Sad
EMP1201,2026-06-11,1,Frustrated
EMP1201,2026-06-13,2,Sad
EMP1201,2026-06-17,1,Frustrated
EMP1201,2026-06-19,1,Frustrated
EMP1201,2026-06-21,1,Frustrated
EMP1201,2026-06-23,2,Sad
EMP1201,2026-06-25,1,Frustrated
EMP1201,2026-06-29,2,Sad
EMP1201,2026-07-01,1,Frustrated
EMP1201,2026-07-03,1,Frustrated
EMP1201,2026-07-05,1,Frustrated
EMP1201,2026-07-07,2,Sad
EMP1201,2026-07-09,2,Sad
EMP1201,2026-07-11,2,Sad
EMP1201,2026-07-13,2,Sad
EMP1201,2026-07-15,1,Frustrated
EMP1201,2026-07-17,2,Sad
EMP1201,2026-07-19,1,Frustrated
EMP1201,2026-07-21,2,Sad
EMP1201,2026-07-23,2,Sad
EMP1201,2026-07-25,2,Sad
EMP1201,2026-07-27,1,Frustrated
EMP1201,2026-07-29,1,Frustrated
EMP1201,2026-08-04,1,Frustrated
EMP1201,2026-08-06,2,Sad
EMP1201,2026-08-08,2,Sad
EMP1201,2026-08-10,2,Sad
EMP1201,2026-08-12,1,Frustrated
EMP1201,2026-08-14,1,Frustrated
EMP1201,2026-08-16,1,Frustrated
EMP1201,2026-08-18,1,Frustrated
EMP1201,2026-08-20,1,Frustrated
EMP1201,2026-08-22,1,Frustrated
EMP1201,2026-08-24,1,Frustrated
EMP1201,2026-08-26,1,Frustrated
EMP1202,2026-04-28,3,Okay
EMP1202,2026-05-06,4,Happy
EMP1202,2026-05-08,3,Okay
EMP1202,2026-05-10,4,Happy
EMP1202,2026-05-12,4,Happy
EMP1202,2026-05-14,4,Happy
EMP1202,2026-05-16,3,Okay
EMP1202,2026-05-18,3,Okay
EMP1202,2026-05-20,2,Sad
EMP1202,2026-05-22,3,Okay
EMP1202,2026-05-24,4,Happy
EMP1202,2026-05-26,3,Okay
EMP1202,2026-05-28,5,Excited
EMP1202,2026-05-30,5,Excited
EMP1202,2026-06-01,3,Okay
EMP1202,2026-06-03,4,Happy
EMP1202,2026-06-05,3,Okay
EMP1202,2026-06-09,3,Okay
EMP1202,2026-06-11,4,Happy
EMP1202,2026-06-13,3,Okay
EMP1202,2026-06-15,3,Okay
EMP1202,2026-06-17,5,Excited
EMP1202,2026-06-19,4,Happy
EMP1202,2026-06-21,4,Happy
EMP1202,2026-06-23,4,Happy
EMP1202,2026-06-25,4,Happy
EMP1202,2026-06-27,3,Okay
EMP1202,2026-06-29,3,Okay
EMP1202,2026-07-01,2,Sad
EMP1202,2026-07-03,5,Excited
EMP1202,2026-07-07,2,Sad
EMP1202,2026-07-09,3,Okay
EMP1202,2026-07-11,2,Sad
EMP1202,2026-07-13,5,Excited
EMP1202,2026-07-15,4,Happy
EMP1202,2026-07-17,5,Excited
EMP1202,2026-07-19,5,Excited
EMP1202,2026-07-21,4,Happy
EMP1202,2026-07-23,4,Happy
EMP1202,2026-07-25,3,Okay
EMP1202,2026-07-27,4,Happy
EMP1202,2026-07-29,3,Okay
EMP1202,2026-07-31,4,Happy
EMP1202,2026-08-02,3,Okay
EMP1202,2026-08-04,5,Excited
EMP1202,2026-08-06,4,Happy
EMP1202,2026-08-08,4,Happy
EMP1202,2026-08-10,2,Sad
EMP1202,2026-08-14,4,Happy
EMP1202,2026-08-16,4,Happy
EMP1202,2026-08-18,3,Okay
EMP1202,2026-08-20,4,Happy
EMP1202,2026-08-22,4,Happy
EMP1202,2026-08-24,2,Sad
EMP1202,2026-08-26,4,Happy
EMP1203,2026-04-28,2,Sad
EMP1203,2026-04-30,4,Happy
EMP1203,2026-05-02,5,Excited
EMP1203,2026-05-04,4,Happy
EMP1203,2026-05-06,4,Happy
EMP1203,2026-05-08,3,Okay
EMP1203,2026-05-12,5,Excited
EMP1203,2026-05-14,5,Excited
EMP1203,2026-05-16,3,Okay
EMP1203,2026-05-18,3,Okay
EMP1203,2026-05-20,4,Happy
EMP1203,2026-05-22,5,Excited
EMP1203,2026-05-24,4,Happy
EMP1203,2026-05-28,3,Okay
EMP1203,2026-05-30,3,Okay
EMP1203,2026-06-03,4,Happy
EMP1203,2026-06-05,3,Okay
EMP1203,2026-06-07,3,Okay
EMP1203,2026-06-09,3,Okay
EMP1203,2026-06-13,3,Okay
EMP1203,2026-06-15,4,Happy
EMP1203,2026-06-17,4,Happy
EMP1203,2026-06-19,4,Happy
EMP1203,2026-06-21,3,Okay
EMP1203,2026-06-23,4,Happy
EMP1203,2026-06-25,4,Happy
EMP1203,2026-06-27,4,Happy
EMP1203,2026-06-29,4,Happy
EMP1203,2026-07-01,4,Happy
EMP1203,2026-07-03,3,Okay
EMP1203,2026-07-05,3,Okay
EMP1203,2026-07-07,3,Okay
EMP1203,2026-07-09,3,Okay
EMP1203,2026-07-11,3,Okay
EMP1203,2026-07-13,3,Okay
EMP1203,2026-07-15,5,Excited
EMP1203,2026-07-17,4,Happy
EMP1203,2026-07-19,2,Sad
EMP1203,2026-07-21,3,Okay
EMP1203,2026-07-23,3,Okay
EMP1203,2026-07-25,4,Happy
EMP1203,2026-07-27,4,Happy
EMP1203,2026-07-29,3,Okay
EMP1203,2026-07-31,4,Happy
EMP1203,2026-08-04,4,Happy
EMP1203,2026-08-08,4,Happy
EMP1203,2026-08-10,4,Happy
EMP1203,2026-08-12,4,Happy
EMP1203,2026-08-14,3,Okay
EMP1203,2026-08-16,3,Okay
EMP1203,2026-08-20,4,Happy
EMP1203,2026-08-22,3,Okay
EMP1203,2026-08-24,4,Happy
EMP1203,2026-08-26,3,Okay
EMP1204,2026-04-28,2,Sad
EMP1204,2026-04-30,2,Sad
EMP1204,2026-05-02,3,Okay
EMP1204,2026-05-04,2,Sad
EMP1204,2026-05-06,4,Happy
EMP1204,2026-05-08,1,Frustrated
EMP1204,2026-05-10,1,Frustrated
EMP1204,2026-05-12,3,Okay
EMP1204,2026-05-14,3,Okay
EMP1204,2026-05-16,2,Sad
EMP1204,2026-05-18,3,Okay
EMP1204,2026-05-22,3,Okay
EMP1204,2026-05-24,2,Sad
EMP1204,2026-05-26,2,Sad
EMP1204,2026-05-28,1,Frustrated
EMP1204,2026-06-01,3,Okay
EMP1204,2026-06-03,4,Happy
EMP1204,2026-06-05,1,Frustrated
EMP1204,2026-06-07,2,Sad
EMP1204,2026-06-09,2,Sad
EMP1204,2026-06-11,3,Okay
EMP1204,2026-06-13,1,Frustrated
EMP1204,2026-06-15,2,Sad
EMP1204,2026-06-17,4,Happy
EMP1204,2026-06-19,3,Okay
EMP1204,2026-06-21,1,Frustrated
EMP1204,2026-06-23,2,Sad
EMP1204,2026-06-27,3,Okay
EMP1204,2026-06-29,2,Sad
EMP1204,2026-07-01,2,Sad
EMP1204,2026-07-03,3,Okay
EMP1204,2026-07-07,3,Okay
EMP1204,2026-07-09,3,Okay
EMP1204,2026-07-11,2,Sad
EMP1204,2026-07-13,4,Happy
EMP1204,2026-07-15,2,Sad
EMP1204,2026-07-17,3,Okay
EMP1204,2026-07-19,2,Sad
EMP1204,2026-07-21,2,Sad
EMP1204,2026-07-23,2,Sad
EMP1204,2026-07-25,2,Sad
EMP1204,2026-07-27,3,Okay
EMP1204,2026-07-29,3,Okay
EMP1204,2026-07-31,4,Happy
EMP1204,2026-08-02,4,Happy
EMP1204,2026-08-04,2,Sad
EMP1204,2026-08-06,4,Happy
EMP1204,2026-08-08,3,Okay
EMP1204,2026-08-10,4,Happy
EMP1204,2026-08-12,1,Frustrated
EMP1204,2026-08-14,4,Happy
EMP1204,2026-08-16,2,Sad
EMP1204,2026-08-18,3,Okay
EMP1204,2026-08-20,2,Sad
EMP1204,2026-08-22,3,Okay
EMP1204,2026-08-24,2,Sad
EMP1204,2026-08-26,1,Frustrated
EMP1205,2026-04-28,3,Okay
EMP1205,2026-04-30,3,Okay
EMP1205,2026-05-02,4,Happy
EMP1205,2026-05-04,2,Sad
EMP1205,2026-05-06,3,Okay
EMP1205,2026-05-10,3,Okay
EMP1205,2026-05-12,4,Happy
EMP1205,2026-05-14,3,Okay
EMP1205,2026-05-16,3,Okay
EMP1205,2026-05-18,4,Happy
EMP1205,2026-05-20,3,Okay
EMP1205,2026-05-22,4,Happy
EMP1205,2026-05-24,3,Okay
EMP1205,2026-05-28,3,Okay
EMP1205,2026-05-30,4,Happy
EMP1205,2026-06-01,4,Happy
EMP1205,2026-06-07,4,Happy
EMP1205,2026-06-09,3,Okay
EMP1205,2026-06-11,3,Okay
EMP1205,2026-06-13,4,Happy
EMP1205,2026-06-17,4,Happy
EMP1205,2026-06-19,4,Happy
EMP1205,2026-06-21,4,Happy
EMP1205,2026-06-25,4,Happy
EMP1205,2026-06-27,4,Happy
EMP1205,2026-07-01,5,Excited
EMP1205,2026-07-03,5,Excited
EMP1205,2026-07-07,4,Happy
EMP1205,2026-07-09,4,Happy
EMP1205,2026-07-15,3,Okay
EMP1205,2026-07-17,3,Okay
EMP1205,2026-07-19,4,Happy
EMP1205,2026-07-21,2,Sad
EMP1205,2026-07-23,4,Happy
EMP1205,2026-07-25,4,Happy
EMP1205,2026-07-27,4,Happy
EMP1205,2026-07-29,3,Okay
EMP1205,2026-07-31,4,Happy
EMP1205,2026-08-02,3,Okay
EMP1205,2026-08-04,4,Happy
EMP1205,2026-08-06,4,Happy
EMP1205,2026-08-08,5,Excited
EMP1205,2026-08-10,3,Okay
EMP1205,2026-08-12,5,Excited
EMP1205,2026-08-14,3,Okay
EMP1205,2026-08-16,3,Okay
EMP1205,2026-08-18,3,Okay
EMP1205,2026-08-20,4,Happy
EMP1205,2026-08-22,4,Happy
EMP1205,2026-08-24,4,Happy
EMP1205,2026-08-26,5,Excited
EMP1206,2026-04-28,4,Happy
EMP1206,2026-04-30,4,Happy
EMP1206,2026-05-02,4,Happy
EMP1206,2026-05-04,4,Happy
EMP1206,2026-05-06,3,Okay
EMP1206,2026-05-08,4,Happy
EMP1206,2026-05-10,4,Happy
EMP1206,2026-05-14,4,Happy
EMP1206,2026-05-16,3,Okay
EMP1206,2026-05-18,4,Happy
EMP1206,2026-05-20,4,Happy
EMP1206,2026-05-22,3,Okay
EMP1206,2026-05-24,4,Happy
EMP1206,2026-05-26,3,Okay
EMP1206,2026-05-28,4,Happy
EMP1206,2026-05-30,5,Excited
EMP1206,2026-06-03,3,Okay
EMP1206,2026-06-05,4,Happy
EMP1206,2026-06-07,4,Happy
EMP1206,2026-06-11,3,Okay
EMP1206,2026-06-13,3,Okay
EMP1206,2026-06-15,4,Happy
EMP1206,2026-06-17,3,Okay
EMP1206,2026-06-21,2,Sad
EMP1206,2026-06-23,3,Okay
EMP1206,2026-06-25,3,Okay
EMP1206,2026-06-27,3,Okay
EMP1206,2026-06-29,4,Happy
EMP1206,2026-07-05,4,Happy
EMP1206,2026-07-07,2,Sad
EMP1206,2026-07-11,2,Sad
EMP1206,2026-07-15,3,Okay
EMP1206,2026-07-17,3,Okay
EMP1206,2026-07-19,4,Happy
EMP1206,2026-07-21,3,Okay
EMP1206,2026-07-23,5,Excited
EMP1206,2026-07-25,4,Happy
EMP1206,2026-07-27,4,Happy
EMP1206,2026-07-29,4,Happy
EMP1206,2026-07-31,4,Happy
EMP1206,2026-08-02,4,Happy
EMP1206,2026-08-04,5,Excited
EMP1206,2026-08-06,3,Okay
EMP1206,2026-08-08,4,Happy
EMP1206,2026-08-10,4,Happy
EMP1206,2026-08-12,3,Okay
EMP1206,2026-08-14,4,Happy
EMP1206,2026-08-16,3,Okay
EMP1206,2026-08-18,4,Happy
EMP1206,2026-08-20,4,Happy
EMP1206,2026-08-22,4,Happy
EMP1206,2026-08-24,4,Happy
EMP1206,2026-08-26,3,Okay
EMP1207,2026-04-28,2,Sad
EMP1207,2026-05-02,3,Okay
EMP1207,2026-05-04,5,Excited
EMP1207,2026-05-06,3,Okay
EMP1207,2026-05-08,4,Happy
EMP1207,2026-05-10,4,Happy
EMP1207,2026-05-12,5,Excited
EMP1207,2026-05-14,4,Happy
EMP1207,2026-05-16,4,Happy
EMP1207,2026-05-18,3,Okay
EMP1207,2026-05-20,3,Okay
EMP1207,2026-05-22,3,Okay
EMP1207,2026-05-24,3,Okay
EMP1207,2026-05-26,5,Excited
EMP1207,2026-05-28,4,Happy
EMP1207,2026-05-30,3,Okay
EMP1207,2026-06-01,4,Happy
EMP1207,2026-06-03,3,Okay
EMP1207,2026-06-05,4,Happy
EMP1207,2026-06-07,4,Happy
EMP1207,2026-06-11,4,Happy
EMP1207,2026-06-13,2,Sad
EMP1207,2026-06-15,4,Happy
EMP1207,2026-06-17,5,Excited
EMP1207,2026-06-19,3,Okay
EMP1207,2026-06-21,3,Okay
EMP1207,2026-06-23,4,Happy
EMP1207,2026-06-25,4,Happy
EMP1207,2026-06-27,4,Happy
EMP1207,2026-06-29,3,Okay
EMP1207,2026-07-03,4,Happy
EMP1207,2026-07-05,4,Happy
EMP1207,2026-07-07,5,Excited
EMP1207,2026-07-09,4,Happy
EMP1207,2026-07-11,3,Okay
EMP1207,2026-07-13,3,Okay
EMP1207,2026-07-15,4,Happy
EMP1207,2026-07-17,3,Okay
EMP1207,2026-07-19,4,Happy
EMP1207,2026-07-21,4,Happy
EMP1207,2026-07-23,5,Excited
EMP1207,2026-07-25,4,Happy
EMP1207,2026-07-27,5,Excited
EMP1207,2026-07-29,3,Okay
EMP1207,2026-07-31,3,Okay
EMP1207,2026-08-02,4,Happy
EMP1207,2026-08-04,4,Happy
EMP1207,2026-08-06,4,Happy
EMP1207,2026-08-10,3,Okay
EMP1207,2026-08-12,5,Excited
EMP1207,2026-08-14,4,Happy
EMP1207,2026-08-16,3,Okay
EMP1207,2026-08-18,3,Okay
EMP1207,2026-08-20,4,Happy
EMP1207,2026-08-22,4,Happy
EMP1207,2026-08-24,4,Happy
EMP1207,2026-08-26,3,Okay
EMP1208,2026-04-28,3,Okay
EMP1208,2026-04-30,2,Sad
EMP1208,2026-05-02,3,Okay
EMP1208,2026-05-06,3,Okay
EMP1208,2026-05-08,3,Okay
EMP1208,2026-05-12,2,Sad
EMP1208,2026-05-14,3,Okay
EMP1208,2026-05-16,2,Sad
EMP1208,2026-05-18,1,Frustrated
EMP1208,2026-05-20,2,Sad
EMP1208,2026-05-24,2,Sad
EMP1208,2026-05-28,1,Frustrated
EMP1208,2026-05-30,2,Sad
EMP1208,2026-06-05,3,Okay
EMP1208,2026-06-09,1,Frustrated
EMP1208,2026-06-11,2,Sad
EMP1208,2026-06-15,1,Frustrated
EMP1208,2026-06-17,3,Okay
EMP1208,2026-06-19,3,Okay
EMP1208,2026-06-21,1,Frustrated
EMP1208,2026-06-23,3,Okay
EMP1208,2026-06-25,2,Sad
EMP1208,2026-06-27,2,Sad
EMP1208,2026-06-29,1,Frustrated
EMP1208,2026-07-01,2,Sad
EMP1208,2026-07-05,2,Sad
EMP1208,2026-07-07,1,Frustrated
EMP1208,2026-07-09,2,Sad
EMP1208,2026-07-11,3,Okay
EMP1208,2026-07-13,3,Okay
EMP1208,2026-07-15,1,Frustrated
EMP1208,2026-07-17,2,Sad
EMP1208,2026-07-19,2,Sad
EMP1208,2026-07-21,1,Frustrated
EMP1208,2026-07-23,1,Frustrated
EMP1208,2026-07-25,2,Sad
EMP1208,2026-07-27,3,Okay
EMP1208,2026-07-29,1,Frustrated
EMP1208,2026-07-31,2,Sad
EMP1208,2026-08-02,1,Frustrated
EMP1208,2026-08-04,2,Sad
EMP1208,2026-08-06,1,Frustrated
EMP1208,2026-08-08,2,Sad
EMP1208,2026-08-10,2,Sad
EMP1208,2026-08-12,1,Frustrated
EMP1208,2026-08-14,2,Sad
EMP1208,2026-08-16,1,Frustrated
EMP1208,2026-08-18,1,Frustrated
EMP1208,2026-08-20,2,Sad
EMP1208,2026-08-22,1,Frustrated
EMP1208,2026-08-24,2,Sad
EMP1208,2026-08-26,2,Sad
EMP1209,2026-04-28,4,Happy
EMP1209,2026-04-30,3,Okay
EMP1209,2026-05-02,3,Okay
EMP1209,2026-05-04,4,Happy
EMP1209,2026-05-06,4,Happy
EMP1209,2026-05-10,3,Okay
EMP1209,2026-05-12,4,Happy
EMP1209,2026-05-14,4,Happy
EMP1209,2026-05-16,3,Okay
EMP1209,2026-05-18,4,Happy
EMP1209,2026-05-20,4,Happy
EMP1209,2026-05-22,4,Happy
EMP1209,2026-05-24,3,Okay
EMP1209,2026-05-26,3,Okay
EMP1209,2026-05-28,4,Happy
EMP1209,2026-05-30,3,Okay
EMP1209,2026-06-01,4,Happy
EMP1209,2026-06-03,4,Happy
EMP1209,2026-06-05,4,Happy
EMP1209,2026-06-07,5,Excited
EMP1209,2026-06-09,4,Happy
EMP1209,2026-06-11,5,Excited
EMP1209,2026-06-13,4,Happy
EMP1209,2026-06-15,5,Excited
EMP1209,2026-06-17,4,Happy
EMP1209,2026-06-19,4,Happy
EMP1209,2026-06-21,5,Excited
EMP1209,2026-06-23,3,Okay
EMP1209,2026-06-25,3,Okay
EMP1209,2026-06-27,4,Happy
EMP1209,2026-06-29,4,Happy
EMP1209,2026-07-01,3,Okay
EMP1209,2026-07-03,4,Happy
EMP1209,2026-07-05,3,Okay
EMP1209,2026-07-07,4,Happy
EMP1209,2026-07-09,4,Happy
EMP1209,2026-07-11,4,Happy
EMP1209,2026-07-13,4,Happy
EMP1209,2026-07-15,4,Happy
EMP1209,2026-07-17,4,Happy
EMP1209,2026-07-21,4,Happy
EMP1209,2026-07-25,5,Excited
EMP1209,2026-07-29,4,Happy
EMP1209,2026-07-31,5,Excited
EMP1209,2026-08-02,4,Happy
EMP1209,2026-08-04,5,Excited
EMP1209,2026-08-06,4,Happy
EMP1209,2026-08-08,3,Okay
EMP1209,2026-08-10,3,Okay
EMP1209,2026-08-12,4,Happy
EMP1209,2026-08-14,3,Okay
EMP1209,2026-08-16,3,Okay
EMP1209,2026-08-20,4,Happy
EMP1209,2026-08-22,4,Happy
EMP1209,2026-08-24,4,Happy
EMP1209,2026-08-26,4,Happy
EMP1210,2026-04-28,2,Sad
EMP1210,2026-04-30,2,Sad
EMP1210,2026-05-02,2,Sad
EMP1210,2026-05-04,2,Sad
EMP1210,2026-05-08,2,Sad
EMP1210,2026-05-10,2,Sad
EMP1210,2026-05-12,2,Sad
EMP1210,2026-05-14,3,Okay
EMP1210,2026-05-16,1,Frustrated
EMP1210,2026-05-18,1,Frustrated
EMP1210,2026-05-20,3,Okay
EMP1210,2026-05-22,2,Sad
EMP1210,2026-05-24,1,Frustrated
EMP1210,2026-05-26,2,Sad
EMP1210,2026-05-28,2,Sad
EMP1210,2026-05-30,1,Frustrated
EMP1210,2026-06-01,2,Sad
EMP1210,2026-06-03,3,Okay
EMP1210,2026-06-05,3,Okay
EMP1210,2026-06-07,2,Sad
EMP1210,2026-06-09,2,Sad
EMP1210,2026-06-11,1,Frustrated
EMP1210,2026-06-13,2,Sad
EMP1210,2026-06-15,2,Sad
EMP1210,2026-06-19,1,Frustrated
EMP1210,2026-06-21,3,Okay
EMP1210,2026-06-23,2,Sad
EMP1210,2026-06-25,1,Frustrated
EMP1210,2026-06-27,1,Frustrated
EMP1210,2026-06-29,2,Sad
EMP1210,2026-07-01,3,Okay
EMP1210,2026-07-07,2,Sad
EMP1210,2026-07-09,1,Frustrated
EMP1210,2026-07-11,1,Frustrated
EMP1210,2026-07-13,1,Frustrated
EMP1210,2026-07-15,1,Frustrated
EMP1210,2026-07-17,1,Frustrated
EMP1210,2026-07-19,1,Frustrated
EMP1210,2026-07-21,1,Frustrated
EMP1210,2026-07-23,2,Sad
EMP1210,2026-07-25,2,Sad
EMP1210,2026-07-27,1,Frustrated
EMP1210,2026-07-29,3,Okay
EMP1210,2026-07-31,1,Frustrated
EMP1210,2026-08-02,1,Frustrated
EMP1210,2026-08-04,1,Frustrated
EMP1210,2026-08-06,2,Sad
EMP1210,2026-08-10,1,Frustrated
EMP1210,2026-08-14,2,Sad
EMP1210,2026-08-16,2,Sad
EMP1210,2026-08-18,1,Frustrated
EMP1210,2026-08-20,2,Sad
EMP1210,2026-08-22,1,Frustrated
EMP1210,2026-08-24,1,Frustrated
EMP1210,2026-08-26,1,Frustrated
EMP1211,2026-04-28,3,Okay
EMP1211,2026-05-02,4,Happy
EMP1211,2026-05-08,5,Excited
EMP1211,2026-05-10,3,Okay
EMP1211,2026-05-12,4,Happy
EMP1211,2026-05-14,4,Happy
EMP1211,2026-05-16,3,Okay
EMP1211,2026-05-18,3,Okay
EMP1211,2026-05-20,4,Happy
EMP1211,2026-05-22,3,Okay
EMP1211,2026-05-24,4,Happy
EMP1211,2026-05-26,5,Excited
EMP1211,2026-05-28,3,Okay
EMP1211,2026-05-30,2,Sad
EMP1211,2026-06-01,4,Happy
EMP1211,2026-06-03,3,Okay
EMP1211,2026-06-05,4,Happy
EMP1211,2026-06-07,3,Okay
EMP1211,2026-06-09,4,Happy
EMP1211,2026-06-13,4,Happy
EMP1211,2026-06-17,3,Okay
EMP1211,2026-06-19,2,Sad
EMP1211,2026-06-21,2,Sad
EMP1211,2026-06-23,3,Okay
EMP1211,2026-06-25,4,Happy
EMP1211,2026-06-27,3,Okay
EMP1211,2026-06-29,3,Okay
EMP1211,2026-07-01,3,Okay
EMP1211,2026-07-03,3,Okay
EMP1211,2026-07-05,2,Sad
EMP1211,2026-07-07,4,Happy
EMP1211,2026-07-11,4,Happy
EMP1211,2026-07-13,3,Okay
EMP1211,2026-07-15,4,Happy
EMP1211,2026-07-17,4,Happy
EMP1211,2026-07-19,4,Happy
EMP1211,2026-07-21,4,Happy
EMP1211,2026-07-23,3,Okay
EMP1211,2026-07-27,3,Okay
EMP1211,2026-07-29,3,Okay
EMP1211,2026-07-31,4,Happy
EMP1211,2026-08-02,4,Happy
EMP1211,2026-08-04,4,Happy
EMP1211,2026-08-06,4,Happy
EMP1211,2026-08-08,3,Okay
EMP1211,2026-08-10,4,Happy
EMP1211,2026-08-12,2,Sad
EMP1211,2026-08-14,4,Happy
EMP1211,2026-08-16,4,Happy
EMP1211,2026-08-20,3,Okay
EMP1211,2026-08-22,4,Happy
EMP1211,2026-08-24,3,Okay
EMP1211,2026-08-26,2,Sad
EMP1212,2026-04-28,3,Okay
EMP1212,2026-04-30,4,Happy
EMP1212,2026-05-02,3,Okay
EMP1212,2026-05-04,5,Excited
EMP1212,2026-05-06,5,Excited
EMP1212,2026-05-08,3,Okay
EMP1212,2026-05-10,4,Happy
EMP1212,2026-05-12,3,Okay
EMP1212,2026-05-14,3,Okay
EMP1212,2026-05-16,3,Okay
EMP1212,2026-05-20,3,Okay
EMP1212,2026-05-22,4,Happy
EMP1212,2026-05-24,4,Happy
EMP1212,2026-05-26,4,Happy
EMP1212,2026-05-28,2,Sad
EMP1212,2026-05-30,2,Sad
EMP1212,2026-06-01,3,Okay
EMP1212,2026-06-03,3,Okay
EMP1212,2026-06-05,4,Happy
EMP1212,2026-06-07,4,Happy
EMP1212,2026-06-09,5,Excited
EMP1212,2026-06-11,4,Happy
EMP1212,2026-06-15,3,Okay
EMP1212,2026-06-17,4,Happy
EMP1212,2026-06-19,4,Happy
EMP1212,2026-06-23,4,Happy
EMP1212,2026-06-25,4,Happy
EMP1212,2026-06-27,5,Excited
EMP1212,2026-06-29,3,Okay
EMP1212,2026-07-01,2,Sad
EMP1212,2026-07-03,4,Happy
EMP1212,2026-07-09,3,Okay
EMP1212,2026-07-11,5,Excited
EMP1212,2026-07-13,3,Okay
EMP1212,2026-07-15,3,Okay
EMP1212,2026-07-17,3,Okay
EMP1212,2026-07-19,4,Happy
EMP1212,2026-07-21,3,Okay
EMP1212,2026-07-23,3,Okay
EMP1212,2026-07-25,4,Happy
EMP1212,2026-07-27,3,Okay
EMP1212,2026-07-29,4,Happy
EMP1212,2026-07-31,4,Happy
EMP1212,2026-08-04,4,Happy
EMP1212,2026-08-06,3,Okay
EMP1212,2026-08-10,3,Okay
EMP1212,2026-08-12,3,Okay
EMP1212,2026-08-14,2,Sad
EMP1212,2026-08-16,3,Okay
EMP1212,2026-08-20,5,Excited
EMP1212,2026-08-22,4,Happy
EMP1212,2026-08-24,4,Happy
EMP1212,2026-08-26,2,Sad
EMP1213,2026-04-28,2,Sad
EMP1213,2026-04-30,2,Sad
EMP1213,2026-05-02,2,Sad
EMP1213,2026-05-04,3,Okay
EMP1213,2026-05-06,2,Sad
EMP1213,2026-05-08,3,Okay
EMP1213,2026-05-12,2,Sad
EMP1213,2026-05-14,3,Okay
EMP1213,2026-05-16,2,Sad
EMP1213,2026-05-18,3,Okay
EMP1213,2026-05-22,3,Okay
EMP1213,2026-05-24,3,Okay
EMP1213,2026-05-26,2,Sad
EMP1213,2026-05-28,3,Okay
EMP1213,2026-05-30,3,Okay
EMP1213,2026-06-01,2,Sad
EMP1213,2026-06-03,2,Sad
EMP1213,2026-06-05,3,Okay
EMP1213,2026-06-07,2,Sad
EMP1213,2026-06-11,3,Okay
EMP1213,2026-06-13,4,Happy
EMP1213,2026-06-15,2,Sad
EMP1213,2026-06-17,2,Sad
EMP1213,2026-06-19,3,Okay
EMP1213,2026-06-21,2,Sad
EMP1213,2026-06-23,3,Okay
EMP1213,2026-06-25,3,Okay
EMP1213,2026-06-27,1,Frustrated
EMP1213,2026-06-29,3,Okay
EMP1213,2026-07-03,3,Okay
EMP1213,2026-07-05,2,Sad
EMP1213,2026-07-07,3,Okay
EMP1213,2026-07-09,2,Sad
EMP1213,2026-07-13,3,Okay
EMP1213,2026-07-15,2,Sad
EMP1213,2026-07-17,2,Sad
EMP1213,2026-07-19,2,Sad
EMP1213,2026-07-21,3,Okay
EMP1213,2026-07-23,2,Sad
EMP1213,2026-07-25,2,Sad
EMP1213,2026-07-29,3,Okay
EMP1213,2026-07-31,2,Sad
EMP1213,2026-08-02,2,Sad
EMP1213,2026-08-04,3,Okay
EMP1213,2026-08-06,3,Okay
EMP1213,2026-08-08,2,Sad
EMP1213,2026-08-10,2,Sad
EMP1213,2026-08-14,2,Sad
EMP1213,2026-08-16,3,Okay
EMP1213,2026-08-18,3,Okay
EMP1213,2026-08-22,3,Okay
EMP1213,2026-08-24,3,Okay
EMP1213,2026-08-26,2,Sad
EMP1214,2026-04-28,4,Happy
EMP1214,2026-04-30,3,Okay
EMP1214,2026-05-02,3,Okay
EMP1214,2026-05-04,3,Okay
EMP1214,2026-05-06,4,Happy
EMP1214,2026-05-10,5,Excited
EMP1214,2026-05-12,4,Happy
EMP1214,2026-05-14,3,Okay
EMP1214,2026-05-16,4,Happy
EMP1214,2026-05-18,3,Okay
EMP1214,2026-05-22,4,Happy
EMP1214,2026-05-24,5,Excited
EMP1214,2026-05-26,3,Okay
EMP1214,2026-05-28,4,Happy
EMP1214,2026-05-30,3,Okay
EMP1214,2026-06-01,4,Happy
EMP1214,2026-06-03,4,Happy
EMP1214,2026-06-05,3,Okay
EMP1214,2026-06-07,3,Okay
EMP1214,2026-06-09,4,Happy
EMP1214,2026-06-11,4,Happy
EMP1214,2026-06-13,3,Okay
EMP1214,2026-06-15,3,Okay
EMP1214,2026-06-17,4,Happy
EMP1214,2026-06-19,4,Happy
EMP1214,2026-06-21,4,Happy
EMP1214,2026-06-23,3,Okay
EMP1214,2026-06-25,3,Okay
EMP1214,2026-06-27,4,Happy
EMP1214,2026-06-29,4,Happy
EMP1214,2026-07-01,3,Okay
EMP1214,2026-07-03,4,Happy
EMP1214,2026-07-05,4,Happy
EMP1214,2026-07-07,3,Okay
EMP1214,2026-07-09,3,Okay
EMP1214,2026-07-11,3,Okay
EMP1214,2026-07-13,3,Okay
EMP1214,2026-07-15,4,Happy
EMP1214,2026-07-17,3,Okay
EMP1214,2026-07-21,5,Excited
EMP1214,2026-07-23,4,Happy
EMP1214,2026-07-25,3,Okay
EMP1214,2026-07-27,4,Happy
EMP1214,2026-07-29,3,Okay
EMP1214,2026-07-31,4,Happy
EMP1214,2026-08-02,4,Happy
EMP1214,2026-08-04,3,Okay
EMP1214,2026-08-06,3,Okay
EMP1214,2026-08-08,4,Happy
EMP1214,2026-08-10,3,Okay
EMP1214,2026-08-12,3,Okay
EMP1214,2026-08-14,4,Happy
EMP1214,2026-08-16,4,Happy
EMP1214,2026-08-18,4,Happy
EMP1214,2026-08-20,5,Excited
EMP1214,2026-08-22,4,Happy
EMP1214,2026-08-24,3,Okay
EMP1214,2026-08-26,3,Okay
EMP1215,2026-04-28,2,Sad
EMP1215,2026-04-30,2,Sad
EMP1215,2026-05-04,3,Okay
EMP1215,2026-05-06,1,Frustrated
EMP1215,2026-05-08,2,Sad
EMP1215,2026-05-10,2,Sad
EMP1215,2026-05-12,1,Frustrated
EMP1215,2026-05-14,2,Sad
EMP1215,2026-05-16,2,Sad
EMP1215,2026-05-22,2,Sad
EMP1215,2026-05-24,2,Sad
EMP1215,2026-05-26,1,Frustrated
EMP1215,2026-05-28,1,Frustrated
EMP1215,2026-05-30,2,Sad
EMP1215,2026-06-01,2,Sad
EMP1215,2026-06-03,1,Frustrated
EMP1215,2026-06-05,1,Frustrated
EMP1215,2026-06-07,1,Frustrated
EMP1215,2026-06-11,1,Frustrated
EMP1215,2026-06-13,1,Frustrated
EMP1215,2026-06-15,2,Sad
EMP1215,2026-06-19,2,Sad
EMP1215,2026-06-21,1,Frustrated
EMP1215,2026-06-25,2,Sad
EMP1215,2026-06-27,1,Frustrated
EMP1215,2026-06-29,2,Sad
EMP1215,2026-07-01,2,Sad
EMP1215,2026-07-03,1,Frustrated
EMP1215,2026-07-05,1,Frustrated
EMP1215,2026-07-07,2,Sad
EMP1215,2026-07-09,1,Frustrated
EMP1215,2026-07-11,2,Sad
EMP1215,2026-07-13,1,Frustrated
EMP1215,2026-07-15,1,Frustrated
EMP1215,2026-07-17,2,Sad
EMP1215,2026-07-19,1,Frustrated
EMP1215,2026-07-21,1,Frustrated
EMP1215,2026-07-23,1,Frustrated
EMP1215,2026-07-25,1,Frustrated
EMP1215,2026-07-27,2,Sad
EMP1215,2026-07-29,2,Sad
EMP1215,2026-07-31,1,Frustrated
EMP1215,2026-08-02,1,Frustrated
EMP1215,2026-08-04,1,Frustrated
EMP1215,2026-08-06,2,Sad
EMP1215,2026-08-08,2,Sad
EMP1215,2026-08-10,2,Sad
EMP1215,2026-08-12,2,Sad
EMP1215,2026-08-14,1,Frustrated
EMP1215,2026-08-16,1,Frustrated
EMP1215,2026-08-18,1,Frustrated
EMP1215,2026-08-20,2,Sad
EMP1215,2026-08-22,1,Frustrated
EMP1215,2026-08-24,2,Sad
EMP1215,2026-08-26,1,Frustrated
EMP1216,2026-04-28,2,Sad
EMP1216,2026-05-02,2,Sad
EMP1216,2026-05-04,2,Sad
EMP1216,2026-05-06,2,Sad
EMP1216,2026-05-08,3,Okay
EMP1216,2026-05-10,1,Frustrated
EMP1216,2026-05-12,3,Okay
EMP1216,2026-05-16,2,Sad
EMP1216,2026-05-18,2,Sad
EMP1216,2026-05-20,4,Happy
EMP1216,2026-05-24,2,Sad
EMP1216,2026-05-28,2,Sad
EMP1216,2026-05-30,2,Sad
EMP1216,2026-06-01,4,Happy
EMP1216,2026-06-03,1,Frustrated
EMP1216,2026-06-05,2,Sad
EMP1216,2026-06-07,1,Frustrated
EMP1216,2026-06-09,3,Okay
EMP1216,2026-06-11,2,Sad
EMP1216,2026-06-15,2,Sad
EMP1216,2026-06-17,3,Okay
EMP1216,2026-06-19,3,Okay
EMP1216,2026-06-21,3,Okay
EMP1216,2026-06-23,2,Sad
EMP1216,2026-06-25,1,Frustrated
EMP1216,2026-06-27,2,Sad
EMP1216,2026-06-29,1,Frustrated
EMP1216,2026-07-01,3,Okay
EMP1216,2026-07-03,3,Okay
EMP1216,2026-07-05,2,Sad
EMP1216,2026-07-07,3,Okay
EMP1216,2026-07-09,3,Okay
EMP1216,2026-07-11,2,Sad
EMP1216,2026-07-13,4,Happy
EMP1216,2026-07-15,3,Okay
EMP1216,2026-07-17,2,Sad
EMP1216,2026-07-19,1,Frustrated
EMP1216,2026-07-21,2,Sad
EMP1216,2026-07-23,2,Sad
EMP1216,2026-07-27,2,Sad
EMP1216,2026-07-29,2,Sad
EMP1216,2026-07-31,2,Sad
EMP1216,2026-08-04,1,Frustrated
EMP1216,2026-08-06,2,Sad
EMP1216,2026-08-08,2,Sad
EMP1216,2026-08-10,3,Okay
EMP1216,2026-08-12,3,Okay
EMP1216,2026-08-14,2,Sad
EMP1216,2026-08-16,1,Frustrated
EMP1216,2026-08-18,2,Sad
EMP1216,2026-08-20,3,Okay
EMP1216,2026-08-22,3,Okay
EMP1216,2026-08-24,1,Frustrated
EMP1216,2026-08-26,2,Sad
EMP1217,2026-04-28,4,Happy
EMP1217,2026-04-30,4,Happy
EMP1217,2026-05-02,4,Happy
EMP1217,2026-05-04,4,Happy
EMP1217,2026-05-06,3,Okay
EMP1217,2026-05-08,5,Excited
EMP1217,2026-05-10,3,Okay
EMP1217,2026-05-12,4,Happy
EMP1217,2026-05-14,4,Happy
EMP1217,2026-05-16,4,Happy
EMP1217,2026-05-18,4,Happy
EMP1217,2026-05-20,4,Happy
EMP1217,2026-05-22,4,Happy
EMP1217,2026-05-24,3,Okay
EMP1217,2026-05-26,4,Happy
EMP1217,2026-06-01,3,Okay
EMP1217,2026-06-03,3,Okay
EMP1217,2026-06-05,5,Excited
EMP1217,2026-06-07,4,Happy
EMP1217,2026-06-09,3,Okay
EMP1217,2026-06-11,4,Happy
EMP1217,2026-06-15,4,Happy
EMP1217,2026-06-17,2,Sad
EMP1217,2026-06-19,3,Okay
EMP1217,2026-06-21,3,Okay
EMP1217,2026-06-23,4,Happy
EMP1217,2026-06-25,4,Happy
EMP1217,2026-06-27,3,Okay
EMP1217,2026-06-29,4,Happy
EMP1217,2026-07-01,2,Sad
EMP1217,2026-07-03,5,Excited
EMP1217,2026-07-05,4,Happy
EMP1217,2026-07-07,4,Happy
EMP1217,2026-07-09,3,Okay
EMP1217,2026-07-13,5,Excited
EMP1217,2026-07-15,5,Excited
EMP1217,2026-07-17,4,Happy
EMP1217,2026-07-19,3,Okay
EMP1217,2026-07-21,4,Happy
EMP1217,2026-07-23,3,Okay
EMP1217,2026-07-27,3,Okay
EMP1217,2026-07-29,3,Okay
EMP1217,2026-07-31,4,Happy
EMP1217,2026-08-02,3,Okay
EMP1217,2026-08-04,4,Happy
EMP1217,2026-08-06,3,Okay
EMP1217,2026-08-08,3,Okay
EMP1217,2026-08-10,3,Okay
EMP1217,2026-08-12,4,Happy
EMP1217,2026-08-16,3,Okay
EMP1217,2026-08-18,4,Happy
EMP1217,2026-08-20,4,Happy
EMP1217,2026-08-22,3,Okay
EMP1217,2026-08-24,4,Happy
EMP1217,2026-08-26,3,Okay
EMP1218,2026-04-28,3,Okay
EMP1218,2026-04-30,2,Sad
EMP1218,2026-05-02,2,Sad
EMP1218,2026-05-04,2,Sad
EMP1218,2026-05-06,2,Sad
EMP1218,2026-05-08,2,Sad
EMP1218,2026-05-10,2,Sad
EMP1218,2026-05-12,2,Sad
EMP1218,2026-05-18,3,Okay
EMP1218,2026-05-20,2,Sad
EMP1218,2026-05-24,2,Sad
EMP1218,2026-05-28,2,Sad
EMP1218,2026-05-30,1,Frustrated
EMP1218,2026-06-01,2,Sad
EMP1218,2026-06-03,2,Sad
EMP1218,2026-06-05,2,Sad
EMP1218,2026-06-09,2,Sad
EMP1218,2026-06-11,1,Frustrated
EMP1218,2026-06-13,2,Sad
EMP1218,2026-06-15,2,Sad
EMP1218,2026-06-21,2,Sad
EMP1218,2026-06-27,2,Sad
EMP1218,2026-06-29,2,Sad
EMP1218,2026-07-01,1,Frustrated
EMP1218,2026-07-03,2,Sad
EMP1218,2026-07-05,2,Sad
EMP1218,2026-07-09,1,Frustrated
EMP1218,2026-07-11,2,Sad
EMP1218,2026-07-13,1,Frustrated
EMP1218,2026-07-15,2,Sad
EMP1218,2026-07-17,1,Frustrated
EMP1218,2026-07-19,2,Sad
EMP1218,2026-07-23,1,Frustrated
EMP1218,2026-07-27,1,Frustrated
EMP1218,2026-07-31,1,Frustrated
EMP1218,2026-08-02,2,Sad
EMP1218,2026-08-04,2,Sad
EMP1218,2026-08-06,1,Frustrated
EMP1218,2026-08-10,2,Sad
EMP1218,2026-08-14,1,Frustrated
EMP1218,2026-08-16,2,Sad
EMP1218,2026-08-18,2,Sad
EMP1218,2026-08-22,1,Frustrated
EMP1218,2026-08-24,1,Frustrated
EMP1218,2026-08-26,2,Sad
EMP1219,2026-04-28,5,Excited
EMP1219,2026-04-30,3,Okay
EMP1219,2026-05-06,3,Okay
EMP1219,2026-05-08,3,Okay
EMP1219,2026-05-10,5,Excited
EMP1219,2026-05-12,4,Happy
EMP1219,2026-05-18,4,Happy
EMP1219,2026-05-20,3,Okay
EMP1219,2026-05-22,5,Excited
EMP1219,2026-05-24,3,Okay
EMP1219,2026-05-26,2,Sad
EMP1219,2026-05-28,4,Happy
EMP1219,2026-05-30,5,Excited
EMP1219,2026-06-01,3,Okay
EMP1219,2026-06-03,4,Happy
EMP1219,2026-06-07,4,Happy
EMP1219,2026-06-09,3,Okay
EMP1219,2026-06-11,3,Okay
EMP1219,2026-06-13,3,Okay
EMP1219,2026-06-15,3,Okay
EMP1219,2026-06-17,5,Excited
EMP1219,2026-06-19,4,Happy
EMP1219,2026-06-23,5,Excited
EMP1219,2026-06-25,3,Okay
EMP1219,2026-06-27,3,Okay
EMP1219,2026-06-29,4,Happy
EMP1219,2026-07-01,3,Okay
EMP1219,2026-07-03,4,Happy
EMP1219,2026-07-05,4,Happy
EMP1219,2026-07-07,3,Okay
EMP1219,2026-07-09,3,Okay
EMP1219,2026-07-11,5,Excited
EMP1219,2026-07-13,3,Okay
EMP1219,2026-07-17,4,Happy
EMP1219,2026-07-19,3,Okay
EMP1219,2026-07-21,3,Okay
EMP1219,2026-07-23,5,Excited
EMP1219,2026-07-25,3,Okay
EMP1219,2026-07-27,4,Happy
EMP1219,2026-07-29,3,Okay
EMP1219,2026-07-31,3,Okay
EMP1219,2026-08-02,3,Okay
EMP1219,2026-08-04,4,Happy
EMP1219,2026-08-06,3,Okay
EMP1219,2026-08-08,4,Happy
EMP1219,2026-08-10,3,Okay
EMP1219,2026-08-12,3,Okay
EMP1219,2026-08-14,4,Happy
EMP1219,2026-08-16,4,Happy
EMP1219,2026-08-18,3,Okay
EMP1219,2026-08-20,3,Okay
EMP1219,2026-08-22,3,Okay
EMP1219,2026-08-24,4,Happy
EMP1219,2026-08-26,2,Sad
EMP1220,2026-04-28,4,Happy
EMP1220,2026-04-30,4,Happy
EMP1220,2026-05-02,4,Happy
EMP1220,2026-05-04,4,Happy
EMP1220,2026-05-06,3,Okay
EMP1220,2026-05-08,4,Happy
EMP1220,2026-05-10,3,Okay
EMP1220,2026-05-12,4,Happy
EMP1220,2026-05-14,4,Happy
EMP1220,2026-05-16,1,Frustrated
EMP1220,2026-05-18,4,Happy
EMP1220,2026-05-20,4,Happy
EMP1220,2026-05-22,4,Happy
EMP1220,2026-05-24,3,Okay
EMP1220,2026-05-26,4,Happy
EMP1220,2026-05-28,4,Happy
EMP1220,2026-05-30,2,Sad
EMP1220,2026-06-01,2,Sad
EMP1220,2026-06-03,4,Happy
EMP1220,2026-06-05,3,Okay
EMP1220,2026-06-07,4,Happy
EMP1220,2026-06-09,3,Okay
EMP1220,2026-06-11,5,Excited
EMP1220,2026-06-13,2,Sad
EMP1220,2026-06-15,3,Okay
EMP1220,2026-06-17,3,Okay
EMP1220,2026-06-19,3,Okay
EMP1220,2026-06-21,3,Okay
EMP1220,2026-06-23,4,Happy
EMP1220,2026-06-25,3,Okay
EMP1220,2026-06-27,4,Happy
EMP1220,2026-06-29,4,Happy
EMP1220,2026-07-01,4,Happy
EMP1220,2026-07-03,5,Excited
EMP1220,2026-07-05,4,Happy
EMP1220,2026-07-07,4,Happy
EMP1220,2026-07-09,5,Excited
EMP1220,2026-07-11,4,Happy
EMP1220,2026-07-13,5,Excited
EMP1220,2026-07-15,3,Okay
EMP1220,2026-07-17,2,Sad
EMP1220,2026-07-19,3,Okay
EMP1220,2026-07-21,4,Happy
EMP1220,2026-07-23,4,Happy
EMP1220,2026-07-25,3,Okay
EMP1220,2026-07-27,4,Happy
EMP1220,2026-07-29,3,Okay
EMP1220,2026-07-31,3,Okay
EMP1220,2026-08-02,4,Happy
EMP1220,2026-08-04,4,Happy
EMP1220,2026-08-06,4,Happy
EMP1220,2026-08-08,5,Excited
EMP1220,2026-08-10,4,Happy
EMP1220,2026-08-12,3,Okay
EMP1220,2026-08-14,4,Happy
EMP1220,2026-08-18,4,Happy
EMP1220,2026-08-20,4,Happy
EMP1220,2026-08-22,2,Sad
EMP1220,2026-08-26,5,Excited
EMP1221,2026-04-28,4,Happy
EMP1221,2026-04-30,4,Happy
EMP1221,2026-05-02,5,Excited
EMP1221,2026-05-04,3,Okay
EMP1221,2026-05-06,4,Happy
EMP1221,2026-05-08,4,Happy
EMP1221,2026-05-10,3,Okay
EMP1221,2026-05-12,3,Okay
EMP1221,2026-05-16,4,Happy
EMP1221,2026-05-18,4,Happy
EMP1221,2026-05-20,4,Happy
EMP1221,2026-05-22,3,Okay
EMP1221,2026-05-24,3,Okay
EMP1221,2026-05-26,5,Excited
EMP1221,2026-05-28,5,Excited
EMP1221,2026-05-30,4,Happy
EMP1221,2026-06-01,3,Okay
EMP1221,2026-06-03,4,Happy
EMP1221,2026-06-05,3,Okay
EMP1221,2026-06-07,3,Okay
EMP1221,2026-06-09,3,Okay
EMP1221,2026-06-11,4,Happy
EMP1221,2026-06-13,4,Happy
EMP1221,2026-06-15,3,Okay
EMP1221,2026-06-17,3,Okay
EMP1221,2026-06-19,3,Okay
EMP1221,2026-06-21,3,Okay
EMP1221,2026-06-23,4,Happy
EMP1221,2026-06-25,3,Okay
EMP1221,2026-06-27,4,Happy
EMP1221,2026-06-29,3,Okay
EMP1221,2026-07-03,3,Okay
EMP1221,2026-07-05,3,Okay
EMP1221,2026-07-09,2,Sad
EMP1221,2026-07-11,4,Happy
EMP1221,2026-07-13,4,Happy
EMP1221,2026-07-15,4,Happy
EMP1221,2026-07-17,4,Happy
EMP1221,2026-07-19,3,Okay
EMP1221,2026-07-21,4,Happy
EMP1221,2026-07-23,4,Happy
EMP1221,2026-07-25,3,Okay
EMP1221,2026-07-27,4,Happy
EMP1221,2026-07-29,4,Happy
EMP1221,2026-07-31,4,Happy
EMP1221,2026-08-02,4,Happy
EMP1221,2026-08-04,4,Happy
EMP1221,2026-08-06,3,Okay
EMP1221,2026-08-08,3,Okay
EMP1221,2026-08-10,2,Sad
EMP1221,2026-08-12,3,Okay
EMP1221,2026-08-14,4,Happy
EMP1221,2026-08-18,3,Okay
EMP1221,2026-08-20,4,Happy
EMP1221,2026-08-22,4,Happy
EMP1221,2026-08-24,4,Happy
EMP1221,2026-08-26,4,Happy
EMP1222,2026-04-28,3,Okay
EMP1222,2026-04-30,2,Sad
EMP1222,2026-05-02,2,Sad
EMP1222,2026-05-04,3,Okay
EMP1222,2026-05-06,2,Sad
EMP1222,2026-05-08,2,Sad
EMP1222,2026-05-10,3,Okay
EMP1222,2026-05-14,2,Sad
EMP1222,2026-05-16,3,Okay
EMP1222,2026-05-18,2,Sad
EMP1222,2026-05-20,3,Okay
EMP1222,2026-05-22,3,Okay
EMP1222,2026-05-24,2,Sad
EMP1222,2026-05-26,3,Okay
EMP1222,2026-05-28,3,Okay
EMP1222,2026-06-03,2,Sad
EMP1222,2026-06-05,3,Okay
EMP1222,2026-06-07,1,Frustrated
EMP1222,2026-06-09,2,Sad
EMP1222,2026-06-11,1,Frustrated
EMP1222,2026-06-13,2,Sad
EMP1222,2026-06-15,1,Frustrated
EMP1222,2026-06-17,2,Sad
EMP1222,2026-06-19,2,Sad
EMP1222,2026-06-21,2,Sad
EMP1222,2026-06-23,2,Sad
EMP1222,2026-06-25,2,Sad
EMP1222,2026-06-29,1,Frustrated
EMP1222,2026-07-01,2,Sad
EMP1222,2026-07-03,2,Sad
EMP1222,2026-07-05,2,Sad
EMP1222,2026-07-09,3,Okay
EMP1222,2026-07-11,2,Sad
EMP1222,2026-07-13,2,Sad
EMP1222,2026-07-15,2,Sad
EMP1222,2026-07-17,2,Sad
EMP1222,2026-07-19,1,Frustrated
EMP1222,2026-07-21,1,Frustrated
EMP1222,2026-07-23,2,Sad
EMP1222,2026-07-25,2,Sad
EMP1222,2026-07-27,3,Okay
EMP1222,2026-07-29,1,Frustrated
EMP1222,2026-07-31,2,Sad
EMP1222,2026-08-02,1,Frustrated
EMP1222,2026-08-04,2,Sad
EMP1222,2026-08-06,1,Frustrated
EMP1222,2026-08-08,2,Sad
EMP1222,2026-08-10,2,Sad
EMP1222,2026-08-12,2,Sad
EMP1222,2026-08-14,2,Sad
EMP1222,2026-08-16,2,Sad
EMP1222,2026-08-18,2,Sad
EMP1222,2026-08-20,2,Sad
EMP1222,2026-08-22,2,Sad
EMP1222,2026-08-24,2,Sad
EMP1223,2026-04-28,4,Happy
EMP1223,2026-04-30,3,Okay
EMP1223,2026-05-02,3,Okay
EMP1223,2026-05-04,2,Sad
EMP1223,2026-05-06,4,Happy
EMP1223,2026-05-08,3,Okay
EMP1223,2026-05-10,4,Happy
EMP1223,2026-05-12,5,Excited
EMP1223,2026-05-14,3,Okay
EMP1223,2026-05-16,4,Happy
EMP1223,2026-05-20,4,Happy
EMP1223,2026-05-22,3,Okay
EMP1223,2026-05-24,4,Happy
EMP1223,2026-05-26,4,Happy
EMP1223,2026-05-28,5,Excited
EMP1223,2026-05-30,5,Excited
EMP1223,2026-06-01,4,Happy
EMP1223,2026-06-03,3,Okay
EMP1223,2026-06-05,5,Excited
EMP1223,2026-06-09,4,Happy
EMP1223,2026-06-13,4,Happy
EMP1223,2026-06-15,4,Happy
EMP1223,2026-06-17,3,Okay
EMP1223,2026-06-19,4,Happy
EMP1223,2026-06-21,5,Excited
EMP1223,2026-06-23,5,Excited
EMP1223,2026-06-25,4,Happy
EMP1223,2026-06-27,4,Happy
EMP1223,2026-06-29,3,Okay
EMP1223,2026-07-01,4,Happy
EMP1223,2026-07-07,3,Okay
EMP1223,2026-07-09,3,Okay
EMP1223,2026-07-11,4,Happy
EMP1223,2026-07-13,4,Happy
EMP1223,2026-07-15,3,Okay
EMP1223,2026-07-17,4,Happy
EMP1223,2026-07-19,4,Happy
EMP1223,2026-07-23,3,Okay
EMP1223,2026-07-25,4,Happy
EMP1223,2026-07-27,4,Happy
EMP1223,2026-07-29,4,Happy
EMP1223,2026-07-31,4,Happy
EMP1223,2026-08-02,3,Okay
EMP1223,2026-08-04,4,Happy
EMP1223,2026-08-06,5,Excited
EMP1223,2026-08-08,4,Happy
EMP1223,2026-08-10,3,Okay
EMP1223,2026-08-12,4,Happy
EMP1223,2026-08-14,3,Okay
EMP1223,2026-08-16,3,Okay
EMP1223,2026-08-18,2,Sad
EMP1223,2026-08-22,3,Okay
EMP1223,2026-08-24,3,Okay
EMP1223,2026-08-26,5,Excited
EMP1224,2026-04-28,3,Okay
EMP1224,2026-04-30,2,Sad
EMP1224,2026-05-02,1,Frustrated
EMP1224,2026-05-04,2,Sad
EMP1224,2026-05-06,1,Frustrated
EMP1224,2026-05-08,1,Frustrated
EMP1224,2026-05-10,2,Sad
EMP1224,2026-05-12,1,Frustrated
EMP1224,2026-05-14,3,Okay
EMP1224,2026-05-16,2,Sad
EMP1224,2026-05-18,2,Sad
EMP1224,2026-05-20,3,Okay
EMP1224,2026-05-22,3,Okay
EMP1224,2026-05-24,2,Sad
EMP1224,2026-05-26,3,Okay
EMP1224,2026-05-28,3,Okay
EMP1224,2026-05-30,2,Sad
EMP1224,2026-06-01,2,Sad
EMP1224,2026-06-03,2,Sad
EMP1224,2026-06-05,1,Frustrated
EMP1224,2026-06-07,3,Okay
EMP1224,2026-06-09,3,Okay
EMP1224,2026-06-11,1,Frustrated
EMP1224,2026-06-13,2,Sad
EMP1224,2026-06-15,1,Frustrated
EMP1224,2026-06-17,3,Okay
EMP1224,2026-06-19,2,Sad
EMP1224,2026-06-21,2,Sad
EMP1224,2026-06-23,3,Okay
EMP1224,2026-06-25,2,Sad
EMP1224,2026-06-29,2,Sad
EMP1224,2026-07-01,2,Sad
EMP1224,2026-07-03,2,Sad
EMP1224,2026-07-05,2,Sad
EMP1224,2026-07-07,2,Sad
EMP1224,2026-07-09,2,Sad
EMP1224,2026-07-11,2,Sad
EMP1224,2026-07-13,1,Frustrated
EMP1224,2026-07-15,3,Okay
EMP1224,2026-07-17,2,Sad
EMP1224,2026-07-19,3,Okay
EMP1224,2026-07-21,1,Frustrated
EMP1224,2026-07-23,1,Frustrated
EMP1224,2026-07-25,1,Frustrated
EMP1224,2026-07-29,1,Frustrated
EMP1224,2026-07-31,2,Sad
EMP1224,2026-08-02,1,Frustrated
EMP1224,2026-08-04,1,Frustrated
EMP1224,2026-08-06,2,Sad
EMP1224,2026-08-08,1,Frustrated
EMP1224,2026-08-10,1,Frustrated
EMP1224,2026-08-12,2,Sad
EMP1224,2026-08-16,3,Okay
EMP1224,2026-08-18,1,Frustrated
EMP1224,2026-08-20,3,Okay
EMP1224,2026-08-22,2,Sad
EMP1224,2026-08-24,2,Sad
EMP1224,2026-08-26,1,Frustrated
EMP1225,2026-04-28,4,Happy
EMP1225,2026-04-30,4,Happy
EMP1225,2026-05-06,3,Okay
EMP1225,2026-05-10,2,Sad
EMP1225,2026-05-12,4,Happy
EMP1225,2026-05-16,4,Happy
EMP1225,2026-05-18,4,Happy
EMP1225,2026-05-20,3,Okay
EMP1225,2026-05-22,4,Happy
EMP1225,2026-05-26,3,Okay
EMP1225,2026-05-28,4,Happy
EMP1225,2026-05-30,4,Happy
EMP1225,2026-06-03,4,Happy
EMP1225,2026-06-05,4,Happy
EMP1225,2026-06-07,3,Okay
EMP1225,2026-06-09,5,Excited
EMP1225,2026-06-11,3,Okay
EMP1225,2026-06-13,5,Excited
EMP1225,2026-06-15,4,Happy
EMP1225,2026-06-17,2,Sad
EMP1225,2026-06-19,4,Happy
EMP1225,2026-06-21,4,Happy
EMP1225,2026-06-23,4,Happy
EMP1225,2026-06-25,3,Okay
EMP1225,2026-06-27,4,Happy
EMP1225,2026-06-29,3,Okay
EMP1225,2026-07-01,3,Okay
EMP1225,2026-07-03,3,Okay
EMP1225,2026-07-05,4,Happy
EMP1225,2026-07-07,5,Excited
EMP1225,2026-07-09,4,Happy
EMP1225,2026-07-11,4,Happy
EMP1225,2026-07-13,3,Okay
EMP1225,2026-07-15,3,Okay
EMP1225,2026-07-17,3,Okay
EMP1225,2026-07-19,5,Excited
EMP1225,2026-07-23,3,Okay
EMP1225,2026-07-25,4,Happy
EMP1225,2026-07-27,4,Happy
EMP1225,2026-07-29,3,Okay
EMP1225,2026-08-02,3,Okay
EMP1225,2026-08-04,5,Excited
EMP1225,2026-08-06,4,Happy
EMP1225,2026-08-08,4,Happy
EMP1225,2026-08-10,4,Happy
EMP1225,2026-08-12,3,Okay
EMP1225,2026-08-14,4,Happy
EMP1225,2026-08-16,3,Okay
EMP1225,2026-08-18,3,Okay
EMP1225,2026-08-20,3,Okay
EMP1225,2026-08-22,4,Happy
EMP1225,2026-08-26,4,Happy
EMP1226,2026-04-28,2,Sad
EMP1226,2026-04-30,4,Happy
EMP1226,2026-05-02,4,Happy
EMP1226,2026-05-04,4,Happy
EMP1226,2026-05-06,3,Okay
EMP1226,2026-05-08,3,Okay
EMP1226,2026-05-10,3,Okay
EMP1226,2026-05-12,4,Happy
EMP1226,2026-05-14,3,Okay
EMP1226,2026-05-16,3,Okay
EMP1226,2026-05-18,3,Okay
EMP1226,2026-05-20,4,Happy
EMP1226,2026-05-22,3,Okay
EMP1226,2026-05-24,3,Okay
EMP1226,2026-05-26,3,Okay
EMP1226,2026-05-28,4,Happy
EMP1226,2026-05-30,5,Excited
EMP1226,2026-06-01,4,Happy
EMP1226,2026-06-03,3,Okay
EMP1226,2026-06-05,5,Excited
EMP1226,2026-06-07,3,Okay
EMP1226,2026-06-09,3,Okay
EMP1226,2026-06-11,4,Happy
EMP1226,2026-06-13,4,Happy
EMP1226,2026-06-15,5,Excited
EMP1226,2026-06-19,4,Happy
EMP1226,2026-06-21,3,Okay
EMP1226,2026-06-23,4,Happy
EMP1226,2026-06-25,4,Happy
EMP1226,2026-06-27,4,Happy
EMP1226,2026-06-29,3,Okay
EMP1226,2026-07-01,3,Okay
EMP1226,2026-07-03,3,Okay
EMP1226,2026-07-05,1,Frustrated
EMP1226,2026-07-07,4,Happy
EMP1226,2026-07-09,4,Happy
EMP1226,2026-07-11,3,Okay
EMP1226,2026-07-13,3,Okay
EMP1226,2026-07-15,4,Happy
EMP1226,2026-07-17,4,Happy
EMP1226,2026-07-19,3,Okay
EMP1226,2026-07-21,4,Happy
EMP1226,2026-07-23,4,Happy
EMP1226,2026-07-25,4,Happy
EMP1226,2026-07-29,4,Happy
EMP1226,2026-07-31,3,Okay
EMP1226,2026-08-02,4,Happy
EMP1226,2026-08-04,5,Excited
EMP1226,2026-08-06,4,Happy
EMP1226,2026-08-08,3,Okay
EMP1226,2026-08-10,3,Okay
EMP1226,2026-08-12,3,Okay
EMP1226,2026-08-14,4,Happy
EMP1226,2026-08-16,3,Okay
EMP1226,2026-08-18,3,Okay
EMP1226,2026-08-22,3,Okay
EMP1226,2026-08-26,3,Okay
EMP1227,2026-04-28,3,Okay
EMP1227,2026-04-30,2,Sad
EMP1227,2026-05-02,2,Sad
EMP1227,2026-05-06,2,Sad
EMP1227,2026-05-08,2,Sad
EMP1227,2026-05-10,3,Okay
EMP1227,2026-05-12,2,Sad
EMP1227,2026-05-14,2,Sad
EMP1227,2026-05-16,3,Okay
EMP1227,2026-05-18,3,Okay
EMP1227,2026-05-20,2,Sad
EMP1227,2026-05-22,2,Sad
EMP1227,2026-05-24,3,Okay
EMP1227,2026-05-28,2,Sad
EMP1227,2026-05-30,2,Sad
EMP1227,2026-06-01,3,Okay
EMP1227,2026-06-03,2,Sad
EMP1227,2026-06-07,2,Sad
EMP1227,2026-06-09,2,Sad
EMP1227,2026-06-11,3,Okay
EMP1227,2026-06-13,3,Okay
EMP1227,2026-06-15,3,Okay
EMP1227,2026-06-17,3,Okay
EMP1227,2026-06-19,1,Frustrated
EMP1227,2026-06-21,3,Okay
EMP1227,2026-06-23,2,Sad
EMP1227,2026-06-25,3,Okay
EMP1227,2026-06-29,3,Okay
EMP1227,2026-07-01,2,Sad
EMP1227,2026-07-03,1,Frustrated
EMP1227,2026-07-05,3,Okay
EMP1227,2026-07-07,2,Sad
EMP1227,2026-07-09,1,Frustrated
EMP1227,2026-07-11,2,Sad
EMP1227,2026-07-13,2,Sad
EMP1227,2026-07-15,2,Sad
EMP1227,2026-07-17,2,Sad
EMP1227,2026-07-19,2,Sad
EMP1227,2026-07-21,2,Sad
EMP1227,2026-07-23,2,Sad
EMP1227,2026-07-25,2,Sad
EMP1227,2026-07-27,2,Sad
EMP1227,2026-07-29,1,Frustrated
EMP1227,2026-07-31,2,Sad
EMP1227,2026-08-02,2,Sad
EMP1227,2026-08-04,2,Sad
EMP1227,2026-08-06,2,Sad
EMP1227,2026-08-08,3,Okay
EMP1227,2026-08-10,2,Sad
EMP1227,2026-08-12,1,Frustrated
EMP1227,2026-08-14,2,Sad
EMP1227,2026-08-16,2,Sad
EMP1227,2026-08-18,2,Sad
EMP1227,2026-08-20,2,Sad
EMP1227,2026-08-22,1,Frustrated
EMP1227,2026-08-24,3,Okay
EMP1227,2026-08-26,2,Sad
EMP1228,2026-04-30,3,Okay
EMP1228,2026-05-04,3,Okay
EMP1228,2026-05-08,2,Sad
EMP1228,2026-05-10,2,Sad
EMP1228,2026-05-12,1,Frustrated
EMP1228,2026-05-14,1,Frustrated
EMP1228,2026-05-16,3,Okay
EMP1228,2026-05-18,2,Sad
EMP1228,2026-05-20,3,Okay
EMP1228,2026-05-22,3,Okay
EMP1228,2026-05-24,1,Frustrated
EMP1228,2026-05-26,2,Sad
EMP1228,2026-05-28,4,Happy
EMP1228,2026-05-30,1,Frustrated
EMP1228,2026-06-01,2,Sad
EMP1228,2026-06-05,2,Sad
EMP1228,2026-06-07,2,Sad
EMP1228,2026-06-09,2,Sad
EMP1228,2026-06-11,2,Sad
EMP1228,2026-06-13,1,Frustrated
EMP1228,2026-06-15,2,Sad
EMP1228,2026-06-19,2,Sad
EMP1228,2026-06-21,2,Sad
EMP1228,2026-06-25,2,Sad
EMP1228,2026-06-27,1,Frustrated
EMP1228,2026-07-01,3,Okay
EMP1228,2026-07-03,1,Frustrated
EMP1228,2026-07-05,2,Sad
EMP1228,2026-07-09,1,Frustrated
EMP1228,2026-07-11,2,Sad
EMP1228,2026-07-13,2,Sad
EMP1228,2026-07-15,1,Frustrated
EMP1228,2026-07-19,2,Sad
EMP1228,2026-07-21,1,Frustrated
EMP1228,2026-07-23,2,Sad
EMP1228,2026-07-25,2,Sad
EMP1228,2026-07-27,1,Frustrated
EMP1228,2026-07-29,1,Frustrated
EMP1228,2026-07-31,2,Sad
EMP1228,2026-08-02,1,Frustrated
EMP1228,2026-08-04,1,Frustrated
EMP1228,2026-08-06,1,Frustrated
EMP1228,2026-08-08,1,Frustrated
EMP1228,2026-08-12,2,Sad
EMP1228,2026-08-14,1,Frustrated
EMP1228,2026-08-16,2,Sad
EMP1228,2026-08-20,1,Frustrated
EMP1228,2026-08-22,1,Frustrated
EMP1228,2026-08-24,2,Sad
EMP1228,2026-08-26,1,Frustrated
EMP1229,2026-04-28,2,Sad
EMP1229,2026-04-30,2,Sad
EMP1229,2026-05-02,2,Sad
EMP1229,2026-05-04,3,Okay
EMP1229,2026-05-06,2,Sad
EMP1229,2026-05-08,3,Okay
EMP1229,2026-05-10,3,Okay
EMP1229,2026-05-12,1,Frustrated
EMP1229,2026-05-14,3,Okay
EMP1229,2026-05-16,2,Sad
EMP1229,2026-05-18,4,Happy
EMP1229,2026-05-20,3,Okay
EMP1229,2026-05-22,2,Sad
EMP1229,2026-05-24,2,Sad
EMP1229,2026-05-26,2,Sad
EMP1229,2026-05-30,3,Okay
EMP1229,2026-06-01,2,Sad
EMP1229,2026-06-03,2,Sad
EMP1229,2026-06-05,2,Sad
EMP1229,2026-06-07,3,Okay
EMP1229,2026-06-09,3,Okay
EMP1229,2026-06-11,2,Sad
EMP1229,2026-06-13,2,Sad
EMP1229,2026-06-15,2,Sad
EMP1229,2026-06-17,3,Okay
EMP1229,2026-06-19,1,Frustrated
EMP1229,2026-06-21,1,Frustrated
EMP1229,2026-06-23,2,Sad
EMP1229,2026-06-25,2,Sad
EMP1229,2026-06-27,3,Okay
EMP1229,2026-06-29,3,Okay
EMP1229,2026-07-01,3,Okay
EMP1229,2026-07-03,2,Sad
EMP1229,2026-07-07,2,Sad
EMP1229,2026-07-09,3,Okay
EMP1229,2026-07-11,2,Sad
EMP1229,2026-07-13,2,Sad
EMP1229,2026-07-15,1,Frustrated
EMP1229,2026-07-17,2,Sad
EMP1229,2026-07-19,2,Sad
EMP1229,2026-07-23,2,Sad
EMP1229,2026-07-25,1,Frustrated
EMP1229,2026-07-27,2,Sad
EMP1229,2026-07-29,2,Sad
EMP1229,2026-07-31,2,Sad
EMP1229,2026-08-02,1,Frustrated
EMP1229,2026-08-04,1,Frustrated
EMP1229,2026-08-06,1,Frustrated
EMP1229,2026-08-08,2,Sad
EMP1229,2026-08-10,2,Sad
EMP1229,2026-08-12,2,Sad
EMP1229,2026-08-14,2,Sad
EMP1229,2026-08-18,2,Sad
EMP1229,2026-08-20,2,Sad
EMP1229,2026-08-22,1,Frustrated
EMP1229,2026-08-24,2,Sad
EMP1229,2026-08-26,1,Frustrated
EMP1230,2026-04-28,2,Sad
EMP1230,2026-04-30,3,Okay
EMP1230,2026-05-02,3,Okay
EMP1230,2026-05-04,3,Okay
EMP1230,2026-05-10,3,Okay
EMP1230,2026-05-12,3,Okay
EMP1230,2026-05-14,2,Sad
EMP1230,2026-05-16,2,Sad
EMP1230,2026-05-18,2,Sad
EMP1230,2026-05-20,3,Okay
EMP1230,2026-05-22,2,Sad
EMP1230,2026-05-24,3,Okay
EMP1230,2026-05-26,2,Sad
EMP1230,2026-05-28,2,Sad
EMP1230,2026-05-30,2,Sad
EMP1230,2026-06-01,3,Okay
EMP1230,2026-06-03,3,Okay
EMP1230,2026-06-07,3,Okay
EMP1230,2026-06-09,2,Sad
EMP1230,2026-06-15,2,Sad
EMP1230,2026-06-17,2,Sad
EMP1230,2026-06-19,3,Okay
EMP1230,2026-06-21,2,Sad
EMP1230,2026-06-23,3,Okay
EMP1230,2026-06-25,3,Okay
EMP1230,2026-06-27,3,Okay
EMP1230,2026-06-29,3,Okay
EMP1230,2026-07-01,2,Sad
EMP1230,2026-07-03,2,Sad
EMP1230,2026-07-05,3,Okay
EMP1230,2026-07-07,3,Okay
EMP1230,2026-07-09,3,Okay
EMP1230,2026-07-11,3,Okay
EMP1230,2026-07-13,2,Sad
EMP1230,2026-07-15,1,Frustrated
EMP1230,2026-07-17,3,Okay
EMP1230,2026-07-19,2,Sad
EMP1230,2026-07-21,3,Okay
EMP1230,2026-07-23,4,Happy
EMP1230,2026-07-25,3,Okay
EMP1230,2026-07-27,3,Okay
EMP1230,2026-07-29,2,Sad
EMP1230,2026-07-31,3,Okay
EMP1230,2026-08-02,3,Okay
EMP1230,2026-08-04,3,Okay
EMP1230,2026-08-06,3,Okay
EMP1230,2026-08-08,2,Sad
EMP1230,2026-08-10,3,Okay
EMP1230,2026-08-12,3,Okay
EMP1230,2026-08-14,4,Happy
EMP1230,2026-08-16,2,Sad
EMP1230,2026-08-18,3,Okay
EMP1230,2026-08-20,4,Happy
EMP1230,2026-08-22,2,Sad
EMP1230,2026-08-24,2,Sad
EMP1230,2026-08-26,4,Happy
EMP1231,2026-04-28,4,Happy
EMP1231,2026-04-30,3,Okay
EMP1231,2026-05-02,2,Sad
EMP1231,2026-05-04,2,Sad
EMP1231,2026-05-06,2,Sad
EMP1231,2026-05-08,2,Sad
EMP1231,2026-05-10,2,Sad
EMP1231,2026-05-12,3,Okay
EMP1231,2026-05-14,2,Sad
EMP1231,2026-05-16,3,Okay
EMP1231,2026-05-18,2,Sad
EMP1231,2026-05-20,1,Frustrated
EMP1231,2026-05-22,3,Okay
EMP1231,2026-05-24,3,Okay
EMP1231,2026-05-26,2,Sad
EMP1231,2026-05-28,2,Sad
EMP1231,2026-06-01,2,Sad
EMP1231,2026-06-03,2,Sad
EMP1231,2026-06-05,3,Okay
EMP1231,2026-06-07,3,Okay
EMP1231,2026-06-09,2,Sad
EMP1231,2026-06-11,2,Sad
EMP1231,2026-06-13,2,Sad
EMP1231,2026-06-17,3,Okay
EMP1231,2026-06-21,3,Okay
EMP1231,2026-06-23,2,Sad
EMP1231,2026-06-25,2,Sad
EMP1231,2026-06-27,3,Okay
EMP1231,2026-06-29,2,Sad
EMP1231,2026-07-01,3,Okay
EMP1231,2026-07-03,2,Sad
EMP1231,2026-07-05,2,Sad
EMP1231,2026-07-07,3,Okay
EMP1231,2026-07-09,2,Sad
EMP1231,2026-07-11,3,Okay
EMP1231,2026-07-13,2,Sad
EMP1231,2026-07-15,3,Okay
EMP1231,2026-07-17,4,Happy
EMP1231,2026-07-19,3,Okay
EMP1231,2026-07-21,3,Okay
EMP1231,2026-07-23,2,Sad
EMP1231,2026-07-25,2,Sad
EMP1231,2026-07-27,1,Frustrated
EMP1231,2026-07-29,2,Sad
EMP1231,2026-08-04,1,Frustrated
EMP1231,2026-08-06,2,Sad
EMP1231,2026-08-08,2,Sad
EMP1231,2026-08-10,3,Okay
EMP1231,2026-08-12,1,Frustrated
EMP1231,2026-08-14,2,Sad
EMP1231,2026-08-16,4,Happy
EMP1231,2026-08-18,3,Okay
EMP1231,2026-08-20,3,Okay
EMP1231,2026-08-22,1,Frustrated
EMP1231,2026-08-26,3,Okay
EMP1232,2026-04-30,3,Okay
EMP1232,2026-05-02,3,Okay
EMP1232,2026-05-04,3,Okay
EMP1232,2026-05-06,3,Okay
EMP1232,2026-05-08,2,Sad
EMP1232,2026-05-10,4,Happy
EMP1232,2026-05-12,2,Sad
EMP1232,2026-05-16,3,Okay
EMP1232,2026-05-18,3,Okay
EMP1232,2026-05-20,3,Okay
EMP1232,2026-05-22,2,Sad
EMP1232,2026-05-24,3,Okay
EMP1232,2026-05-26,3,Okay
EMP1232,2026-05-28,2,Sad
EMP1232,2026-05-30,2,Sad
EMP1232,2026-06-01,2,Sad
EMP1232,2026-06-03,2,Sad
EMP1232,2026-06-05,2,Sad
EMP1232,2026-06-07,2,Sad
EMP1232,2026-06-09,3,Okay
EMP1232,2026-06-11,3,Okay
EMP1232,2026-06-13,3,Okay
EMP1232,2026-06-15,3,Okay
EMP1232,2026-06-19,2,Sad
EMP1232,2026-06-21,3,Okay
EMP1232,2026-06-23,2,Sad
EMP1232,2026-06-25,4,Happy
EMP1232,2026-06-29,4,Happy
EMP1232,2026-07-01,2,Sad
EMP1232,2026-07-03,2,Sad
EMP1232,2026-07-05,2,Sad
EMP1232,2026-07-07,2,Sad
EMP1232,2026-07-09,3,Okay
EMP1232,2026-07-13,2,Sad
EMP1232,2026-07-15,3,Okay
EMP1232,2026-07-17,3,Okay
EMP1232,2026-07-19,2,Sad
EMP1232,2026-07-21,3,Okay
EMP1232,2026-07-23,2,Sad
EMP1232,2026-07-27,2,Sad
EMP1232,2026-07-29,3,Okay
EMP1232,2026-08-02,3,Okay
EMP1232,2026-08-04,3,Okay
EMP1232,2026-08-06,2,Sad
EMP1232,2026-08-08,2,Sad
EMP1232,2026-08-12,2,Sad
EMP1232,2026-08-14,2,Sad
EMP1232,2026-08-16,2,Sad
EMP1232,2026-08-20,3,Okay
EMP1232,2026-08-22,2,Sad
EMP1232,2026-08-26,2,Sad
EMP1233,2026-04-28,4,Happy
EMP1233,2026-04-30,4,Happy
EMP1233,2026-05-02,2,Sad
EMP1233,2026-05-04,3,Okay
EMP1233,2026-05-06,2,Sad
EMP1233,2026-05-08,4,Happy
EMP1233,2026-05-10,4,Happy
EMP1233,2026-05-12,3,Okay
EMP1233,2026-05-16,3,Okay
EMP1233,2026-05-18,3,Okay
EMP1233,2026-05-20,5,Excited
EMP1233,2026-05-22,4,Happy
EMP1233,2026-05-24,4,Happy
EMP1233,2026-05-26,3,Okay
EMP1233,2026-05-28,4,Happy
EMP1233,2026-05-30,3,Okay
EMP1233,2026-06-03,3,Okay
EMP1233,2026-06-05,4,Happy
EMP1233,2026-06-07,3,Okay
EMP1233,2026-06-09,3,Okay
EMP1233,2026-06-11,5,Excited
EMP1233,2026-06-13,4,Happy
EMP1233,2026-06-15,3,Okay
EMP1233,2026-06-21,3,Okay
EMP1233,2026-06-23,3,Okay
EMP1233,2026-06-25,3,Okay
EMP1233,2026-06-29,4,Happy
EMP1233,2026-07-01,4,Happy
EMP1233,2026-07-03,2,Sad
EMP1233,2026-07-05,4,Happy
EMP1233,2026-07-07,3,Okay
EMP1233,2026-07-09,3,Okay
EMP1233,2026-07-11,3,Okay
EMP1233,2026-07-13,3,Okay
EMP1233,2026-07-15,4,Happy
EMP1233,2026-07-17,4,Happy
EMP1233,2026-07-19,3,Okay
EMP1233,2026-07-21,3,Okay
EMP1233,2026-07-23,5,Excited
EMP1233,2026-07-25,5,Excited
EMP1233,2026-07-29,3,Okay
EMP1233,2026-08-02,5,Excited
EMP1233,2026-08-04,3,Okay
EMP1233,2026-08-06,5,Excited
EMP1233,2026-08-08,3,Okay
EMP1233,2026-08-10,4,Happy
EMP1233,2026-08-12,3,Okay
EMP1233,2026-08-14,4,Happy
EMP1233,2026-08-16,3,Okay
EMP1233,2026-08-18,4,Happy
EMP1233,2026-08-20,4,Happy
EMP1233,2026-08-22,3,Okay
EMP1233,2026-08-24,3,Okay
EMP1233,2026-08-26,4,Happy
EMP1234,2026-04-28,3,Okay
EMP1234,2026-04-30,5,Excited
EMP1234,2026-05-02,3,Okay
EMP1234,2026-05-04,5,Excited
EMP1234,2026-05-06,3,Okay
EMP1234,2026-05-08,4,Happy
EMP1234,2026-05-12,4,Happy
EMP1234,2026-05-14,3,Okay
EMP1234,2026-05-16,3,Okay
EMP1234,2026-05-18,4,Happy
EMP1234,2026-05-20,4,Happy
EMP1234,2026-05-22,4,Happy
EMP1234,2026-05-24,4,Happy
EMP1234,2026-05-26,5,Excited
EMP1234,2026-05-28,3,Okay
EMP1234,2026-05-30,4,Happy
EMP1234,2026-06-01,2,Sad
EMP1234,2026-06-03,4,Happy
EMP1234,2026-06-05,3,Okay
EMP1234,2026-06-07,2,Sad
EMP1234,2026-06-09,4,Happy
EMP1234,2026-06-13,4,Happy
EMP1234,2026-06-15,3,Okay
EMP1234,2026-06-17,3,Okay
EMP1234,2026-06-19,4,Happy
EMP1234,2026-06-23,4,Happy
EMP1234,2026-06-25,3,Okay
EMP1234,2026-06-27,3,Okay
EMP1234,2026-06-29,3,Okay
EMP1234,2026-07-01,4,Happy
EMP1234,2026-07-03,3,Okay
EMP1234,2026-07-05,3,Okay
EMP1234,2026-07-07,4,Happy
EMP1234,2026-07-09,4,Happy
EMP1234,2026-07-11,4,Happy
EMP1234,2026-07-13,4,Happy
EMP1234,2026-07-15,3,Okay
EMP1234,2026-07-19,2,Sad
EMP1234,2026-07-21,3,Okay
EMP1234,2026-07-23,3,Okay
EMP1234,2026-07-25,4,Happy
EMP1234,2026-07-27,4,Happy
EMP1234,2026-07-29,3,Okay
EMP1234,2026-07-31,3,Okay
EMP1234,2026-08-02,4,Happy
EMP1234,2026-08-06,4,Happy
EMP1234,2026-08-08,4,Happy
EMP1234,2026-08-12,4,Happy
EMP1234,2026-08-16,3,Okay
EMP1234,2026-08-18,3,Okay
EMP1234,2026-08-20,3,Okay
EMP1234,2026-08-22,5,Excited
EMP1234,2026-08-24,5,Excited
EMP1234,2026-08-26,4,Happy
EMP1235,2026-04-28,5,Excited
EMP1235,2026-04-30,3,Okay
EMP1235,2026-05-02,5,Excited
EMP1235,2026-05-04,5,Excited
EMP1235,2026-05-06,5,Excited
EMP1235,2026-05-08,3,Okay
EMP1235,2026-05-10,4,Happy
EMP1235,2026-05-12,4,Happy
EMP1235,2026-05-14,4,Happy
EMP1235,2026-05-16,3,Okay
EMP1235,2026-05-18,4,Happy
EMP1235,2026-05-20,3,Okay
EMP1235,2026-05-22,4,Happy
EMP1235,2026-05-24,4,Happy
EMP1235,2026-05-26,4,Happy
EMP1235,2026-05-28,4,Happy
EMP1235,2026-05-30,4,Happy
EMP1235,2026-06-01,4,Happy
EMP1235,2026-06-03,3,Okay
EMP1235,2026-06-05,4,Happy
EMP1235,2026-06-07,4,Happy
EMP1235,2026-06-09,4,Happy
EMP1235,2026-06-11,4,Happy
EMP1235,2026-06-13,4,Happy
EMP1235,2026-06-17,3,Okay
EMP1235,2026-06-19,2,Sad
EMP1235,2026-06-21,4,Happy
EMP1235,2026-06-25,3,Okay
EMP1235,2026-06-27,5,Excited
EMP1235,2026-06-29,3,Okay
EMP1235,2026-07-03,4,Happy
EMP1235,2026-07-05,4,Happy
EMP1235,2026-07-07,4,Happy
EMP1235,2026-07-09,4,Happy
EMP1235,2026-07-11,4,Happy
EMP1235,2026-07-13,3,Okay
EMP1235,2026-07-15,3,Okay
EMP1235,2026-07-17,4,Happy
EMP1235,2026-07-19,5,Excited
EMP1235,2026-07-21,4,Happy
EMP1235,2026-07-23,4,Happy
EMP1235,2026-07-25,4,Happy
EMP1235,2026-07-27,4,Happy
EMP1235,2026-07-29,5,Excited
EMP1235,2026-07-31,3,Okay
EMP1235,2026-08-02,4,Happy
EMP1235,2026-08-06,3,Okay
EMP1235,2026-08-08,3,Okay
EMP1235,2026-08-10,4,Happy
EMP1235,2026-08-12,4,Happy
EMP1235,2026-08-14,3,Okay
EMP1235,2026-08-16,4,Happy
EMP1235,2026-08-18,4,Happy
EMP1235,2026-08-20,4,Happy
EMP1235,2026-08-22,5,Excited
EMP1235,2026-08-24,3,Okay
EMP1235,2026-08-26,3,Okay
EMP1236,2026-04-28,4,Happy
EMP1236,2026-04-30,3,Okay
EMP1236,2026-05-02,3,Okay
EMP1236,2026-05-04,4,Happy
EMP1236,2026-05-06,5,Excited
EMP1236,2026-05-08,4,Happy
EMP1236,2026-05-10,4,Happy
EMP1236,2026-05-12,3,Okay
EMP1236,2026-05-14,3,Okay
EMP1236,2026-05-16,4,Happy
EMP1236,2026-05-18,4,Happy
EMP1236,2026-05-20,3,Okay
EMP1236,2026-05-22,3,Okay
EMP1236,2026-05-24,5,Excited
EMP1236,2026-05-26,4,Happy
EMP1236,2026-05-30,4,Happy
EMP1236,2026-06-01,4,Happy
EMP1236,2026-06-03,4,Happy
EMP1236,2026-06-05,4,Happy
EMP1236,2026-06-07,3,Okay
EMP1236,2026-06-09,2,Sad
EMP1236,2026-06-11,2,Sad
EMP1236,2026-06-13,2,Sad
EMP1236,2026-06-15,4,Happy
EMP1236,2026-06-17,4,Happy
EMP1236,2026-06-19,3,Okay
EMP1236,2026-06-23,4,Happy
EMP1236,2026-06-27,3,Okay
EMP1236,2026-06-29,5,Excited
EMP1236,2026-07-01,5,Excited
EMP1236,2026-07-03,3,Okay
EMP1236,2026-07-05,5,Excited
EMP1236,2026-07-07,4,Happy
EMP1236,2026-07-09,3,Okay
EMP1236,2026-07-11,3,Okay
EMP1236,2026-07-13,2,Sad
EMP1236,2026-07-15,3,Okay
EMP1236,2026-07-17,2,Sad
EMP1236,2026-07-19,4,Happy
EMP1236,2026-07-23,3,Okay
EMP1236,2026-07-25,4,Happy
EMP1236,2026-07-27,2,Sad
EMP1236,2026-07-29,4,Happy
EMP1236,2026-07-31,4,Happy
EMP1236,2026-08-02,4,Happy
EMP1236,2026-08-04,3,Okay
EMP1236,2026-08-06,4,Happy
EMP1236,2026-08-08,3,Okay
EMP1236,2026-08-10,4,Happy
EMP1236,2026-08-14,5,Excited
EMP1236,2026-08-18,3,Okay
EMP1236,2026-08-20,3,Okay
EMP1236,2026-08-22,4,Happy
EMP1236,2026-08-24,4,Happy
EMP1236,2026-08-26,2,Sad
EMP1237,2026-04-28,3,Okay
EMP1237,2026-04-30,5,Excited
EMP1237,2026-05-02,3,Okay
EMP1237,2026-05-04,3,Okay
EMP1237,2026-05-06,3,Okay
EMP1237,2026-05-08,4,Happy
EMP1237,2026-05-14,3,Okay
EMP1237,2026-05-16,4,Happy
EMP1237,2026-05-18,4,Happy
EMP1237,2026-05-20,3,Okay
EMP1237,2026-05-22,4,Happy
EMP1237,2026-05-26,3,Okay
EMP1237,2026-05-28,3,Okay
EMP1237,2026-05-30,3,Okay
EMP1237,2026-06-01,3,Okay
EMP1237,2026-06-03,1,Frustrated
EMP1237,2026-06-05,3,Okay
EMP1237,2026-06-07,4,Happy
EMP1237,2026-06-13,2,Sad
EMP1237,2026-06-15,4,Happy
EMP1237,2026-06-17,5,Excited
EMP1237,2026-06-19,5,Excited
EMP1237,2026-06-21,3,Okay
EMP1237,2026-06-23,3,Okay
EMP1237,2026-06-25,4,Happy
EMP1237,2026-06-27,3,Okay
EMP1237,2026-06-29,3,Okay
EMP1237,2026-07-01,2,Sad
EMP1237,2026-07-03,4,Happy
EMP1237,2026-07-07,5,Excited
EMP1237,2026-07-09,4,Happy
EMP1237,2026-07-11,3,Okay
EMP1237,2026-07-13,4,Happy
EMP1237,2026-07-15,3,Okay
EMP1237,2026-07-17,4,Happy
EMP1237,2026-07-21,4,Happy
EMP1237,2026-07-23,4,Happy
EMP1237,2026-07-25,2,Sad
EMP1237,2026-07-27,4,Happy
EMP1237,2026-07-29,4,Happy
EMP1237,2026-07-31,3,Okay
EMP1237,2026-08-04,3,Okay
EMP1237,2026-08-06,5,Excited
EMP1237,2026-08-08,4,Happy
EMP1237,2026-08-10,4,Happy
EMP1237,2026-08-12,4,Happy
EMP1237,2026-08-14,4,Happy
EMP1237,2026-08-16,3,Okay
EMP1237,2026-08-18,3,Okay
EMP1237,2026-08-20,2,Sad
EMP1237,2026-08-22,4,Happy
EMP1237,2026-08-24,3,Okay
EMP1237,2026-08-26,4,Happy
EMP1238,2026-04-28,4,Happy
EMP1238,2026-05-02,4,Happy
EMP1238,2026-05-04,4,Happy
EMP1238,2026-05-06,4,Happy
EMP1238,2026-05-08,4,Happy
EMP1238,2026-05-10,4,Happy
EMP1238,2026-05-12,4,Happy
EMP1238,2026-05-14,4,Happy
EMP1238,2026-05-16,3,Okay
EMP1238,2026-05-18,3,Okay
EMP1238,2026-05-22,4,Happy
EMP1238,2026-05-24,3,Okay
EMP1238,2026-05-26,5,Excited
EMP1238,2026-05-28,1,Frustrated
EMP1238,2026-05-30,3,Okay
EMP1238,2026-06-01,3,Okay
EMP1238,2026-06-03,4,Happy
EMP1238,2026-06-05,5,Excited
EMP1238,2026-06-09,3,Okay
EMP1238,2026-06-11,4,Happy
EMP1238,2026-06-15,2,Sad
EMP1238,2026-06-17,4,Happy
EMP1238,2026-06-23,3,Okay
EMP1238,2026-06-25,4,Happy
EMP1238,2026-06-27,4,Happy
EMP1238,2026-06-29,3,Okay
EMP1238,2026-07-01,3,Okay
EMP1238,2026-07-03,4,Happy
EMP1238,2026-07-05,3,Okay
EMP1238,2026-07-07,4,Happy
EMP1238,2026-07-09,3,Okay
EMP1238,2026-07-11,4,Happy
EMP1238,2026-07-13,4,Happy
EMP1238,2026-07-15,4,Happy
EMP1238,2026-07-17,4,Happy
EMP1238,2026-07-19,3,Okay
EMP1238,2026-07-23,4,Happy
EMP1238,2026-07-25,3,Okay
EMP1238,2026-07-27,3,Okay
EMP1238,2026-07-29,2,Sad
EMP1238,2026-08-02,3,Okay
EMP1238,2026-08-04,2,Sad
EMP1238,2026-08-06,4,Happy
EMP1238,2026-08-08,3,Okay
EMP1238,2026-08-10,4,Happy
EMP1238,2026-08-12,3,Okay
EMP1238,2026-08-14,4,Happy
EMP1238,2026-08-16,4,Happy
EMP1238,2026-08-18,3,Okay
EMP1238,2026-08-20,4,Happy
EMP1238,2026-08-22,4,Happy
EMP1238,2026-08-24,2,Sad
EMP1238,2026-08-26,4,Happy
EMP1239,2026-04-30,3,Okay
EMP1239,2026-05-04,4,Happy
EMP1239,2026-05-08,3,Okay
EMP1239,2026-05-10,4,Happy
EMP1239,2026-05-12,3,Okay
EMP1239,2026-05-14,3,Okay
EMP1239,2026-05-16,2,Sad
EMP1239,2026-05-18,4,Happy
EMP1239,2026-05-20,4,Happy
EMP1239,2026-05-22,3,Okay
EMP1239,2026-05-24,4,Happy
EMP1239,2026-05-26,5,Excited
EMP1239,2026-05-30,5,Excited
EMP1239,2026-06-01,4,Happy
EMP1239,2026-06-03,4,Happy
EMP1239,2026-06-05,2,Sad
EMP1239,2026-06-09,2,Sad
EMP1239,2026-06-11,5,Excited
EMP1239,2026-06-15,4,Happy
EMP1239,2026-06-19,3,Okay
EMP1239,2026-06-21,2,Sad
EMP1239,2026-06-23,5,Excited
EMP1239,2026-06-25,4,Happy
EMP1239,2026-06-27,4,Happy
EMP1239,2026-06-29,3,Okay
EMP1239,2026-07-01,4,Happy
EMP1239,2026-07-03,4,Happy
EMP1239,2026-07-05,4,Happy
EMP1239,2026-07-07,4,Happy
EMP1239,2026-07-09,3,Okay
EMP1239,2026-07-11,4,Happy
EMP1239,2026-07-13,4,Happy
EMP1239,2026-07-15,4,Happy
EMP1239,2026-07-17,4,Happy
EMP1239,2026-07-19,4,Happy
EMP1239,2026-07-21,3,Okay
EMP1239,2026-07-23,4,Happy
EMP1239,2026-07-25,3,Okay
EMP1239,2026-07-27,3,Okay
EMP1239,2026-07-29,4,Happy
EMP1239,2026-07-31,2,Sad
EMP1239,2026-08-02,3,Okay
EMP1239,2026-08-04,4,Happy
EMP1239,2026-08-06,4,Happy
EMP1239,2026-08-08,3,Okay
EMP1239,2026-08-10,4,Happy
EMP1239,2026-08-12,4,Happy
EMP1239,2026-08-14,4,Happy
EMP1239,2026-08-16,3,Okay
EMP1239,2026-08-18,4,Happy
EMP1239,2026-08-20,4,Happy
EMP1239,2026-08-22,4,Happy
EMP1239,2026-08-24,4,Happy
EMP1239,2026-08-26,4,Happy
EMP1240,2026-04-28,2,Sad
EMP1240,2026-05-02,4,Happy
EMP1240,2026-05-04,2,Sad
EMP1240,2026-05-06,2,Sad
EMP1240,2026-05-08,2,Sad
EMP1240,2026-05-10,2,Sad
EMP1240,2026-05-12,1,Frustrated
EMP1240,2026-05-14,2,Sad
EMP1240,2026-05-16,3,Okay
EMP1240,2026-05-18,2,Sad
EMP1240,2026-05-20,1,Frustrated
EMP1240,2026-05-22,1,Frustrated
EMP1240,2026-05-24,2,Sad
EMP1240,2026-05-26,1,Frustrated
EMP1240,2026-05-30,2,Sad
EMP1240,2026-06-01,1,Frustrated
EMP1240,2026-06-03,3,Okay
EMP1240,2026-06-05,3,Okay
EMP1240,2026-06-09,1,Frustrated
EMP1240,2026-06-11,2,Sad
EMP1240,2026-06-13,1,Frustrated
EMP1240,2026-06-15,1,Frustrated
EMP1240,2026-06-17,2,Sad
EMP1240,2026-06-19,3,Okay
EMP1240,2026-06-21,3,Okay
EMP1240,2026-06-23,2,Sad
EMP1240,2026-06-25,2,Sad
EMP1240,2026-06-29,2,Sad
EMP1240,2026-07-01,1,Frustrated
EMP1240,2026-07-03,1,Frustrated
EMP1240,2026-07-05,1,Frustrated
EMP1240,2026-07-07,2,Sad
EMP1240,2026-07-09,2,Sad
EMP1240,2026-07-11,1,Frustrated
EMP1240,2026-07-13,1,Frustrated
EMP1240,2026-07-15,1,Frustrated
EMP1240,2026-07-17,2,Sad
EMP1240,2026-07-21,2,Sad
EMP1240,2026-07-23,1,Frustrated
EMP1240,2026-07-25,2,Sad
EMP1240,2026-07-27,2,Sad
EMP1240,2026-07-29,1,Frustrated
EMP1240,2026-07-31,1,Frustrated
EMP1240,2026-08-02,3,Okay
EMP1240,2026-08-04,1,Frustrated
EMP1240,2026-08-08,2,Sad
EMP1240,2026-08-10,1,Frustrated
EMP1240,2026-08-12,2,Sad
EMP1240,2026-08-14,2,Sad
EMP1240,2026-08-16,2,Sad
EMP1240,2026-08-18,2,Sad
EMP1240,2026-08-20,1,Frustrated
EMP1240,2026-08-22,2,Sad
EMP1240,2026-08-24,1,Frustrated
EMP1240,2026-08-26,1,Frustrated
EMP1241,2026-04-28,2,Sad
EMP1241,2026-04-30,3,Okay
EMP1241,2026-05-02,2,Sad
EMP1241,2026-05-04,3,Okay
EMP1241,2026-05-06,2,Sad
EMP1241,2026-05-08,3,Okay
EMP1241,2026-05-10,2,Sad
EMP1241,2026-05-12,2,Sad
EMP1241,2026-05-16,2,Sad
EMP1241,2026-05-18,2,Sad
EMP1241,2026-05-20,3,Okay
EMP1241,2026-05-22,2,Sad
EMP1241,2026-05-24,2,Sad
EMP1241,2026-05-26,2,Sad
EMP1241,2026-05-28,2,Sad
EMP1241,2026-05-30,2,Sad
EMP1241,2026-06-01,3,Okay
EMP1241,2026-06-05,3,Okay
EMP1241,2026-06-07,1,Frustrated
EMP1241,2026-06-09,3,Okay
EMP1241,2026-06-11,1,Frustrated
EMP1241,2026-06-13,3,Okay
EMP1241,2026-06-15,1,Frustrated
EMP1241,2026-06-17,3,Okay
EMP1241,2026-06-19,1,Frustrated
EMP1241,2026-06-21,1,Frustrated
EMP1241,2026-06-23,2,Sad
EMP1241,2026-06-25,2,Sad
EMP1241,2026-06-27,1,Frustrated
EMP1241,2026-06-29,3,Okay
EMP1241,2026-07-01,1,Frustrated
EMP1241,2026-07-03,3,Okay
EMP1241,2026-07-05,1,Frustrated
EMP1241,2026-07-07,1,Frustrated
EMP1241,2026-07-09,2,Sad
EMP1241,2026-07-11,1,Frustrated
EMP1241,2026-07-13,2,Sad
EMP1241,2026-07-15,1,Frustrated
EMP1241,2026-07-17,2,Sad
EMP1241,2026-07-19,1,Frustrated
EMP1241,2026-07-23,2,Sad
EMP1241,2026-07-25,1,Frustrated
EMP1241,2026-07-27,1,Frustrated
EMP1241,2026-07-29,2,Sad
EMP1241,2026-07-31,2,Sad
EMP1241,2026-08-02,2,Sad
EMP1241,2026-08-06,1,Frustrated
EMP1241,2026-08-08,2,Sad
EMP1241,2026-08-10,1,Frustrated
EMP1241,2026-08-12,2,Sad
EMP1241,2026-08-14,2,Sad
EMP1241,2026-08-16,1,Frustrated
EMP1241,2026-08-20,1,Frustrated
EMP1241,2026-08-24,2,Sad
EMP1241,2026-08-26,1,Frustrated
EMP1242,2026-04-28,4,Happy
EMP1242,2026-04-30,5,Excited
EMP1242,2026-05-02,5,Excited
EMP1242,2026-05-04,5,Excited
EMP1242,2026-05-06,4,Happy
EMP1242,2026-05-08,5,Excited
EMP1242,2026-05-10,5,Excited
EMP1242,2026-05-12,4,Happy
EMP1242,2026-05-14,5,Excited
EMP1242,2026-05-16,4,Happy
EMP1242,2026-05-18,5,Excited
EMP1242,2026-05-20,5,Excited
EMP1242,2026-05-22,4,Happy
EMP1242,2026-05-24,4,Happy
EMP1242,2026-05-26,4,Happy
EMP1242,2026-05-28,5,Excited
EMP1242,2026-05-30,4,Happy
EMP1242,2026-06-01,5,Excited
EMP1242,2026-06-03,4,Happy
EMP1242,2026-06-05,4,Happy
EMP1242,2026-06-07,5,Excited
EMP1242,2026-06-09,5,Excited
EMP1242,2026-06-11,5,Excited
EMP1242,2026-06-13,5,Excited
EMP1242,2026-06-15,5,Excited
EMP1242,2026-06-17,5,Excited
EMP1242,2026-06-19,4,Happy
EMP1242,2026-06-21,4,Happy
EMP1242,2026-06-23,4,Happy
EMP1242,2026-06-27,4,Happy
EMP1242,2026-06-29,4,Happy
EMP1242,2026-07-01,5,Excited
EMP1242,2026-07-03,5,Excited
EMP1242,2026-07-05,4,Happy
EMP1242,2026-07-07,5,Excited
EMP1242,2026-07-09,4,Happy
EMP1242,2026-07-11,4,Happy
EMP1242,2026-07-13,5,Excited
EMP1242,2026-07-15,5,Excited
EMP1242,2026-07-19,5,Excited
EMP1242,2026-07-21,5,Excited
EMP1242,2026-07-23,5,Excited
EMP1242,2026-07-25,4,Happy
EMP1242,2026-07-27,4,Happy
EMP1242,2026-07-29,5,Excited
EMP1242,2026-07-31,4,Happy
EMP1242,2026-08-02,5,Excited
EMP1242,2026-08-04,4,Happy
EMP1242,2026-08-08,5,Excited
EMP1242,2026-08-10,5,Excited
EMP1242,2026-08-12,5,Excited
EMP1242,2026-08-14,4,Happy
EMP1242,2026-08-16,5,Excited
EMP1242,2026-08-18,4,Happy
EMP1242,2026-08-20,4,Happy
EMP1242,2026-08-22,4,Happy
EMP1242,2026-08-24,4,Happy
EMP1242,2026-08-26,4,Happy
EMP1243,2026-04-28,5,Excited
EMP1243,2026-04-30,2,Sad
EMP1243,2026-05-02,3,Okay
EMP1243,2026-05-04,3,Okay
EMP1243,2026-05-06,3,Okay
EMP1243,2026-05-10,4,Happy
EMP1243,2026-05-12,4,Happy
EMP1243,2026-05-14,4,Happy
EMP1243,2026-05-16,5,Excited
EMP1243,2026-05-18,3,Okay
EMP1243,2026-05-20,3,Okay
EMP1243,2026-05-22,4,Happy
EMP1243,2026-05-24,4,Happy
EMP1243,2026-05-26,3,Okay
EMP1243,2026-05-28,3,Okay
EMP1243,2026-05-30,3,Okay
EMP1243,2026-06-01,3,Okay
EMP1243,2026-06-03,3,Okay
EMP1243,2026-06-05,3,Okay
EMP1243,2026-06-07,3,Okay
EMP1243,2026-06-09,5,Excited
EMP1243,2026-06-11,4,Happy
EMP1243,2026-06-13,5,Excited
EMP1243,2026-06-15,3,Okay
EMP1243,2026-06-21,4,Happy
EMP1243,2026-06-23,3,Okay
EMP1243,2026-06-25,3,Okay
EMP1243,2026-06-27,2,Sad
EMP1243,2026-06-29,3,Okay
EMP1243,2026-07-03,2,Sad
EMP1243,2026-07-05,3,Okay
EMP1243,2026-07-09,4,Happy
EMP1243,2026-07-11,4,Happy
EMP1243,2026-07-15,5,Excited
EMP1243,2026-07-17,5,Excited
EMP1243,2026-07-19,3,Okay
EMP1243,2026-07-21,3,Okay
EMP1243,2026-07-27,3,Okay
EMP1243,2026-07-29,3,Okay
EMP1243,2026-07-31,4,Happy
EMP1243,2026-08-02,3,Okay
EMP1243,2026-08-06,3,Okay
EMP1243,2026-08-08,3,Okay
EMP1243,2026-08-10,5,Excited
EMP1243,2026-08-12,4,Happy
EMP1243,2026-08-14,5,Excited
EMP1243,2026-08-16,4,Happy
EMP1243,2026-08-18,4,Happy
EMP1243,2026-08-20,4,Happy
EMP1243,2026-08-22,4,Happy
EMP1243,2026-08-24,2,Sad
EMP1244,2026-04-28,2,Sad
EMP1244,2026-04-30,2,Sad
EMP1244,2026-05-02,2,Sad
EMP1244,2026-05-04,3,Okay
EMP1244,2026-05-06,3,Okay
EMP1244,2026-05-08,2,Sad
EMP1244,2026-05-10,3,Okay
EMP1244,2026-05-12,2,Sad
EMP1244,2026-05-14,2,Sad
EMP1244,2026-05-18,2,Sad
EMP1244,2026-05-20,2,Sad
EMP1244,2026-05-22,3,Okay
EMP1244,2026-05-24,2,Sad
EMP1244,2026-05-26,2,Sad
EMP1244,2026-05-28,3,Okay
EMP1244,2026-06-01,3,Okay
EMP1244,2026-06-03,2,Sad
EMP1244,2026-06-05,1,Frustrated
EMP1244,2026-06-07,2,Sad
EMP1244,2026-06-09,1,Frustrated
EMP1244,2026-06-11,3,Okay
EMP1244,2026-06-13,2,Sad
EMP1244,2026-06-15,2,Sad
EMP1244,2026-06-17,2,Sad
EMP1244,2026-06-19,2,Sad
EMP1244,2026-06-21,2,Sad
EMP1244,2026-06-23,2,Sad
EMP1244,2026-06-25,2,Sad
EMP1244,2026-06-27,1,Frustrated
EMP1244,2026-06-29,3,Okay
EMP1244,2026-07-01,1,Frustrated
EMP1244,2026-07-05,3,Okay
EMP1244,2026-07-07,1,Frustrated
EMP1244,2026-07-09,2,Sad
EMP1244,2026-07-11,2,Sad
EMP1244,2026-07-13,2,Sad
EMP1244,2026-07-17,1,Frustrated
EMP1244,2026-07-19,1,Frustrated
EMP1244,2026-07-21,3,Okay
EMP1244,2026-07-23,2,Sad
EMP1244,2026-07-25,2,Sad
EMP1244,2026-07-29,2,Sad
EMP1244,2026-07-31,2,Sad
EMP1244,2026-08-02,2,Sad
EMP1244,2026-08-04,3,Okay
EMP1244,2026-08-06,2,Sad
EMP1244,2026-08-08,2,Sad
EMP1244,2026-08-10,2,Sad
EMP1244,2026-08-12,1,Frustrated
EMP1244,2026-08-14,2,Sad
EMP1244,2026-08-16,2,Sad
EMP1244,2026-08-18,2,Sad
EMP1244,2026-08-20,3,Okay
EMP1244,2026-08-22,2,Sad
EMP1244,2026-08-24,2,Sad
EMP1244,2026-08-26,3,Okay
EMP1245,2026-04-28,3,Okay
EMP1245,2026-04-30,3,Okay
EMP1245,2026-05-02,3,Okay
EMP1245,2026-05-04,2,Sad
EMP1245,2026-05-06,2,Sad
EMP1245,2026-05-08,3,Okay
EMP1245,2026-05-10,2,Sad
EMP1245,2026-05-12,2,Sad
EMP1245,2026-05-14,3,Okay
EMP1245,2026-05-16,2,Sad
EMP1245,2026-05-18,2,Sad
EMP1245,2026-05-20,2,Sad
EMP1245,2026-05-22,3,Okay
EMP1245,2026-05-24,4,Happy
EMP1245,2026-05-26,3,Okay
EMP1245,2026-05-28,3,Okay
EMP1245,2026-05-30,3,Okay
EMP1245,2026-06-01,3,Okay
EMP1245,2026-06-03,2,Sad
EMP1245,2026-06-05,2,Sad
EMP1245,2026-06-07,3,Okay
EMP1245,2026-06-09,2,Sad
EMP1245,2026-06-11,3,Okay
EMP1245,2026-06-13,3,Okay
EMP1245,2026-06-17,2,Sad
EMP1245,2026-06-19,3,Okay
EMP1245,2026-06-21,2,Sad
EMP1245,2026-06-23,2,Sad
EMP1245,2026-06-27,2,Sad
EMP1245,2026-06-29,3,Okay
EMP1245,2026-07-01,3,Okay
EMP1245,2026-07-03,3,Okay
EMP1245,2026-07-05,4,Happy
EMP1245,2026-07-11,2,Sad
EMP1245,2026-07-13,3,Okay
EMP1245,2026-07-15,4,Happy
EMP1245,2026-07-17,2,Sad
EMP1245,2026-07-19,3,Okay
EMP1245,2026-07-21,3,Okay
EMP1245,2026-07-25,3,Okay
EMP1245,2026-07-27,1,Frustrated
EMP1245,2026-07-29,3,Okay
EMP1245,2026-07-31,1,Frustrated
EMP1245,2026-08-02,2,Sad
EMP1245,2026-08-04,4,Happy
EMP1245,2026-08-06,3,Okay
EMP1245,2026-08-08,3,Okay
EMP1245,2026-08-10,3,Okay
EMP1245,2026-08-14,3,Okay
EMP1245,2026-08-18,2,Sad
EMP1245,2026-08-20,2,Sad
EMP1245,2026-08-22,2,Sad
EMP1245,2026-08-24,2,Sad
EMP1245,2026-08-26,2,Sad
EMP1246,2026-04-28,4,Happy
EMP1246,2026-05-06,2,Sad
EMP1246,2026-05-08,3,Okay
EMP1246,2026-05-10,4,Happy
EMP1246,2026-05-12,4,Happy
EMP1246,2026-05-14,1,Frustrated
EMP1246,2026-05-18,4,Happy
EMP1246,2026-05-20,3,Okay
EMP1246,2026-05-24,3,Okay
EMP1246,2026-05-26,4,Happy
EMP1246,2026-05-28,2,Sad
EMP1246,2026-05-30,3,Okay
EMP1246,2026-06-03,4,Happy
EMP1246,2026-06-05,3,Okay
EMP1246,2026-06-07,4,Happy
EMP1246,2026-06-09,4,Happy
EMP1246,2026-06-11,3,Okay
EMP1246,2026-06-13,4,Happy
EMP1246,2026-06-15,4,Happy
EMP1246,2026-06-17,4,Happy
EMP1246,2026-06-21,3,Okay
EMP1246,2026-06-25,3,Okay
EMP1246,2026-06-27,3,Okay
EMP1246,2026-06-29,3,Okay
EMP1246,2026-07-01,4,Happy
EMP1246,2026-07-03,3,Okay
EMP1246,2026-07-05,3,Okay
EMP1246,2026-07-07,3,Okay
EMP1246,2026-07-09,3,Okay
EMP1246,2026-07-11,4,Happy
EMP1246,2026-07-13,5,Excited
EMP1246,2026-07-15,5,Excited
EMP1246,2026-07-17,4,Happy
EMP1246,2026-07-19,4,Happy
EMP1246,2026-07-21,3,Okay
EMP1246,2026-07-23,3,Okay
EMP1246,2026-07-25,3,Okay
EMP1246,2026-07-27,5,Excited
EMP1246,2026-07-29,3,Okay
EMP1246,2026-07-31,3,Okay
EMP1246,2026-08-02,3,Okay
EMP1246,2026-08-04,4,Happy
EMP1246,2026-08-06,3,Okay
EMP1246,2026-08-08,4,Happy
EMP1246,2026-08-10,4,Happy
EMP1246,2026-08-12,5,Excited
EMP1246,2026-08-14,3,Okay
EMP1246,2026-08-16,4,Happy
EMP1246,2026-08-18,3,Okay
EMP1246,2026-08-20,3,Okay
EMP1246,2026-08-22,5,Excited
EMP1246,2026-08-24,4,Happy
EMP1246,2026-08-26,3,Okay
EMP1247,2026-04-28,4,Happy
EMP1247,2026-04-30,4,Happy
EMP1247,2026-05-02,4,Happy
EMP1247,2026-05-04,3,Okay
EMP1247,2026-05-08,3,Okay
EMP1247,2026-05-10,4,Happy
EMP1247,2026-05-12,4,Happy
EMP1247,2026-05-14,3,Okay
EMP1247,2026-05-16,4,Happy
EMP1247,2026-05-20,3,Okay
EMP1247,2026-05-22,3,Okay
EMP1247,2026-05-24,4,Happy
EMP1247,2026-05-26,3,Okay
EMP1247,2026-05-28,4,Happy
EMP1247,2026-05-30,4,Happy
EMP1247,2026-06-01,2,Sad
EMP1247,2026-06-03,3,Okay
EMP1247,2026-06-05,3,Okay
EMP1247,2026-06-07,4,Happy
EMP1247,2026-06-09,4,Happy
EMP1247,2026-06-11,3,Okay
EMP1247,2026-06-13,3,Okay
EMP1247,2026-06-15,4,Happy
EMP1247,2026-06-17,3,Okay
EMP1247,2026-06-19,4,Happy
EMP1247,2026-06-21,4,Happy
EMP1247,2026-06-23,4,Happy
EMP1247,2026-06-27,4,Happy
EMP1247,2026-07-01,3,Okay
EMP1247,2026-07-03,3,Okay
EMP1247,2026-07-09,4,Happy
EMP1247,2026-07-11,3,Okay
EMP1247,2026-07-13,3,Okay
EMP1247,2026-07-15,4,Happy
EMP1247,2026-07-19,4,Happy
EMP1247,2026-07-21,4,Happy
EMP1247,2026-07-23,3,Okay
EMP1247,2026-07-25,4,Happy
EMP1247,2026-07-27,4,Happy
EMP1247,2026-07-29,3,Okay
EMP1247,2026-08-02,3,Okay
EMP1247,2026-08-04,4,Happy
EMP1247,2026-08-06,3,Okay
EMP1247,2026-08-08,4,Happy
EMP1247,2026-08-12,3,Okay
EMP1247,2026-08-14,4,Happy
EMP1247,2026-08-16,3,Okay
EMP1247,2026-08-18,3,Okay
EMP1247,2026-08-20,4,Happy
EMP1247,2026-08-22,4,Happy
EMP1247,2026-08-24,4,Happy
EMP1247,2026-08-26,4,Happy
EMP1248,2026-04-30,2,Sad
EMP1248,2026-05-02,2,Sad
EMP1248,2026-05-04,2,Sad
EMP1248,2026-05-06,1,Frustrated
EMP1248,2026-05-08,1,Frustrated
EMP1248,2026-05-10,2,Sad
EMP1248,2026-05-12,3,Okay
EMP1248,2026-05-14,2,Sad
EMP1248,2026-05-16,2,Sad
EMP1248,2026-05-18,2,Sad
EMP1248,2026-05-20,3,Okay
EMP1248,2026-05-22,2,Sad
EMP1248,2026-05-24,1,Frustrated
EMP1248,2026-05-26,2,Sad
EMP1248,2026-05-28,2,Sad
EMP1248,2026-06-01,3,Okay
EMP1248,2026-06-03,3,Okay
EMP1248,2026-06-05,2,Sad
EMP1248,2026-06-07,2,Sad
EMP1248,2026-06-09,1,Frustrated
EMP1248,2026-06-11,2,Sad
EMP1248,2026-06-13,2,Sad
EMP1248,2026-06-15,3,Okay
EMP1248,2026-06-17,3,Okay
EMP1248,2026-06-19,2,Sad
EMP1248,2026-06-21,3,Okay
EMP1248,2026-06-23,2,Sad
EMP1248,2026-06-25,2,Sad
EMP1248,2026-06-27,1,Frustrated
EMP1248,2026-06-29,2,Sad
EMP1248,2026-07-03,2,Sad
EMP1248,2026-07-05,1,Frustrated
EMP1248,2026-07-07,2,Sad
EMP1248,2026-07-09,3,Okay
EMP1248,2026-07-11,1,Frustrated
EMP1248,2026-07-13,1,Frustrated
EMP1248,2026-07-15,2,Sad
EMP1248,2026-07-17,2,Sad
EMP1248,2026-07-19,3,Okay
EMP1248,2026-07-21,2,Sad
EMP1248,2026-07-23,2,Sad
EMP1248,2026-07-25,1,Frustrated
EMP1248,2026-07-29,1,Frustrated
EMP1248,2026-07-31,2,Sad
EMP1248,2026-08-02,1,Frustrated
EMP1248,2026-08-04,3,Okay
EMP1248,2026-08-06,1,Frustrated
EMP1248,2026-08-08,2,Sad
EMP1248,2026-08-10,2,Sad
EMP1248,2026-08-12,1,Frustrated
EMP1248,2026-08-14,1,Frustrated
EMP1248,2026-08-18,1,Frustrated
EMP1248,2026-08-20,2,Sad
EMP1248,2026-08-22,1,Frustrated
EMP1248,2026-08-24,3,Okay
EMP1248,2026-08-26,2,Sad
EMP1249,2026-04-28,3,Okay
EMP1249,2026-04-30,2,Sad
EMP1249,2026-05-02,4,Happy
EMP1249,2026-05-04,4,Happy
EMP1249,2026-05-06,4,Happy
EMP1249,2026-05-08,3,Okay
EMP1249,2026-05-10,3,Okay
EMP1249,2026-05-12,2,Sad
EMP1249,2026-05-14,5,Excited
EMP1249,2026-05-16,5,Excited
EMP1249,2026-05-18,3,Okay
EMP1249,2026-05-24,4,Happy
EMP1249,2026-05-26,4,Happy
EMP1249,2026-05-30,3,Okay
EMP1249,2026-06-01,3,Okay
EMP1249,2026-06-03,4,Happy
EMP1249,2026-06-05,5,Excited
EMP1249,2026-06-07,4,Happy
EMP1249,2026-06-11,4,Happy
EMP1249,2026-06-13,2,Sad
EMP1249,2026-06-15,5,Excited
EMP1249,2026-06-17,4,Happy
EMP1249,2026-06-19,3,Okay
EMP1249,2026-06-23,3,Okay
EMP1249,2026-06-25,4,Happy
EMP1249,2026-06-27,4,Happy
EMP1249,2026-06-29,2,Sad
EMP1249,2026-07-01,4,Happy
EMP1249,2026-07-03,5,Excited
EMP1249,2026-07-05,3,Okay
EMP1249,2026-07-09,4,Happy
EMP1249,2026-07-15,3,Okay
EMP1249,2026-07-17,4,Happy
EMP1249,2026-07-19,3,Okay
EMP1249,2026-07-21,5,Excited
EMP1249,2026-07-23,3,Okay
EMP1249,2026-07-25,3,Okay
EMP1249,2026-07-29,4,Happy
EMP1249,2026-07-31,4,Happy
EMP1249,2026-08-02,4,Happy
EMP1249,2026-08-04,4,Happy
EMP1249,2026-08-06,5,Excited
EMP1249,2026-08-08,3,Okay
EMP1249,2026-08-10,3,Okay
EMP1249,2026-08-12,3,Okay
EMP1249,2026-08-14,4,Happy
EMP1249,2026-08-16,4,Happy
EMP1249,2026-08-18,3,Okay
EMP1249,2026-08-20,4,Happy
EMP1249,2026-08-22,3,Okay
EMP1249,2026-08-24,3,Okay
EMP1249,2026-08-26,3,Okay
EMP1250,2026-04-28,2,Sad
EMP1250,2026-04-30,3,Okay
EMP1250,2026-05-02,3,Okay
EMP1250,2026-05-04,3,Okay
EMP1250,2026-05-06,3,Okay
EMP1250,2026-05-08,2,Sad
EMP1250,2026-05-14,2,Sad
EMP1250,2026-05-18,1,Frustrated
EMP1250,2026-05-20,1,Frustrated
EMP1250,2026-05-22,2,Sad
EMP1250,2026-05-24,2,Sad
EMP1250,2026-05-28,1,Frustrated
EMP1250,2026-06-03,1,Frustrated
EMP1250,2026-06-05,1,Frustrated
EMP1250,2026-06-07,2,Sad
EMP1250,2026-06-09,2,Sad
EMP1250,2026-06-11,1,Frustrated
EMP1250,2026-06-13,1,Frustrated
EMP1250,2026-06-15,2,Sad
EMP1250,2026-06-17,2,Sad
EMP1250,2026-06-19,1,Frustrated
EMP1250,2026-06-21,1,Frustrated
EMP1250,2026-06-23,1,Frustrated
EMP1250,2026-06-25,2,Sad
EMP1250,2026-06-27,1,Frustrated
EMP1250,2026-06-29,2,Sad
EMP1250,2026-07-01,1,Frustrated
EMP1250,2026-07-03,1,Frustrated
EMP1250,2026-07-05,1,Frustrated
EMP1250,2026-07-07,1,Frustrated
EMP1250,2026-07-09,3,Okay
EMP1250,2026-07-11,1,Frustrated
EMP1250,2026-07-13,1,Frustrated
EMP1250,2026-07-15,1,Frustrated
EMP1250,2026-07-17,1,Frustrated
EMP1250,2026-07-19,2,Sad
EMP1250,2026-07-21,1,Frustrated
EMP1250,2026-07-23,1,Frustrated
EMP1250,2026-07-25,2,Sad
EMP1250,2026-07-27,1,Frustrated
EMP1250,2026-07-31,1,Frustrated
EMP1250,2026-08-04,1,Frustrated
EMP1250,2026-08-08,2,Sad
EMP1250,2026-08-10,1,Frustrated
EMP1250,2026-08-12,2,Sad
EMP1250,2026-08-14,1,Frustrated
EMP1250,2026-08-16,1,Frustrated
EMP1250,2026-08-18,1,Frustrated
EMP1250,2026-08-20,1,Frustrated
EMP1250,2026-08-22,1,Frustrated
EMP1250,2026-08-24,1,Frustrated
EMP1250,2026-08-26,1,Frustrated
EMP1251,2026-04-28,5,Excited
EMP1251,2026-04-30,3,Okay
EMP1251,2026-05-02,4,Happy
EMP1251,2026-05-04,4,Happy
EMP1251,2026-05-06,4,Happy
EMP1251,2026-05-10,3,Okay
EMP1251,2026-05-12,5,Excited
EMP1251,2026-05-14,2,Sad
EMP1251,2026-05-16,3,Okay
EMP1251,2026-05-18,5,Excited
EMP1251,2026-05-20,4,Happy
EMP1251,2026-05-22,3,Okay
EMP1251,2026-05-24,3,Okay
EMP1251,2026-05-26,3,Okay
EMP1251,2026-05-28,5,Excited
EMP1251,2026-05-30,4,Happy
EMP1251,2026-06-01,3,Okay
EMP1251,2026-06-03,4,Happy
EMP1251,2026-06-07,5,Excited
EMP1251,2026-06-09,4,Happy
EMP1251,2026-06-11,4,Happy
EMP1251,2026-06-13,4,Happy
EMP1251,2026-06-15,5,Excited
EMP1251,2026-06-21,3,Okay
EMP1251,2026-06-23,3,Okay
EMP1251,2026-06-25,4,Happy
EMP1251,2026-06-27,3,Okay
EMP1251,2026-06-29,5,Excited
EMP1251,2026-07-01,4,Happy
EMP1251,2026-07-03,3,Okay
EMP1251,2026-07-05,4,Happy
EMP1251,2026-07-07,3,Okay
EMP1251,2026-07-09,4,Happy
EMP1251,2026-07-11,4,Happy
EMP1251,2026-07-15,5,Excited
EMP1251,2026-07-17,4,Happy
EMP1251,2026-07-19,4,Happy
EMP1251,2026-07-21,3,Okay
EMP1251,2026-07-23,3,Okay
EMP1251,2026-07-25,3,Okay
EMP1251,2026-07-27,3,Okay
EMP1251,2026-07-29,3,Okay
EMP1251,2026-07-31,4,Happy
EMP1251,2026-08-02,4,Happy
EMP1251,2026-08-04,3,Okay
EMP1251,2026-08-06,4,Happy
EMP1251,2026-08-08,3,Okay
EMP1251,2026-08-10,3,Okay
EMP1251,2026-08-12,5,Excited
EMP1251,2026-08-14,4,Happy
EMP1251,2026-08-16,3,Okay
EMP1251,2026-08-18,5,Excited
EMP1251,2026-08-20,5,Excited
EMP1251,2026-08-22,4,Happy
EMP1251,2026-08-24,5,Excited
EMP1251,2026-08-26,3,Okay
EMP1252,2026-04-28,4,Happy
EMP1252,2026-04-30,3,Okay
EMP1252,2026-05-02,4,Happy
EMP1252,2026-05-06,3,Okay
EMP1252,2026-05-08,4,Happy
EMP1252,2026-05-10,3,Okay
EMP1252,2026-05-12,4,Happy
EMP1252,2026-05-14,5,Excited
EMP1252,2026-05-16,3,Okay
EMP1252,2026-05-18,5,Excited
EMP1252,2026-05-20,3,Okay
EMP1252,2026-05-24,4,Happy
EMP1252,2026-05-26,4,Happy
EMP1252,2026-05-28,3,Okay
EMP1252,2026-05-30,3,Okay
EMP1252,2026-06-01,3,Okay
EMP1252,2026-06-03,3,Okay
EMP1252,2026-06-05,4,Happy
EMP1252,2026-06-07,3,Okay
EMP1252,2026-06-11,4,Happy
EMP1252,2026-06-13,3,Okay
EMP1252,2026-06-15,4,Happy
EMP1252,2026-06-23,5,Excited
EMP1252,2026-06-25,4,Happy
EMP1252,2026-06-27,4,Happy
EMP1252,2026-06-29,4,Happy
EMP1252,2026-07-03,4,Happy
EMP1252,2026-07-05,4,Happy
EMP1252,2026-07-07,4,Happy
EMP1252,2026-07-09,2,Sad
EMP1252,2026-07-11,4,Happy
EMP1252,2026-07-13,4,Happy
EMP1252,2026-07-15,3,Okay
EMP1252,2026-07-17,3,Okay
EMP1252,2026-07-19,3,Okay
EMP1252,2026-07-21,3,Okay
EMP1252,2026-07-23,3,Okay
EMP1252,2026-07-25,4,Happy
EMP1252,2026-07-27,3,Okay
EMP1252,2026-07-29,3,Okay
EMP1252,2026-07-31,2,Sad
EMP1252,2026-08-02,3,Okay
EMP1252,2026-08-04,4,Happy
EMP1252,2026-08-06,4,Happy
EMP1252,2026-08-08,4,Happy
EMP1252,2026-08-10,3,Okay
EMP1252,2026-08-12,4,Happy
EMP1252,2026-08-14,3,Okay
EMP1252,2026-08-16,4,Happy
EMP1252,2026-08-18,4,Happy
EMP1252,2026-08-20,3,Okay
EMP1252,2026-08-22,5,Excited
EMP1252,2026-08-24,3,Okay
EMP1252,2026-08-26,4,Happy
EMP1253,2026-04-28,4,Happy
EMP1253,2026-05-02,4,Happy
EMP1253,2026-05-04,4,Happy
EMP1253,2026-05-06,4,Happy
EMP1253,2026-05-08,4,Happy
EMP1253,2026-05-10,4,Happy
EMP1253,2026-05-12,4,Happy
EMP1253,2026-05-14,3,Okay
EMP1253,2026-05-16,3,Okay
EMP1253,2026-05-20,4,Happy
EMP1253,2026-05-22,3,Okay
EMP1253,2026-05-24,4,Happy
EMP1253,2026-05-26,4,Happy
EMP1253,2026-05-28,4,Happy
EMP1253,2026-05-30,5,Excited
EMP1253,2026-06-01,4,Happy
EMP1253,2026-06-03,3,Okay
EMP1253,2026-06-07,3,Okay
EMP1253,2026-06-09,3,Okay
EMP1253,2026-06-11,5,Excited
EMP1253,2026-06-13,4,Happy
EMP1253,2026-06-15,4,Happy
EMP1253,2026-06-17,3,Okay
EMP1253,2026-06-19,4,Happy
EMP1253,2026-06-21,4,Happy
EMP1253,2026-06-23,3,Okay
EMP1253,2026-06-25,4,Happy
EMP1253,2026-06-29,2,Sad
EMP1253,2026-07-03,3,Okay
EMP1253,2026-07-05,4,Happy
EMP1253,2026-07-07,5,Excited
EMP1253,2026-07-09,2,Sad
EMP1253,2026-07-11,4,Happy
EMP1253,2026-07-15,4,Happy
EMP1253,2026-07-17,3,Okay
EMP1253,2026-07-19,5,Excited
EMP1253,2026-07-21,3,Okay
EMP1253,2026-07-23,4,Happy
EMP1253,2026-07-25,4,Happy
EMP1253,2026-07-27,4,Happy
EMP1253,2026-07-29,3,Okay
EMP1253,2026-07-31,3,Okay
EMP1253,2026-08-02,4,Happy
EMP1253,2026-08-06,4,Happy
EMP1253,2026-08-08,3,Okay
EMP1253,2026-08-10,4,Happy
EMP1253,2026-08-12,4,Happy
EMP1253,2026-08-14,4,Happy
EMP1253,2026-08-16,5,Excited
EMP1253,2026-08-18,2,Sad
EMP1253,2026-08-20,5,Excited
EMP1253,2026-08-22,3,Okay
EMP1253,2026-08-24,3,Okay
EMP1254,2026-04-28,4,Happy
EMP1254,2026-04-30,4,Happy
EMP1254,2026-05-02,3,Okay
EMP1254,2026-05-04,4,Happy
EMP1254,2026-05-06,4,Happy
EMP1254,2026-05-08,3,Okay
EMP1254,2026-05-12,4,Happy
EMP1254,2026-05-14,4,Happy
EMP1254,2026-05-16,2,Sad
EMP1254,2026-05-18,5,Excited
EMP1254,2026-05-20,3,Okay
EMP1254,2026-05-22,3,Okay
EMP1254,2026-05-24,5,Excited
EMP1254,2026-05-26,4,Happy
EMP1254,2026-05-28,2,Sad
EMP1254,2026-05-30,2,Sad
EMP1254,2026-06-01,3,Okay
EMP1254,2026-06-03,3,Okay
EMP1254,2026-06-05,3,Okay
EMP1254,2026-06-07,5,Excited
EMP1254,2026-06-09,5,Excited
EMP1254,2026-06-13,4,Happy
EMP1254,2026-06-15,4,Happy
EMP1254,2026-06-17,4,Happy
EMP1254,2026-06-19,3,Okay
EMP1254,2026-06-21,4,Happy
EMP1254,2026-06-23,3,Okay
EMP1254,2026-06-25,4,Happy
EMP1254,2026-06-27,4,Happy
EMP1254,2026-06-29,3,Okay
EMP1254,2026-07-01,5,Excited
EMP1254,2026-07-03,4,Happy
EMP1254,2026-07-05,4,Happy
EMP1254,2026-07-07,3,Okay
EMP1254,2026-07-09,4,Happy
EMP1254,2026-07-11,4,Happy
EMP1254,2026-07-13,3,Okay
EMP1254,2026-07-17,3,Okay
EMP1254,2026-07-19,3,Okay
EMP1254,2026-07-21,3,Okay
EMP1254,2026-07-23,4,Happy
EMP1254,2026-07-25,4,Happy
EMP1254,2026-07-29,3,Okay
EMP1254,2026-08-02,4,Happy
EMP1254,2026-08-04,4,Happy
EMP1254,2026-08-06,4,Happy
EMP1254,2026-08-08,3,Okay
EMP1254,2026-08-10,3,Okay
EMP1254,2026-08-14,4,Happy
EMP1254,2026-08-18,5,Excited
EMP1254,2026-08-20,4,Happy
EMP1254,2026-08-22,4,Happy
EMP1254,2026-08-24,4,Happy
EMP1254,2026-08-26,3,Okay
EMP1255,2026-04-28,2,Sad
EMP1255,2026-04-30,1,Frustrated
EMP1255,2026-05-02,2,Sad
EMP1255,2026-05-04,2,Sad
EMP1255,2026-05-06,3,Okay
EMP1255,2026-05-08,3,Okay
EMP1255,2026-05-10,2,Sad
EMP1255,2026-05-12,3,Okay
EMP1255,2026-05-14,1,Frustrated
EMP1255,2026-05-16,2,Sad
EMP1255,2026-05-18,2,Sad
EMP1255,2026-05-20,2,Sad
EMP1255,2026-05-22,3,Okay
EMP1255,2026-05-24,2,Sad
EMP1255,2026-05-26,3,Okay
EMP1255,2026-05-28,3,Okay
EMP1255,2026-05-30,2,Sad
EMP1255,2026-06-01,3,Okay
EMP1255,2026-06-03,3,Okay
EMP1255,2026-06-05,2,Sad
EMP1255,2026-06-09,1,Frustrated
EMP1255,2026-06-11,2,Sad
EMP1255,2026-06-13,2,Sad
EMP1255,2026-06-15,2,Sad
EMP1255,2026-06-19,2,Sad
EMP1255,2026-06-21,2,Sad
EMP1255,2026-06-23,1,Frustrated
EMP1255,2026-06-25,1,Frustrated
EMP1255,2026-06-27,1,Frustrated
EMP1255,2026-06-29,1,Frustrated
EMP1255,2026-07-01,2,Sad
EMP1255,2026-07-03,2,Sad
EMP1255,2026-07-07,1,Frustrated
EMP1255,2026-07-09,2,Sad
EMP1255,2026-07-11,4,Happy
EMP1255,2026-07-13,1,Frustrated
EMP1255,2026-07-15,2,Sad
EMP1255,2026-07-17,1,Frustrated
EMP1255,2026-07-19,2,Sad
EMP1255,2026-07-21,3,Okay
EMP1255,2026-07-23,1,Frustrated
EMP1255,2026-07-25,2,Sad
EMP1255,2026-07-27,1,Frustrated
EMP1255,2026-07-29,2,Sad
EMP1255,2026-07-31,1,Frustrated
EMP1255,2026-08-02,2,Sad
EMP1255,2026-08-04,1,Frustrated
EMP1255,2026-08-06,2,Sad
EMP1255,2026-08-10,2,Sad
EMP1255,2026-08-14,1,Frustrated
EMP1255,2026-08-18,1,Frustrated
EMP1255,2026-08-20,1,Frustrated
EMP1255,2026-08-22,2,Sad
EMP1255,2026-08-24,1,Frustrated
EMP1255,2026-08-26,1,Frustrated
EMP1256,2026-04-30,2,Sad
EMP1256,2026-05-02,3,Okay
EMP1256,2026-05-04,3,Okay
EMP1256,2026-05-06,3,Okay
EMP1256,2026-05-08,3,Okay
EMP1256,2026-05-10,2,Sad
EMP1256,2026-05-12,4,Happy
EMP1256,2026-05-14,2,Sad
EMP1256,2026-05-16,2,Sad
EMP1256,2026-05-18,3,Okay
EMP1256,2026-05-22,3,Okay
EMP1256,2026-05-24,2,Sad
EMP1256,2026-05-26,3,Okay
EMP1256,2026-05-28,3,Okay
EMP1256,2026-05-30,2,Sad
EMP1256,2026-06-01,3,Okay
EMP1256,2026-06-03,3,Okay
EMP1256,2026-06-05,2,Sad
EMP1256,2026-06-07,3,Okay
EMP1256,2026-06-09,2,Sad
EMP1256,2026-06-11,3,Okay
EMP1256,2026-06-13,3,Okay
EMP1256,2026-06-17,2,Sad
EMP1256,2026-06-19,2,Sad
EMP1256,2026-06-25,4,Happy
EMP1256,2026-06-27,1,Frustrated
EMP1256,2026-06-29,1,Frustrated
EMP1256,2026-07-01,3,Okay
EMP1256,2026-07-03,2,Sad
EMP1256,2026-07-05,1,Frustrated
EMP1256,2026-07-07,2,Sad
EMP1256,2026-07-09,2,Sad
EMP1256,2026-07-11,1,Frustrated
EMP1256,2026-07-13,3,Okay
EMP1256,2026-07-15,1,Frustrated
EMP1256,2026-07-17,3,Okay
EMP1256,2026-07-19,2,Sad
EMP1256,2026-07-21,1,Frustrated
EMP1256,2026-07-23,1,Frustrated
EMP1256,2026-07-25,2,Sad
EMP1256,2026-07-27,2,Sad
EMP1256,2026-07-31,1,Frustrated
EMP1256,2026-08-02,2,Sad
EMP1256,2026-08-04,2,Sad
EMP1256,2026-08-06,1,Frustrated
EMP1256,2026-08-08,2,Sad
EMP1256,2026-08-10,2,Sad
EMP1256,2026-08-12,2,Sad
EMP1256,2026-08-18,1,Frustrated
EMP1256,2026-08-20,2,Sad
EMP1256,2026-08-22,1,Frustrated
EMP1256,2026-08-24,1,Frustrated
EMP1256,2026-08-26,2,Sad
EMP1257,2026-04-28,3,Okay
EMP1257,2026-05-02,2,Sad
EMP1257,2026-05-04,5,Excited
EMP1257,2026-05-06,3,Okay
EMP1257,2026-05-08,3,Okay
EMP1257,2026-05-10,3,Okay
EMP1257,2026-05-12,3,Okay
EMP1257,2026-05-14,3,Okay
EMP1257,2026-05-16,3,Okay
EMP1257,2026-05-18,3,Okay
EMP1257,2026-05-20,4,Happy
EMP1257,2026-05-22,4,Happy
EMP1257,2026-05-24,5,Excited
EMP1257,2026-05-26,3,Okay
EMP1257,2026-05-28,3,Okay
EMP1257,2026-05-30,3,Okay
EMP1257,2026-06-01,4,Happy
EMP1257,2026-06-03,4,Happy
EMP1257,2026-06-07,4,Happy
EMP1257,2026-06-09,4,Happy
EMP1257,2026-06-11,5,Excited
EMP1257,2026-06-15,3,Okay
EMP1257,2026-06-17,4,Happy
EMP1257,2026-06-19,4,Happy
EMP1257,2026-06-21,4,Happy
EMP1257,2026-06-23,4,Happy
EMP1257,2026-06-27,4,Happy
EMP1257,2026-07-01,4,Happy
EMP1257,2026-07-03,4,Happy
EMP1257,2026-07-05,4,Happy
EMP1257,2026-07-07,4,Happy
EMP1257,2026-07-09,2,Sad
EMP1257,2026-07-11,4,Happy
EMP1257,2026-07-13,3,Okay
EMP1257,2026-07-15,4,Happy
EMP1257,2026-07-17,5,Excited
EMP1257,2026-07-19,3,Okay
EMP1257,2026-07-21,2,Sad
EMP1257,2026-07-25,3,Okay
EMP1257,2026-07-27,3,Okay
EMP1257,2026-07-29,3,Okay
EMP1257,2026-07-31,4,Happy
EMP1257,2026-08-02,4,Happy
EMP1257,2026-08-04,4,Happy
EMP1257,2026-08-06,4,Happy
EMP1257,2026-08-08,3,Okay
EMP1257,2026-08-10,4,Happy
EMP1257,2026-08-12,3,Okay
EMP1257,2026-08-14,4,Happy
EMP1257,2026-08-16,3,Okay
EMP1257,2026-08-18,3,Okay
EMP1257,2026-08-22,3,Okay
EMP1257,2026-08-24,3,Okay
EMP1257,2026-08-26,4,Happy
EMP1258,2026-04-30,3,Okay
EMP1258,2026-05-02,4,Happy
EMP1258,2026-05-04,5,Excited
EMP1258,2026-05-06,3,Okay
EMP1258,2026-05-08,3,Okay
EMP1258,2026-05-12,3,Okay
EMP1258,2026-05-14,4,Happy
EMP1258,2026-05-20,4,Happy
EMP1258,2026-05-22,3,Okay
EMP1258,2026-05-24,4,Happy
EMP1258,2026-05-26,4,Happy
EMP1258,2026-05-28,5,Excited
EMP1258,2026-05-30,2,Sad
EMP1258,2026-06-01,4,Happy
EMP1258,2026-06-03,5,Excited
EMP1258,2026-06-05,3,Okay
EMP1258,2026-06-07,4,Happy
EMP1258,2026-06-09,4,Happy
EMP1258,2026-06-11,3,Okay
EMP1258,2026-06-13,4,Happy
EMP1258,2026-06-15,3,Okay
EMP1258,2026-06-17,4,Happy
EMP1258,2026-06-19,3,Okay
EMP1258,2026-06-21,4,Happy
EMP1258,2026-06-23,2,Sad
EMP1258,2026-06-25,3,Okay
EMP1258,2026-06-29,4,Happy
EMP1258,2026-07-01,3,Okay
EMP1258,2026-07-03,3,Okay
EMP1258,2026-07-05,3,Okay
EMP1258,2026-07-07,5,Excited
EMP1258,2026-07-09,4,Happy
EMP1258,2026-07-11,4,Happy
EMP1258,2026-07-13,3,Okay
EMP1258,2026-07-15,3,Okay
EMP1258,2026-07-19,3,Okay
EMP1258,2026-07-21,3,Okay
EMP1258,2026-07-23,3,Okay
EMP1258,2026-07-25,3,Okay
EMP1258,2026-07-27,4,Happy
EMP1258,2026-07-31,3,Okay
EMP1258,2026-08-02,3,Okay
EMP1258,2026-08-04,4,Happy
EMP1258,2026-08-06,4,Happy
EMP1258,2026-08-08,3,Okay
EMP1258,2026-08-10,4,Happy
EMP1258,2026-08-12,4,Happy
EMP1258,2026-08-14,3,Okay
EMP1258,2026-08-16,3,Okay
EMP1258,2026-08-18,5,Excited
EMP1258,2026-08-24,3,Okay
EMP1259,2026-04-28,3,Okay
EMP1259,2026-04-30,5,Excited
EMP1259,2026-05-02,3,Okay
EMP1259,2026-05-04,3,Okay
EMP1259,2026-05-06,4,Happy
EMP1259,2026-05-08,3,Okay
EMP1259,2026-05-10,3,Okay
EMP1259,2026-05-12,4,Happy
EMP1259,2026-05-14,4,Happy
EMP1259,2026-05-16,3,Okay
EMP1259,2026-05-18,4,Happy
EMP1259,2026-05-20,3,Okay
EMP1259,2026-05-22,4,Happy
EMP1259,2026-05-24,4,Happy
EMP1259,2026-05-26,3,Okay
EMP1259,2026-05-28,3,Okay
EMP1259,2026-05-30,3,Okay
EMP1259,2026-06-01,4,Happy
EMP1259,2026-06-03,4,Happy
EMP1259,2026-06-05,4,Happy
EMP1259,2026-06-07,4,Happy
EMP1259,2026-06-09,4,Happy
EMP1259,2026-06-11,4,Happy
EMP1259,2026-06-13,3,Okay
EMP1259,2026-06-15,4,Happy
EMP1259,2026-06-17,3,Okay
EMP1259,2026-06-19,5,Excited
EMP1259,2026-06-23,4,Happy
EMP1259,2026-06-27,4,Happy
EMP1259,2026-06-29,4,Happy
EMP1259,2026-07-01,3,Okay
EMP1259,2026-07-03,3,Okay
EMP1259,2026-07-05,3,Okay
EMP1259,2026-07-07,3,Okay
EMP1259,2026-07-09,5,Excited
EMP1259,2026-07-11,5,Excited
EMP1259,2026-07-13,3,Okay
EMP1259,2026-07-15,4,Happy
EMP1259,2026-07-17,3,Okay
EMP1259,2026-07-19,5,Excited
EMP1259,2026-07-21,2,Sad
EMP1259,2026-07-23,3,Okay
EMP1259,2026-07-25,4,Happy
EMP1259,2026-07-27,3,Okay
EMP1259,2026-07-29,4,Happy
EMP1259,2026-08-02,4,Happy
EMP1259,2026-08-04,4,Happy
EMP1259,2026-08-06,3,Okay
EMP1259,2026-08-08,3,Okay
EMP1259,2026-08-10,3,Okay
EMP1259,2026-08-12,4,Happy
EMP1259,2026-08-14,4,Happy
EMP1259,2026-08-16,3,Okay
EMP1259,2026-08-18,5,Excited
EMP1259,2026-08-20,2,Sad
EMP1259,2026-08-22,3,Okay
EMP1259,2026-08-24,4,Happy
EMP1259,2026-08-26,3,Okay
EMP1260,2026-04-30,3,Okay
EMP1260,2026-05-02,3,Okay
EMP1260,2026-05-04,4,Happy
EMP1260,2026-05-06,3,Okay
EMP1260,2026-05-08,3,Okay
EMP1260,2026-05-10,4,Happy
EMP1260,2026-05-12,3,Okay
EMP1260,2026-05-16,4,Happy
EMP1260,2026-05-18,4,Happy
EMP1260,2026-05-20,4,Happy
EMP1260,2026-05-22,3,Okay
EMP1260,2026-05-24,3,Okay
EMP1260,2026-05-26,4,Happy
EMP1260,2026-05-28,4,Happy
EMP1260,2026-05-30,3,Okay
EMP1260,2026-06-01,3,Okay
EMP1260,2026-06-03,4,Happy
EMP1260,2026-06-05,3,Okay
EMP1260,2026-06-07,4,Happy
EMP1260,2026-06-09,3,Okay
EMP1260,2026-06-11,2,Sad
EMP1260,2026-06-13,5,Excited
EMP1260,2026-06-15,4,Happy
EMP1260,2026-06-17,4,Happy
EMP1260,2026-06-19,3,Okay
EMP1260,2026-06-21,4,Happy
EMP1260,2026-06-25,3,Okay
EMP1260,2026-06-29,2,Sad
EMP1260,2026-07-01,4,Happy
EMP1260,2026-07-03,2,Sad
EMP1260,2026-07-05,2,Sad
EMP1260,2026-07-07,3,Okay
EMP1260,2026-07-09,4,Happy
EMP1260,2026-07-11,3,Okay
EMP1260,2026-07-15,3,Okay
EMP1260,2026-07-17,3,Okay
EMP1260,2026-07-19,3,Okay
EMP1260,2026-07-21,3,Okay
EMP1260,2026-07-23,3,Okay
EMP1260,2026-07-25,3,Okay
EMP1260,2026-07-29,3,Okay
EMP1260,2026-07-31,4,Happy
EMP1260,2026-08-02,3,Okay
EMP1260,2026-08-04,4,Happy
EMP1260,2026-08-06,3,Okay
EMP1260,2026-08-08,3,Okay
EMP1260,2026-08-10,4,Happy
EMP1260,2026-08-12,3,Okay
EMP1260,2026-08-16,2,Sad
EMP1260,2026-08-18,4,Happy
EMP1260,2026-08-20,2,Sad
EMP1260,2026-08-22,4,Happy
EMP1260,2026-08-24,4,Happy
EMP1261,2026-04-28,4,Happy
EMP1261,2026-04-30,3,Okay
EMP1261,2026-05-02,4,Happy
EMP1261,2026-05-04,3,Okay
EMP1261,2026-05-06,3,Okay
EMP1261,2026-05-08,3,Okay
EMP1261,2026-05-10,4,Happy
EMP1261,2026-05-12,2,Sad
EMP1261,2026-05-14,4,Happy
EMP1261,2026-05-16,4,Happy
EMP1261,2026-05-20,3,Okay
EMP1261,2026-05-24,4,Happy
EMP1261,2026-05-26,5,Excited
EMP1261,2026-05-28,3,Okay
EMP1261,2026-05-30,2,Sad
EMP1261,2026-06-01,3,Okay
EMP1261,2026-06-03,3,Okay
EMP1261,2026-06-07,4,Happy
EMP1261,2026-06-09,5,Excited
EMP1261,2026-06-13,2,Sad
EMP1261,2026-06-15,4,Happy
EMP1261,2026-06-17,3,Okay
EMP1261,2026-06-19,4,Happy
EMP1261,2026-06-21,4,Happy
EMP1261,2026-06-23,4,Happy
EMP1261,2026-06-25,3,Okay
EMP1261,2026-06-29,4,Happy
EMP1261,2026-07-01,4,Happy
EMP1261,2026-07-05,1,Frustrated
EMP1261,2026-07-07,3,Okay
EMP1261,2026-07-09,3,Okay
EMP1261,2026-07-11,4,Happy
EMP1261,2026-07-13,4,Happy
EMP1261,2026-07-15,4,Happy
EMP1261,2026-07-17,3,Okay
EMP1261,2026-07-19,3,Okay
EMP1261,2026-07-21,4,Happy
EMP1261,2026-07-23,3,Okay
EMP1261,2026-07-25,3,Okay
EMP1261,2026-07-29,5,Excited
EMP1261,2026-07-31,2,Sad
EMP1261,2026-08-02,5,Excited
EMP1261,2026-08-04,4,Happy
EMP1261,2026-08-06,3,Okay
EMP1261,2026-08-08,4,Happy
EMP1261,2026-08-10,4,Happy
EMP1261,2026-08-12,4,Happy
EMP1261,2026-08-14,3,Okay
EMP1261,2026-08-16,4,Happy
EMP1261,2026-08-18,3,Okay
EMP1261,2026-08-20,4,Happy
EMP1261,2026-08-24,3,Okay
EMP1261,2026-08-26,4,Happy
EMP1262,2026-04-28,3,Okay
EMP1262,2026-04-30,4,Happy
EMP1262,2026-05-02,3,Okay
EMP1262,2026-05-04,3,Okay
EMP1262,2026-05-06,3,Okay
EMP1262,2026-05-08,3,Okay
EMP1262,2026-05-10,3,Okay
EMP1262,2026-05-16,4,Happy
EMP1262,2026-05-18,2,Sad
EMP1262,2026-05-20,3,Okay
EMP1262,2026-05-22,3,Okay
EMP1262,2026-05-24,3,Okay
EMP1262,2026-05-26,3,Okay
EMP1262,2026-05-30,4,Happy
EMP1262,2026-06-01,5,Excited
EMP1262,2026-06-03,4,Happy
EMP1262,2026-06-05,3,Okay
EMP1262,2026-06-09,3,Okay
EMP1262,2026-06-11,4,Happy
EMP1262,2026-06-15,4,Happy
EMP1262,2026-06-17,4,Happy
EMP1262,2026-06-19,3,Okay
EMP1262,2026-06-21,3,Okay
EMP1262,2026-06-23,4,Happy
EMP1262,2026-06-25,3,Okay
EMP1262,2026-06-27,4,Happy
EMP1262,2026-07-01,3,Okay
EMP1262,2026-07-03,4,Happy
EMP1262,2026-07-05,5,Excited
EMP1262,2026-07-07,3,Okay
EMP1262,2026-07-09,3,Okay
EMP1262,2026-07-11,4,Happy
EMP1262,2026-07-15,3,Okay
EMP1262,2026-07-17,5,Excited
EMP1262,2026-07-19,3,Okay
EMP1262,2026-07-21,4,Happy
EMP1262,2026-07-25,3,Okay
EMP1262,2026-07-27,2,Sad
EMP1262,2026-07-29,4,Happy
EMP1262,2026-08-02,3,Okay
EMP1262,2026-08-04,5,Excited
EMP1262,2026-08-06,3,Okay
EMP1262,2026-08-08,3,Okay
EMP1262,2026-08-10,3,Okay
EMP1262,2026-08-12,4,Happy
EMP1262,2026-08-14,4,Happy
EMP1262,2026-08-18,3,Okay
EMP1262,2026-08-20,3,Okay
EMP1262,2026-08-22,4,Happy
EMP1262,2026-08-24,4,Happy
EMP1262,2026-08-26,2,Sad
EMP1263,2026-04-28,2,Sad
EMP1263,2026-04-30,3,Okay
EMP1263,2026-05-02,4,Happy
EMP1263,2026-05-04,2,Sad
EMP1263,2026-05-06,1,Frustrated
EMP1263,2026-05-12,2,Sad
EMP1263,2026-05-14,3,Okay
EMP1263,2026-05-16,2,Sad
EMP1263,2026-05-18,2,Sad
EMP1263,2026-05-20,2,Sad
EMP1263,2026-05-22,2,Sad
EMP1263,2026-05-24,3,Okay
EMP1263,2026-05-26,1,Frustrated
EMP1263,2026-05-28,3,Okay
EMP1263,2026-05-30,2,Sad
EMP1263,2026-06-01,3,Okay
EMP1263,2026-06-03,3,Okay
EMP1263,2026-06-05,2,Sad
EMP1263,2026-06-07,3,Okay
EMP1263,2026-06-09,2,Sad
EMP1263,2026-06-11,3,Okay
EMP1263,2026-06-13,4,Happy
EMP1263,2026-06-15,2,Sad
EMP1263,2026-06-17,3,Okay
EMP1263,2026-06-19,2,Sad
EMP1263,2026-06-21,3,Okay
EMP1263,2026-06-23,3,Okay
EMP1263,2026-06-25,2,Sad
EMP1263,2026-06-27,3,Okay
EMP1263,2026-06-29,1,Frustrated
EMP1263,2026-07-01,2,Sad
EMP1263,2026-07-03,2,Sad
EMP1263,2026-07-05,3,Okay
EMP1263,2026-07-07,3,Okay
EMP1263,2026-07-09,2,Sad
EMP1263,2026-07-15,2,Sad
EMP1263,2026-07-17,3,Okay
EMP1263,2026-07-19,3,Okay
EMP1263,2026-07-21,3,Okay
EMP1263,2026-07-23,2,Sad
EMP1263,2026-07-25,2,Sad
EMP1263,2026-07-27,2,Sad
EMP1263,2026-07-29,2,Sad
EMP1263,2026-07-31,2,Sad
EMP1263,2026-08-02,3,Okay
EMP1263,2026-08-04,3,Okay
EMP1263,2026-08-06,2,Sad
EMP1263,2026-08-08,3,Okay
EMP1263,2026-08-10,3,Okay
EMP1263,2026-08-12,2,Sad
EMP1263,2026-08-14,2,Sad
EMP1263,2026-08-16,2,Sad
EMP1263,2026-08-18,2,Sad
EMP1263,2026-08-20,3,Okay
EMP1263,2026-08-22,3,Okay
EMP1263,2026-08-24,4,Happy
EMP1264,2026-04-28,3,Okay
EMP1264,2026-04-30,3,Okay
EMP1264,2026-05-02,4,Happy
EMP1264,2026-05-04,4,Happy
EMP1264,2026-05-06,3,Okay
EMP1264,2026-05-08,4,Happy
EMP1264,2026-05-10,4,Happy
EMP1264,2026-05-12,2,Sad
EMP1264,2026-05-14,4,Happy
EMP1264,2026-05-16,3,Okay
EMP1264,2026-05-18,4,Happy
EMP1264,2026-05-22,3,Okay
EMP1264,2026-05-24,3,Okay
EMP1264,2026-05-26,4,Happy
EMP1264,2026-05-28,4,Happy
EMP1264,2026-05-30,3,Okay
EMP1264,2026-06-01,3,Okay
EMP1264,2026-06-03,3,Okay
EMP1264,2026-06-05,3,Okay
EMP1264,2026-06-07,4,Happy
EMP1264,2026-06-09,3,Okay
EMP1264,2026-06-11,5,Excited
EMP1264,2026-06-13,4,Happy
EMP1264,2026-06-15,3,Okay
EMP1264,2026-06-17,4,Happy
EMP1264,2026-06-19,3,Okay
EMP1264,2026-06-21,3,Okay
EMP1264,2026-06-23,4,Happy
EMP1264,2026-06-25,4,Happy
EMP1264,2026-06-27,3,Okay
EMP1264,2026-06-29,5,Excited
EMP1264,2026-07-01,4,Happy
EMP1264,2026-07-03,3,Okay
EMP1264,2026-07-05,3,Okay
EMP1264,2026-07-07,4,Happy
EMP1264,2026-07-09,4,Happy
EMP1264,2026-07-11,4,Happy
EMP1264,2026-07-15,4,Happy
EMP1264,2026-07-17,5,Excited
EMP1264,2026-07-19,4,Happy
EMP1264,2026-07-21,3,Okay
EMP1264,2026-07-23,5,Excited
EMP1264,2026-07-25,3,Okay
EMP1264,2026-07-27,4,Happy
EMP1264,2026-07-29,4,Happy
EMP1264,2026-07-31,3,Okay
EMP1264,2026-08-02,3,Okay
EMP1264,2026-08-06,4,Happy
EMP1264,2026-08-08,4,Happy
EMP1264,2026-08-12,5,Excited
EMP1264,2026-08-14,4,Happy
EMP1264,2026-08-16,3,Okay
EMP1264,2026-08-18,3,Okay
EMP1264,2026-08-20,4,Happy
EMP1264,2026-08-22,3,Okay
EMP1264,2026-08-24,3,Okay
EMP1264,2026-08-26,4,Happy
EMP1265,2026-04-28,3,Okay
EMP1265,2026-04-30,3,Okay
EMP1265,2026-05-02,2,Sad
EMP1265,2026-05-04,2,Sad
EMP1265,2026-05-06,1,Frustrated
EMP1265,2026-05-08,1,Frustrated
EMP1265,2026-05-10,2,Sad
EMP1265,2026-05-12,2,Sad
EMP1265,2026-05-14,2,Sad
EMP1265,2026-05-18,4,Happy
EMP1265,2026-05-20,1,Frustrated
EMP1265,2026-05-22,2,Sad
EMP1265,2026-05-24,2,Sad
EMP1265,2026-05-26,2,Sad
EMP1265,2026-05-30,2,Sad
EMP1265,2026-06-01,3,Okay
EMP1265,2026-06-03,1,Frustrated
EMP1265,2026-06-05,4,Happy
EMP1265,2026-06-07,4,Happy
EMP1265,2026-06-11,2,Sad
EMP1265,2026-06-13,2,Sad
EMP1265,2026-06-15,3,Okay
EMP1265,2026-06-17,1,Frustrated
EMP1265,2026-06-19,3,Okay
EMP1265,2026-06-21,3,Okay
EMP1265,2026-06-23,2,Sad
EMP1265,2026-06-25,1,Frustrated
EMP1265,2026-06-27,2,Sad
EMP1265,2026-06-29,2,Sad
EMP1265,2026-07-01,3,Okay
EMP1265,2026-07-03,2,Sad
EMP1265,2026-07-05,1,Frustrated
EMP1265,2026-07-07,3,Okay
EMP1265,2026-07-09,3,Okay
EMP1265,2026-07-11,3,Okay
EMP1265,2026-07-13,2,Sad
EMP1265,2026-07-15,3,Okay
EMP1265,2026-07-17,3,Okay
EMP1265,2026-07-19,1,Frustrated
EMP1265,2026-07-23,3,Okay
EMP1265,2026-07-25,2,Sad
EMP1265,2026-07-27,4,Happy
EMP1265,2026-07-29,2,Sad
EMP1265,2026-07-31,3,Okay
EMP1265,2026-08-02,1,Frustrated
EMP1265,2026-08-08,2,Sad
EMP1265,2026-08-10,1,Frustrated
EMP1265,2026-08-12,3,Okay
EMP1265,2026-08-14,3,Okay
EMP1265,2026-08-16,2,Sad
EMP1265,2026-08-18,1,Frustrated
EMP1265,2026-08-22,3,Okay
EMP1266,2026-04-30,2,Sad
EMP1266,2026-05-02,3,Okay
EMP1266,2026-05-04,3,Okay
EMP1266,2026-05-06,2,Sad
EMP1266,2026-05-08,2,Sad
EMP1266,2026-05-10,1,Frustrated
EMP1266,2026-05-12,3,Okay
EMP1266,2026-05-14,2,Sad
EMP1266,2026-05-16,2,Sad
EMP1266,2026-05-18,2,Sad
EMP1266,2026-05-20,2,Sad
EMP1266,2026-05-24,3,Okay
EMP1266,2026-05-26,1,Frustrated
EMP1266,2026-05-28,3,Okay
EMP1266,2026-05-30,2,Sad
EMP1266,2026-06-01,2,Sad
EMP1266,2026-06-05,2,Sad
EMP1266,2026-06-07,2,Sad
EMP1266,2026-06-09,2,Sad
EMP1266,2026-06-11,1,Frustrated
EMP1266,2026-06-15,2,Sad
EMP1266,2026-06-17,2,Sad
EMP1266,2026-06-19,2,Sad
EMP1266,2026-06-21,2,Sad
EMP1266,2026-06-23,2,Sad
EMP1266,2026-06-25,1,Frustrated
EMP1266,2026-06-27,3,Okay
EMP1266,2026-06-29,1,Frustrated
EMP1266,2026-07-01,1,Frustrated
EMP1266,2026-07-03,2,Sad
EMP1266,2026-07-05,2,Sad
EMP1266,2026-07-09,3,Okay
EMP1266,2026-07-13,2,Sad
EMP1266,2026-07-15,2,Sad
EMP1266,2026-07-17,2,Sad
EMP1266,2026-07-19,1,Frustrated
EMP1266,2026-07-21,3,Okay
EMP1266,2026-07-23,3,Okay
EMP1266,2026-07-25,2,Sad
EMP1266,2026-07-27,1,Frustrated
EMP1266,2026-07-29,1,Frustrated
EMP1266,2026-07-31,1,Frustrated
EMP1266,2026-08-04,1,Frustrated
EMP1266,2026-08-06,1,Frustrated
EMP1266,2026-08-08,1,Frustrated
EMP1266,2026-08-10,1,Frustrated
EMP1266,2026-08-12,2,Sad
EMP1266,2026-08-14,3,Okay
EMP1266,2026-08-16,1,Frustrated
EMP1266,2026-08-18,1,Frustrated
EMP1266,2026-08-20,2,Sad
EMP1266,2026-08-22,1,Frustrated
EMP1266,2026-08-24,1,Frustrated
EMP1266,2026-08-26,1,Frustrated
EMP1267,2026-04-30,3,Okay
EMP1267,2026-05-02,5,Excited
EMP1267,2026-05-04,5,Excited
EMP1267,2026-05-06,4,Happy
EMP1267,2026-05-08,4,Happy
EMP1267,2026-05-10,3,Okay
EMP1267,2026-05-12,4,Happy
EMP1267,2026-05-16,5,Excited
EMP1267,2026-05-18,4,Happy
EMP1267,2026-05-20,3,Okay
EMP1267,2026-05-24,5,Excited
EMP1267,2026-05-26,4,Happy
EMP1267,2026-05-28,3,Okay
EMP1267,2026-05-30,3,Okay
EMP1267,2026-06-01,3,Okay
EMP1267,2026-06-03,4,Happy
EMP1267,2026-06-05,4,Happy
EMP1267,2026-06-07,3,Okay
EMP1267,2026-06-09,4,Happy
EMP1267,2026-06-11,5,Excited
EMP1267,2026-06-13,3,Okay
EMP1267,2026-06-15,3,Okay
EMP1267,2026-06-17,4,Happy
EMP1267,2026-06-19,4,Happy
EMP1267,2026-06-21,4,Happy
EMP1267,2026-06-23,3,Okay
EMP1267,2026-06-25,4,Happy
EMP1267,2026-06-27,3,Okay
EMP1267,2026-06-29,4,Happy
EMP1267,2026-07-03,3,Okay
EMP1267,2026-07-05,2,Sad
EMP1267,2026-07-07,3,Okay
EMP1267,2026-07-09,3,Okay
EMP1267,2026-07-11,4,Happy
EMP1267,2026-07-13,4,Happy
EMP1267,2026-07-15,4,Happy
EMP1267,2026-07-17,5,Excited
EMP1267,2026-07-19,3,Okay
EMP1267,2026-07-23,4,Happy
EMP1267,2026-07-25,2,Sad
EMP1267,2026-07-27,4,Happy
EMP1267,2026-07-29,3,Okay
EMP1267,2026-08-02,3,Okay
EMP1267,2026-08-04,4,Happy
EMP1267,2026-08-06,4,Happy
EMP1267,2026-08-08,5,Excited
EMP1267,2026-08-10,4,Happy
EMP1267,2026-08-12,3,Okay
EMP1267,2026-08-14,4,Happy
EMP1267,2026-08-16,4,Happy
EMP1267,2026-08-18,5,Excited
EMP1267,2026-08-20,2,Sad
EMP1267,2026-08-22,5,Excited
EMP1267,2026-08-24,4,Happy
EMP1267,2026-08-26,4,Happy
EMP1268,2026-04-28,4,Happy
EMP1268,2026-05-04,3,Okay
EMP1268,2026-05-06,5,Excited
EMP1268,2026-05-08,4,Happy
EMP1268,2026-05-10,4,Happy
EMP1268,2026-05-14,2,Sad
EMP1268,2026-05-18,4,Happy
EMP1268,2026-05-20,4,Happy
EMP1268,2026-05-22,3,Okay
EMP1268,2026-05-24,4,Happy
EMP1268,2026-05-26,4,Happy
EMP1268,2026-05-28,4,Happy
EMP1268,2026-05-30,3,Okay
EMP1268,2026-06-01,4,Happy
EMP1268,2026-06-03,4,Happy
EMP1268,2026-06-05,2,Sad
EMP1268,2026-06-07,5,Excited
EMP1268,2026-06-09,5,Excited
EMP1268,2026-06-11,3,Okay
EMP1268,2026-06-13,4,Happy
EMP1268,2026-06-15,3,Okay
EMP1268,2026-06-17,3,Okay
EMP1268,2026-06-19,5,Excited
EMP1268,2026-06-21,4,Happy
EMP1268,2026-06-25,4,Happy
EMP1268,2026-06-27,4,Happy
EMP1268,2026-06-29,4,Happy
EMP1268,2026-07-01,5,Excited
EMP1268,2026-07-03,5,Excited
EMP1268,2026-07-05,4,Happy
EMP1268,2026-07-07,3,Okay
EMP1268,2026-07-09,3,Okay
EMP1268,2026-07-11,3,Okay
EMP1268,2026-07-13,4,Happy
EMP1268,2026-07-15,4,Happy
EMP1268,2026-07-19,4,Happy
EMP1268,2026-07-21,3,Okay
EMP1268,2026-07-23,5,Excited
EMP1268,2026-07-25,4,Happy
EMP1268,2026-07-27,5,Excited
EMP1268,2026-07-29,3,Okay
EMP1268,2026-07-31,3,Okay
EMP1268,2026-08-02,2,Sad
EMP1268,2026-08-04,4,Happy
EMP1268,2026-08-08,5,Excited
EMP1268,2026-08-10,4,Happy
EMP1268,2026-08-12,4,Happy
EMP1268,2026-08-16,3,Okay
EMP1268,2026-08-18,4,Happy
EMP1268,2026-08-20,4,Happy
EMP1268,2026-08-22,3,Okay
EMP1269,2026-04-28,4,Happy
EMP1269,2026-04-30,4,Happy
EMP1269,2026-05-04,4,Happy
EMP1269,2026-05-06,5,Excited
EMP1269,2026-05-08,4,Happy
EMP1269,2026-05-10,5,Excited
EMP1269,2026-05-14,4,Happy
EMP1269,2026-05-16,3,Okay
EMP1269,2026-05-18,4,Happy
EMP1269,2026-05-20,3,Okay
EMP1269,2026-05-24,4,Happy
EMP1269,2026-05-26,3,Okay
EMP1269,2026-05-28,2,Sad
EMP1269,2026-05-30,4,Happy
EMP1269,2026-06-01,4,Happy
EMP1269,2026-06-03,4,Happy
EMP1269,2026-06-05,3,Okay
EMP1269,2026-06-09,3,Okay
EMP1269,2026-06-11,4,Happy
EMP1269,2026-06-13,3,Okay
EMP1269,2026-06-15,4,Happy
EMP1269,2026-06-17,5,Excited
EMP1269,2026-06-19,3,Okay
EMP1269,2026-06-21,3,Okay
EMP1269,2026-06-23,4,Happy
EMP1269,2026-06-25,4,Happy
EMP1269,2026-06-27,4,Happy
EMP1269,2026-06-29,4,Happy
EMP1269,2026-07-01,3,Okay
EMP1269,2026-07-03,4,Happy
EMP1269,2026-07-07,4,Happy
EMP1269,2026-07-09,2,Sad
EMP1269,2026-07-11,5,Excited
EMP1269,2026-07-13,5,Excited
EMP1269,2026-07-15,4,Happy
EMP1269,2026-07-17,3,Okay
EMP1269,2026-07-19,3,Okay
EMP1269,2026-07-21,4,Happy
EMP1269,2026-07-23,4,Happy
EMP1269,2026-07-25,3,Okay
EMP1269,2026-07-27,5,Excited
EMP1269,2026-07-29,4,Happy
EMP1269,2026-08-04,4,Happy
EMP1269,2026-08-06,3,Okay
EMP1269,2026-08-08,4,Happy
EMP1269,2026-08-10,3,Okay
EMP1269,2026-08-12,4,Happy
EMP1269,2026-08-14,4,Happy
EMP1269,2026-08-18,4,Happy
EMP1269,2026-08-20,4,Happy
EMP1269,2026-08-22,3,Okay
EMP1269,2026-08-24,5,Excited
EMP1269,2026-08-26,4,Happy
EMP1270,2026-04-28,2,Sad
EMP1270,2026-04-30,2,Sad
EMP1270,2026-05-04,2,Sad
EMP1270,2026-05-06,2,Sad
EMP1270,2026-05-08,2,Sad
EMP1270,2026-05-10,2,Sad
EMP1270,2026-05-12,2,Sad
EMP1270,2026-05-14,2,Sad
EMP1270,2026-05-16,4,Happy
EMP1270,2026-05-18,2,Sad
EMP1270,2026-05-20,2,Sad
EMP1270,2026-05-22,2,Sad
EMP1270,2026-05-24,2,Sad
EMP1270,2026-05-26,3,Okay
EMP1270,2026-05-28,3,Okay
EMP1270,2026-05-30,2,Sad
EMP1270,2026-06-01,1,Frustrated
EMP1270,2026-06-03,2,Sad
EMP1270,2026-06-05,1,Frustrated
EMP1270,2026-06-07,2,Sad
EMP1270,2026-06-09,2,Sad
EMP1270,2026-06-11,2,Sad
EMP1270,2026-06-13,1,Frustrated
EMP1270,2026-06-15,2,Sad
EMP1270,2026-06-17,1,Frustrated
EMP1270,2026-06-19,2,Sad
EMP1270,2026-06-21,2,Sad
EMP1270,2026-06-23,2,Sad
EMP1270,2026-06-25,1,Frustrated
EMP1270,2026-06-27,3,Okay
EMP1270,2026-06-29,2,Sad
EMP1270,2026-07-01,1,Frustrated
EMP1270,2026-07-03,1,Frustrated
EMP1270,2026-07-05,2,Sad
EMP1270,2026-07-07,2,Sad
EMP1270,2026-07-09,2,Sad
EMP1270,2026-07-11,2,Sad
EMP1270,2026-07-13,1,Frustrated
EMP1270,2026-07-15,2,Sad
EMP1270,2026-07-17,1,Frustrated
EMP1270,2026-07-19,1,Frustrated
EMP1270,2026-07-23,1,Frustrated
EMP1270,2026-07-27,1,Frustrated
EMP1270,2026-07-31,2,Sad
EMP1270,2026-08-02,1,Frustrated
EMP1270,2026-08-06,2,Sad
EMP1270,2026-08-10,2,Sad
EMP1270,2026-08-12,1,Frustrated
EMP1270,2026-08-14,2,Sad
EMP1270,2026-08-18,1,Frustrated
EMP1270,2026-08-20,1,Frustrated
EMP1270,2026-08-22,1,Frustrated
EMP1270,2026-08-24,1,Frustrated
EMP1270,2026-08-26,2,Sad
EMP1271,2026-04-28,1,Frustrated
EMP1271,2026-04-30,2,Sad
EMP1271,2026-05-02,2,Sad
EMP1271,2026-05-04,2,Sad
EMP1271,2026-05-06,2,Sad
EMP1271,2026-05-08,2,Sad
EMP1271,2026-05-12,1,Frustrated
EMP1271,2026-05-16,1,Frustrated
EMP1271,2026-05-18,2,Sad
EMP1271,2026-05-20,1,Frustrated
EMP1271,2026-05-22,2,Sad
EMP1271,2026-05-24,2,Sad
EMP1271,2026-05-26,3,Okay
EMP1271,2026-05-28,1,Frustrated
EMP1271,2026-05-30,1,Frustrated
EMP1271,2026-06-01,1,Frustrated
EMP1271,2026-06-03,2,Sad
EMP1271,2026-06-05,1,Frustrated
EMP1271,2026-06-07,2,Sad
EMP1271,2026-06-09,1,Frustrated
EMP1271,2026-06-11,1,Frustrated
EMP1271,2026-06-13,2,Sad
EMP1271,2026-06-15,1,Frustrated
EMP1271,2026-06-17,2,Sad
EMP1271,2026-06-19,2,Sad
EMP1271,2026-06-21,2,Sad
EMP1271,2026-06-23,1,Frustrated
EMP1271,2026-06-25,2,Sad
EMP1271,2026-06-27,2,Sad
EMP1271,2026-06-29,1,Frustrated
EMP1271,2026-07-01,3,Okay
EMP1271,2026-07-05,1,Frustrated
EMP1271,2026-07-07,2,Sad
EMP1271,2026-07-09,1,Frustrated
EMP1271,2026-07-11,1,Frustrated
EMP1271,2026-07-13,2,Sad
EMP1271,2026-07-15,2,Sad
EMP1271,2026-07-17,1,Frustrated
EMP1271,2026-07-19,1,Frustrated
EMP1271,2026-07-23,2,Sad
EMP1271,2026-07-25,2,Sad
EMP1271,2026-07-27,1,Frustrated
EMP1271,2026-07-29,2,Sad
EMP1271,2026-08-02,1,Frustrated
EMP1271,2026-08-04,2,Sad
EMP1271,2026-08-06,1,Frustrated
EMP1271,2026-08-10,1,Frustrated
EMP1271,2026-08-12,1,Frustrated
EMP1271,2026-08-14,1,Frustrated
EMP1271,2026-08-18,1,Frustrated
EMP1271,2026-08-20,1,Frustrated
EMP1271,2026-08-22,1,Frustrated
EMP1271,2026-08-24,1,Frustrated
EMP1271,2026-08-26,1,Frustrated
EMP1272,2026-04-28,3,Okay
EMP1272,2026-04-30,3,Okay
EMP1272,2026-05-02,2,Sad
EMP1272,2026-05-04,4,Happy
EMP1272,2026-05-08,3,Okay
EMP1272,2026-05-10,3,Okay
EMP1272,2026-05-12,4,Happy
EMP1272,2026-05-14,3,Okay
EMP1272,2026-05-16,4,Happy
EMP1272,2026-05-18,3,Okay
EMP1272,2026-05-22,4,Happy
EMP1272,2026-05-24,4,Happy
EMP1272,2026-05-26,3,Okay
EMP1272,2026-05-30,4,Happy
EMP1272,2026-06-01,2,Sad
EMP1272,2026-06-03,4,Happy
EMP1272,2026-06-07,4,Happy
EMP1272,2026-06-09,3,Okay
EMP1272,2026-06-11,4,Happy
EMP1272,2026-06-13,4,Happy
EMP1272,2026-06-15,4,Happy
EMP1272,2026-06-17,3,Okay
EMP1272,2026-06-19,4,Happy
EMP1272,2026-06-21,5,Excited
EMP1272,2026-06-23,3,Okay
EMP1272,2026-06-25,3,Okay
EMP1272,2026-06-27,3,Okay
EMP1272,2026-07-01,3,Okay
EMP1272,2026-07-03,5,Excited
EMP1272,2026-07-09,4,Happy
EMP1272,2026-07-11,4,Happy
EMP1272,2026-07-13,4,Happy
EMP1272,2026-07-15,3,Okay
EMP1272,2026-07-17,4,Happy
EMP1272,2026-07-19,4,Happy
EMP1272,2026-07-21,4,Happy
EMP1272,2026-07-23,4,Happy
EMP1272,2026-07-25,4,Happy
EMP1272,2026-07-27,2,Sad
EMP1272,2026-07-31,3,Okay
EMP1272,2026-08-02,4,Happy
EMP1272,2026-08-04,3,Okay
EMP1272,2026-08-06,4,Happy
EMP1272,2026-08-08,4,Happy
EMP1272,2026-08-14,4,Happy
EMP1272,2026-08-16,4,Happy
EMP1272,2026-08-18,4,Happy
EMP1272,2026-08-20,3,Okay
EMP1272,2026-08-22,4,Happy
EMP1272,2026-08-24,3,Okay
EMP1272,2026-08-26,4,Happy
EMP1273,2026-04-28,4,Happy
EMP1273,2026-04-30,4,Happy
EMP1273,2026-05-02,4,Happy
EMP1273,2026-05-04,5,Excited
EMP1273,2026-05-06,5,Excited
EMP1273,2026-05-08,3,Okay
EMP1273,2026-05-12,3,Okay
EMP1273,2026-05-14,2,Sad
EMP1273,2026-05-16,3,Okay
EMP1273,2026-05-18,3,Okay
EMP1273,2026-05-20,5,Excited
EMP1273,2026-05-22,4,Happy
EMP1273,2026-05-24,3,Okay
EMP1273,2026-05-26,4,Happy
EMP1273,2026-05-28,3,Okay
EMP1273,2026-06-01,4,Happy
EMP1273,2026-06-03,2,Sad
EMP1273,2026-06-05,3,Okay
EMP1273,2026-06-07,5,Excited
EMP1273,2026-06-09,4,Happy
EMP1273,2026-06-11,4,Happy
EMP1273,2026-06-15,3,Okay
EMP1273,2026-06-19,4,Happy
EMP1273,2026-06-23,3,Okay
EMP1273,2026-06-25,3,Okay
EMP1273,2026-06-29,3,Okay
EMP1273,2026-07-03,4,Happy
EMP1273,2026-07-05,4,Happy
EMP1273,2026-07-07,4,Happy
EMP1273,2026-07-09,4,Happy
EMP1273,2026-07-11,3,Okay
EMP1273,2026-07-13,4,Happy
EMP1273,2026-07-15,3,Okay
EMP1273,2026-07-19,3,Okay
EMP1273,2026-07-21,3,Okay
EMP1273,2026-07-23,5,Excited
EMP1273,2026-07-25,3,Okay
EMP1273,2026-07-29,4,Happy
EMP1273,2026-07-31,4,Happy
EMP1273,2026-08-02,3,Okay
EMP1273,2026-08-04,4,Happy
EMP1273,2026-08-06,4,Happy
EMP1273,2026-08-08,3,Okay
EMP1273,2026-08-10,3,Okay
EMP1273,2026-08-12,3,Okay
EMP1273,2026-08-14,4,Happy
EMP1273,2026-08-16,4,Happy
EMP1273,2026-08-18,3,Okay
EMP1273,2026-08-20,4,Happy
EMP1273,2026-08-22,5,Excited
EMP1273,2026-08-24,2,Sad
EMP1273,2026-08-26,3,Okay
EMP1274,2026-04-28,4,Happy
EMP1274,2026-04-30,3,Okay
EMP1274,2026-05-02,5,Excited
EMP1274,2026-05-04,3,Okay
EMP1274,2026-05-06,3,Okay
EMP1274,2026-05-12,4,Happy
EMP1274,2026-05-14,4,Happy
EMP1274,2026-05-16,4,Happy
EMP1274,2026-05-18,4,Happy
EMP1274,2026-05-20,2,Sad
EMP1274,2026-05-22,4,Happy
EMP1274,2026-05-24,5,Excited
EMP1274,2026-05-26,3,Okay
EMP1274,2026-05-28,4,Happy
EMP1274,2026-06-01,4,Happy
EMP1274,2026-06-03,4,Happy
EMP1274,2026-06-09,4,Happy
EMP1274,2026-06-11,3,Okay
EMP1274,2026-06-13,3,Okay
EMP1274,2026-06-15,3,Okay
EMP1274,2026-06-17,5,Excited
EMP1274,2026-06-19,2,Sad
EMP1274,2026-06-21,2,Sad
EMP1274,2026-06-23,4,Happy
EMP1274,2026-06-25,4,Happy
EMP1274,2026-06-27,2,Sad
EMP1274,2026-07-01,3,Okay
EMP1274,2026-07-05,2,Sad
EMP1274,2026-07-09,4,Happy
EMP1274,2026-07-11,4,Happy
EMP1274,2026-07-13,3,Okay
EMP1274,2026-07-15,3,Okay
EMP1274,2026-07-17,3,Okay
EMP1274,2026-07-19,5,Excited
EMP1274,2026-07-21,3,Okay
EMP1274,2026-07-23,4,Happy
EMP1274,2026-07-25,4,Happy
EMP1274,2026-07-27,3,Okay
EMP1274,2026-07-29,4,Happy
EMP1274,2026-08-02,4,Happy
EMP1274,2026-08-04,5,Excited
EMP1274,2026-08-06,4,Happy
EMP1274,2026-08-08,4,Happy
EMP1274,2026-08-10,4,Happy
EMP1274,2026-08-12,3,Okay
EMP1274,2026-08-14,3,Okay
EMP1274,2026-08-16,4,Happy
EMP1274,2026-08-18,4,Happy
EMP1274,2026-08-20,3,Okay
EMP1274,2026-08-22,4,Happy
EMP1274,2026-08-24,3,Okay
EMP1275,2026-04-28,3,Okay
EMP1275,2026-04-30,2,Sad
EMP1275,2026-05-02,2,Sad
EMP1275,2026-05-04,3,Okay
EMP1275,2026-05-06,2,Sad
EMP1275,2026-05-08,3,Okay
EMP1275,2026-05-10,2,Sad
EMP1275,2026-05-12,2,Sad
EMP1275,2026-05-14,2,Sad
EMP1275,2026-05-16,2,Sad
EMP1275,2026-05-18,2,Sad
EMP1275,2026-05-20,2,Sad
EMP1275,2026-05-22,3,Okay
EMP1275,2026-05-24,3,Okay
EMP1275,2026-05-26,2,Sad
EMP1275,2026-05-28,3,Okay
EMP1275,2026-05-30,2,Sad
EMP1275,2026-06-01,1,Frustrated
EMP1275,2026-06-07,3,Okay
EMP1275,2026-06-09,2,Sad
EMP1275,2026-06-11,3,Okay
EMP1275,2026-06-13,2,Sad
EMP1275,2026-06-15,2,Sad
EMP1275,2026-06-17,2,Sad
EMP1275,2026-06-19,3,Okay
EMP1275,2026-06-21,2,Sad
EMP1275,2026-06-23,3,Okay
EMP1275,2026-06-27,2,Sad
EMP1275,2026-06-29,2,Sad
EMP1275,2026-07-01,2,Sad
EMP1275,2026-07-05,3,Okay
EMP1275,2026-07-07,2,Sad
EMP1275,2026-07-09,1,Frustrated
EMP1275,2026-07-11,1,Frustrated
EMP1275,2026-07-15,2,Sad
EMP1275,2026-07-17,1,Frustrated
EMP1275,2026-07-19,3,Okay
EMP1275,2026-07-21,2,Sad
EMP1275,2026-07-25,1,Frustrated
EMP1275,2026-07-27,2,Sad
EMP1275,2026-07-29,2,Sad
EMP1275,2026-07-31,2,Sad
EMP1275,2026-08-02,1,Frustrated
EMP1275,2026-08-04,2,Sad
EMP1275,2026-08-06,3,Okay
EMP1275,2026-08-08,1,Frustrated
EMP1275,2026-08-10,2,Sad
EMP1275,2026-08-12,1,Frustrated
EMP1275,2026-08-14,2,Sad
EMP1275,2026-08-18,2,Sad
EMP1275,2026-08-20,2,Sad
EMP1275,2026-08-22,2,Sad
EMP1275,2026-08-24,2,Sad
EMP1276,2026-04-30,4,Happy
EMP1276,2026-05-04,4,Happy
EMP1276,2026-05-06,3,Okay
EMP1276,2026-05-08,3,Okay
EMP1276,2026-05-10,4,Happy
EMP1276,2026-05-12,4,Happy
EMP1276,2026-05-16,5,Excited
EMP1276,2026-05-18,3,Okay
EMP1276,2026-05-20,3,Okay
EMP1276,2026-05-22,3,Okay
EMP1276,2026-05-24,3,Okay
EMP1276,2026-05-26,2,Sad
EMP1276,2026-05-28,5,Excited
EMP1276,2026-05-30,4,Happy
EMP1276,2026-06-01,5,Excited
EMP1276,2026-06-03,3,Okay
EMP1276,2026-06-05,4,Happy
EMP1276,2026-06-09,4,Happy
EMP1276,2026-06-15,4,Happy
EMP1276,2026-06-17,4,Happy
EMP1276,2026-06-19,2,Sad
EMP1276,2026-06-21,3,Okay
EMP1276,2026-06-23,3,Okay
EMP1276,2026-06-25,5,Excited
EMP1276,2026-06-27,4,Happy
EMP1276,2026-06-29,4,Happy
EMP1276,2026-07-01,4,Happy
EMP1276,2026-07-05,5,Excited
EMP1276,2026-07-07,3,Okay
EMP1276,2026-07-09,3,Okay
EMP1276,2026-07-11,4,Happy
EMP1276,2026-07-13,4,Happy
EMP1276,2026-07-17,4,Happy
EMP1276,2026-07-19,4,Happy
EMP1276,2026-07-21,5,Excited
EMP1276,2026-07-23,4,Happy
EMP1276,2026-07-25,5,Excited
EMP1276,2026-07-27,4,Happy
EMP1276,2026-07-29,5,Excited
EMP1276,2026-07-31,3,Okay
EMP1276,2026-08-04,4,Happy
EMP1276,2026-08-06,4,Happy
EMP1276,2026-08-08,3,Okay
EMP1276,2026-08-10,4,Happy
EMP1276,2026-08-12,4,Happy
EMP1276,2026-08-14,3,Okay
EMP1276,2026-08-16,3,Okay
EMP1276,2026-08-18,3,Okay
EMP1276,2026-08-20,4,Happy
EMP1276,2026-08-22,3,Okay
EMP1276,2026-08-24,3,Okay
EMP1276,2026-08-26,4,Happy
EMP1277,2026-04-28,4,Happy
EMP1277,2026-04-30,5,Excited
EMP1277,2026-05-02,3,Okay
EMP1277,2026-05-04,4,Happy
EMP1277,2026-05-06,5,Excited
EMP1277,2026-05-10,4,Happy
EMP1277,2026-05-12,4,Happy
EMP1277,2026-05-14,4,Happy
EMP1277,2026-05-16,5,Excited
EMP1277,2026-05-18,3,Okay
EMP1277,2026-05-20,3,Okay
EMP1277,2026-05-22,2,Sad
EMP1277,2026-05-24,4,Happy
EMP1277,2026-05-26,4,Happy
EMP1277,2026-05-28,3,Okay
EMP1277,2026-05-30,4,Happy
EMP1277,2026-06-01,3,Okay
EMP1277,2026-06-03,4,Happy
EMP1277,2026-06-05,4,Happy
EMP1277,2026-06-07,3,Okay
EMP1277,2026-06-09,5,Excited
EMP1277,2026-06-11,4,Happy
EMP1277,2026-06-13,4,Happy
EMP1277,2026-06-17,4,Happy
EMP1277,2026-06-19,4,Happy
EMP1277,2026-06-21,3,Okay
EMP1277,2026-06-23,4,Happy
EMP1277,2026-06-25,4,Happy
EMP1277,2026-06-27,4,Happy
EMP1277,2026-06-29,3,Okay
EMP1277,2026-07-01,5,Excited
EMP1277,2026-07-03,3,Okay
EMP1277,2026-07-05,4,Happy
EMP1277,2026-07-07,4,Happy
EMP1277,2026-07-09,3,Okay
EMP1277,2026-07-11,3,Okay
EMP1277,2026-07-13,4,Happy
EMP1277,2026-07-15,4,Happy
EMP1277,2026-07-17,4,Happy
EMP1277,2026-07-19,3,Okay
EMP1277,2026-07-21,3,Okay
EMP1277,2026-07-23,4,Happy
EMP1277,2026-07-25,4,Happy
EMP1277,2026-07-27,4,Happy
EMP1277,2026-07-29,4,Happy
EMP1277,2026-07-31,4,Happy
EMP1277,2026-08-02,5,Excited
EMP1277,2026-08-04,2,Sad
EMP1277,2026-08-06,4,Happy
EMP1277,2026-08-10,4,Happy
EMP1277,2026-08-12,4,Happy
EMP1277,2026-08-16,3,Okay
EMP1277,2026-08-18,4,Happy
EMP1277,2026-08-20,4,Happy
EMP1277,2026-08-22,4,Happy
EMP1277,2026-08-24,3,Okay
EMP1277,2026-08-26,5,Excited
EMP1278,2026-04-28,5,Excited
EMP1278,2026-04-30,5,Excited
EMP1278,2026-05-04,5,Excited
EMP1278,2026-05-06,5,Excited
EMP1278,2026-05-08,4,Happy
EMP1278,2026-05-10,4,Happy
EMP1278,2026-05-12,5,Excited
EMP1278,2026-05-14,5,Excited
EMP1278,2026-05-16,5,Excited
EMP1278,2026-05-18,5,Excited
EMP1278,2026-05-20,5,Excited
EMP1278,2026-05-22,4,Happy
EMP1278,2026-05-26,5,Excited
EMP1278,2026-05-28,4,Happy
EMP1278,2026-05-30,5,Excited
EMP1278,2026-06-05,4,Happy
EMP1278,2026-06-07,5,Excited
EMP1278,2026-06-09,5,Excited
EMP1278,2026-06-11,5,Excited
EMP1278,2026-06-13,5,Excited
EMP1278,2026-06-15,4,Happy
EMP1278,2026-06-17,5,Excited
EMP1278,2026-06-21,4,Happy
EMP1278,2026-06-23,5,Excited
EMP1278,2026-06-25,4,Happy
EMP1278,2026-06-27,4,Happy
EMP1278,2026-06-29,4,Happy
EMP1278,2026-07-03,5,Excited
EMP1278,2026-07-05,4,Happy
EMP1278,2026-07-07,4,Happy
EMP1278,2026-07-09,5,Excited
EMP1278,2026-07-11,5,Excited
EMP1278,2026-07-13,5,Excited
EMP1278,2026-07-15,5,Excited
EMP1278,2026-07-17,5,Excited
EMP1278,2026-07-19,5,Excited
EMP1278,2026-07-21,5,Excited
EMP1278,2026-07-23,4,Happy
EMP1278,2026-07-25,4,Happy
EMP1278,2026-07-27,4,Happy
EMP1278,2026-07-29,5,Excited
EMP1278,2026-08-02,4,Happy
EMP1278,2026-08-06,4,Happy
EMP1278,2026-08-08,4,Happy
EMP1278,2026-08-10,5,Excited
EMP1278,2026-08-12,5,Excited
EMP1278,2026-08-14,5,Excited
EMP1278,2026-08-16,5,Excited
EMP1278,2026-08-18,5,Excited
EMP1278,2026-08-20,5,Excited
EMP1278,2026-08-22,5,Excited
EMP1278,2026-08-24,4,Happy
EMP1278,2026-08-26,5,Excited
EMP1279,2026-04-28,2,Sad
EMP1279,2026-05-02,3,Okay
EMP1279,2026-05-04,3,Okay
EMP1279,2026-05-06,3,Okay
EMP1279,2026-05-10,2,Sad
EMP1279,2026-05-12,2,Sad
EMP1279,2026-05-14,2,Sad
EMP1279,2026-05-16,2,Sad
EMP1279,2026-05-18,1,Frustrated
EMP1279,2026-05-20,2,Sad
EMP1279,2026-05-22,2,Sad
EMP1279,2026-05-24,1,Frustrated
EMP1279,2026-05-26,1,Frustrated
EMP1279,2026-05-28,1,Frustrated
EMP1279,2026-05-30,2,Sad
EMP1279,2026-06-01,2,Sad
EMP1279,2026-06-03,3,Okay
EMP1279,2026-06-05,1,Frustrated
EMP1279,2026-06-07,1,Frustrated
EMP1279,2026-06-09,2,Sad
EMP1279,2026-06-11,3,Okay
EMP1279,2026-06-17,2,Sad
EMP1279,2026-06-21,3,Okay
EMP1279,2026-06-23,2,Sad
EMP1279,2026-06-25,2,Sad
EMP1279,2026-06-27,2,Sad
EMP1279,2026-06-29,1,Frustrated
EMP1279,2026-07-01,2,Sad
EMP1279,2026-07-03,2,Sad
EMP1279,2026-07-05,1,Frustrated
EMP1279,2026-07-07,2,Sad
EMP1279,2026-07-09,2,Sad
EMP1279,2026-07-11,2,Sad
EMP1279,2026-07-13,3,Okay
EMP1279,2026-07-15,2,Sad
EMP1279,2026-07-17,2,Sad
EMP1279,2026-07-19,1,Frustrated
EMP1279,2026-07-21,1,Frustrated
EMP1279,2026-07-23,1,Frustrated
EMP1279,2026-07-25,1,Frustrated
EMP1279,2026-07-27,1,Frustrated
EMP1279,2026-07-29,1,Frustrated
EMP1279,2026-07-31,2,Sad
EMP1279,2026-08-04,1,Frustrated
EMP1279,2026-08-06,1,Frustrated
EMP1279,2026-08-08,1,Frustrated
EMP1279,2026-08-10,1,Frustrated
EMP1279,2026-08-14,2,Sad
EMP1279,2026-08-16,1,Frustrated
EMP1279,2026-08-18,1,Frustrated
EMP1279,2026-08-20,1,Frustrated
EMP1279,2026-08-22,2,Sad
EMP1279,2026-08-24,1,Frustrated
EMP1279,2026-08-26,2,Sad
EMP1280,2026-04-28,2,Sad
EMP1280,2026-04-30,2,Sad
EMP1280,2026-05-02,2,Sad
EMP1280,2026-05-04,2,Sad
EMP1280,2026-05-06,2,Sad
EMP1280,2026-05-08,2,Sad
EMP1280,2026-05-10,1,Frustrated
EMP1280,2026-05-14,1,Frustrated
EMP1280,2026-05-16,2,Sad
EMP1280,2026-05-18,2,Sad
EMP1280,2026-05-20,2,Sad
EMP1280,2026-05-24,2,Sad
EMP1280,2026-05-26,2,Sad
EMP1280,2026-05-28,1,Frustrated
EMP1280,2026-06-01,2,Sad
EMP1280,2026-06-03,1,Frustrated
EMP1280,2026-06-07,2,Sad
EMP1280,2026-06-09,1,Frustrated
EMP1280,2026-06-11,2,Sad
EMP1280,2026-06-13,2,Sad
EMP1280,2026-06-15,2,Sad
EMP1280,2026-06-17,2,Sad
EMP1280,2026-06-19,2,Sad
EMP1280,2026-06-21,1,Frustrated
EMP1280,2026-06-25,2,Sad
EMP1280,2026-06-27,3,Okay
EMP1280,2026-06-29,1,Frustrated
EMP1280,2026-07-01,1,Frustrated
EMP1280,2026-07-03,2,Sad
EMP1280,2026-07-05,1,Frustrated
EMP1280,2026-07-07,2,Sad
EMP1280,2026-07-11,1,Frustrated
EMP1280,2026-07-13,1,Frustrated
EMP1280,2026-07-15,1,Frustrated
EMP1280,2026-07-17,2,Sad
EMP1280,2026-07-19,2,Sad
EMP1280,2026-07-21,1,Frustrated
EMP1280,2026-07-23,2,Sad
EMP1280,2026-07-29,1,Frustrated
EMP1280,2026-07-31,1,Frustrated
EMP1280,2026-08-02,1,Frustrated
EMP1280,2026-08-04,1,Frustrated
EMP1280,2026-08-06,1,Frustrated
EMP1280,2026-08-08,2,Sad
EMP1280,2026-08-10,1,Frustrated
EMP1280,2026-08-12,1,Frustrated
EMP1280,2026-08-14,1,Frustrated
EMP1280,2026-08-16,1,Frustrated
EMP1280,2026-08-18,1,Frustrated
EMP1280,2026-08-20,1,Frustrated
EMP1280,2026-08-22,1,Frustrated
EMP1280,2026-08-24,2,Sad
EMP1280,2026-08-26,1,Frustrated
EMP1281,2026-04-28,2,Sad
EMP1281,2026-04-30,2,Sad
EMP1281,2026-05-02,3,Okay
EMP1281,2026-05-04,2,Sad
EMP1281,2026-05-06,1,Frustrated
EMP1281,2026-05-10,2,Sad
EMP1281,2026-05-14,2,Sad
EMP1281,2026-05-16,2,Sad
EMP1281,2026-05-18,3,Okay
EMP1281,2026-05-20,1,Frustrated
EMP1281,2026-05-24,2,Sad
EMP1281,2026-05-26,1,Frustrated
EMP1281,2026-05-28,2,Sad
EMP1281,2026-05-30,2,Sad
EMP1281,2026-06-01,2,Sad
EMP1281,2026-06-03,2,Sad
EMP1281,2026-06-05,3,Okay
EMP1281,2026-06-07,2,Sad
EMP1281,2026-06-09,2,Sad
EMP1281,2026-06-11,1,Frustrated
EMP1281,2026-06-13,1,Frustrated
EMP1281,2026-06-17,1,Frustrated
EMP1281,2026-06-19,2,Sad
EMP1281,2026-06-21,1,Frustrated
EMP1281,2026-06-23,1,Frustrated
EMP1281,2026-06-25,2,Sad
EMP1281,2026-06-29,1,Frustrated
EMP1281,2026-07-01,2,Sad
EMP1281,2026-07-05,1,Frustrated
EMP1281,2026-07-07,1,Frustrated
EMP1281,2026-07-09,2,Sad
EMP1281,2026-07-11,2,Sad
EMP1281,2026-07-13,2,Sad
EMP1281,2026-07-15,2,Sad
EMP1281,2026-07-19,1,Frustrated
EMP1281,2026-07-21,2,Sad
EMP1281,2026-07-25,1,Frustrated
EMP1281,2026-07-27,1,Frustrated
EMP1281,2026-07-29,1,Frustrated
EMP1281,2026-07-31,2,Sad
EMP1281,2026-08-02,2,Sad
EMP1281,2026-08-06,1,Frustrated
EMP1281,2026-08-08,1,Frustrated
EMP1281,2026-08-10,1,Frustrated
EMP1281,2026-08-12,1,Frustrated
EMP1281,2026-08-16,2,Sad
EMP1281,2026-08-18,1,Frustrated
EMP1281,2026-08-20,1,Frustrated
EMP1281,2026-08-22,1,Frustrated
EMP1281,2026-08-24,1,Frustrated
EMP1281,2026-08-26,2,Sad
EMP1282,2026-04-28,1,Frustrated
EMP1282,2026-04-30,1,Frustrated
EMP1282,2026-05-02,3,Okay
EMP1282,2026-05-06,2,Sad
EMP1282,2026-05-08,2,Sad
EMP1282,2026-05-10,1,Frustrated
EMP1282,2026-05-12,2,Sad
EMP1282,2026-05-14,1,Frustrated
EMP1282,2026-05-16,2,Sad
EMP1282,2026-05-18,2,Sad
EMP1282,2026-05-20,1,Frustrated
EMP1282,2026-05-22,2,Sad
EMP1282,2026-05-24,1,Frustrated
EMP1282,2026-05-26,2,Sad
EMP1282,2026-05-28,1,Frustrated
EMP1282,2026-05-30,1,Frustrated
EMP1282,2026-06-01,2,Sad
EMP1282,2026-06-03,2,Sad
EMP1282,2026-06-05,1,Frustrated
EMP1282,2026-06-07,1,Frustrated
EMP1282,2026-06-09,2,Sad
EMP1282,2026-06-11,2,Sad
EMP1282,2026-06-13,2,Sad
EMP1282,2026-06-17,1,Frustrated
EMP1282,2026-06-19,1,Frustrated
EMP1282,2026-06-21,1,Frustrated
EMP1282,2026-06-23,2,Sad
EMP1282,2026-06-25,2,Sad
EMP1282,2026-06-27,3,Okay
EMP1282,2026-06-29,1,Frustrated
EMP1282,2026-07-01,1,Frustrated
EMP1282,2026-07-03,1,Frustrated
EMP1282,2026-07-05,1,Frustrated
EMP1282,2026-07-07,1,Frustrated
EMP1282,2026-07-09,3,Okay
EMP1282,2026-07-11,2,Sad
EMP1282,2026-07-13,1,Frustrated
EMP1282,2026-07-15,1,Frustrated
EMP1282,2026-07-17,1,Frustrated
EMP1282,2026-07-19,1,Frustrated
EMP1282,2026-07-21,1,Frustrated
EMP1282,2026-07-23,2,Sad
EMP1282,2026-07-25,2,Sad
EMP1282,2026-07-27,2,Sad
EMP1282,2026-07-29,2,Sad
EMP1282,2026-08-02,1,Frustrated
EMP1282,2026-08-04,2,Sad
EMP1282,2026-08-06,1,Frustrated
EMP1282,2026-08-10,2,Sad
EMP1282,2026-08-12,1,Frustrated
EMP1282,2026-08-14,1,Frustrated
EMP1282,2026-08-16,1,Frustrated
EMP1282,2026-08-20,2,Sad
EMP1282,2026-08-22,1,Frustrated
EMP1282,2026-08-24,2,Sad
EMP1282,2026-08-26,1,Frustrated
EMP1283,2026-04-28,4,Happy
EMP1283,2026-04-30,3,Okay
EMP1283,2026-05-02,5,Excited
EMP1283,2026-05-04,4,Happy
EMP1283,2026-05-06,4,Happy
EMP1283,2026-05-10,4,Happy
EMP1283,2026-05-12,4,Happy
EMP1283,2026-05-14,3,Okay
EMP1283,2026-05-16,3,Okay
EMP1283,2026-05-20,3,Okay
EMP1283,2026-05-22,3,Okay
EMP1283,2026-05-24,4,Happy
EMP1283,2026-05-28,3,Okay
EMP1283,2026-05-30,3,Okay
EMP1283,2026-06-01,3,Okay
EMP1283,2026-06-03,2,Sad
EMP1283,2026-06-05,3,Okay
EMP1283,2026-06-07,3,Okay
EMP1283,2026-06-09,3,Okay
EMP1283,2026-06-11,4,Happy
EMP1283,2026-06-13,4,Happy
EMP1283,2026-06-15,4,Happy
EMP1283,2026-06-17,4,Happy
EMP1283,2026-06-19,4,Happy
EMP1283,2026-06-21,3,Okay
EMP1283,2026-06-23,3,Okay
EMP1283,2026-06-25,4,Happy
EMP1283,2026-06-27,4,Happy
EMP1283,2026-06-29,5,Excited
EMP1283,2026-07-01,3,Okay
EMP1283,2026-07-03,3,Okay
EMP1283,2026-07-05,4,Happy
EMP1283,2026-07-07,3,Okay
EMP1283,2026-07-09,3,Okay
EMP1283,2026-07-13,5,Excited
EMP1283,2026-07-15,4,Happy
EMP1283,2026-07-17,3,Okay
EMP1283,2026-07-19,4,Happy
EMP1283,2026-07-21,4,Happy
EMP1283,2026-07-23,3,Okay
EMP1283,2026-07-25,4,Happy
EMP1283,2026-07-27,4,Happy
EMP1283,2026-07-29,4,Happy
EMP1283,2026-07-31,3,Okay
EMP1283,2026-08-02,4,Happy
EMP1283,2026-08-04,3,Okay
EMP1283,2026-08-06,2,Sad
EMP1283,2026-08-10,2,Sad
EMP1283,2026-08-12,3,Okay
EMP1283,2026-08-14,3,Okay
EMP1283,2026-08-16,3,Okay
EMP1283,2026-08-20,3,Okay
EMP1283,2026-08-22,4,Happy
EMP1283,2026-08-24,4,Happy
EMP1283,2026-08-26,4,Happy
EMP1284,2026-04-28,4,Happy
EMP1284,2026-04-30,3,Okay
EMP1284,2026-05-02,4,Happy
EMP1284,2026-05-04,4,Happy
EMP1284,2026-05-06,3,Okay
EMP1284,2026-05-08,3,Okay
EMP1284,2026-05-10,3,Okay
EMP1284,2026-05-12,4,Happy
EMP1284,2026-05-14,3,Okay
EMP1284,2026-05-16,3,Okay
EMP1284,2026-05-20,5,Excited
EMP1284,2026-05-22,3,Okay
EMP1284,2026-05-26,4,Happy
EMP1284,2026-05-28,4,Happy
EMP1284,2026-05-30,4,Happy
EMP1284,2026-06-01,4,Happy
EMP1284,2026-06-03,4,Happy
EMP1284,2026-06-05,4,Happy
EMP1284,2026-06-07,4,Happy
EMP1284,2026-06-09,5,Excited
EMP1284,2026-06-11,3,Okay
EMP1284,2026-06-15,5,Excited
EMP1284,2026-06-17,5,Excited
EMP1284,2026-06-19,3,Okay
EMP1284,2026-06-23,4,Happy
EMP1284,2026-06-25,4,Happy
EMP1284,2026-06-29,4,Happy
EMP1284,2026-07-01,3,Okay
EMP1284,2026-07-03,5,Excited
EMP1284,2026-07-05,4,Happy
EMP1284,2026-07-07,4,Happy
EMP1284,2026-07-09,4,Happy
EMP1284,2026-07-11,4,Happy
EMP1284,2026-07-13,3,Okay
EMP1284,2026-07-15,4,Happy
EMP1284,2026-07-17,4,Happy
EMP1284,2026-07-21,4,Happy
EMP1284,2026-07-23,4,Happy
EMP1284,2026-07-25,4,Happy
EMP1284,2026-07-31,4,Happy
EMP1284,2026-08-02,4,Happy
EMP1284,2026-08-04,4,Happy
EMP1284,2026-08-06,4,Happy
EMP1284,2026-08-08,5,Excited
EMP1284,2026-08-10,5,Excited
EMP1284,2026-08-16,5,Excited
EMP1284,2026-08-18,4,Happy
EMP1284,2026-08-20,5,Excited
EMP1284,2026-08-22,4,Happy
EMP1284,2026-08-24,4,Happy
EMP1284,2026-08-26,3,Okay
EMP1285,2026-04-28,1,Frustrated
EMP1285,2026-04-30,3,Okay
EMP1285,2026-05-02,3,Okay
EMP1285,2026-05-04,2,Sad
EMP1285,2026-05-06,1,Frustrated
EMP1285,2026-05-08,2,Sad
EMP1285,2026-05-10,2,Sad
EMP1285,2026-05-12,2,Sad
EMP1285,2026-05-14,1,Frustrated
EMP1285,2026-05-16,2,Sad
EMP1285,2026-05-20,2,Sad
EMP1285,2026-05-22,2,Sad
EMP1285,2026-05-24,2,Sad
EMP1285,2026-05-26,1,Frustrated
EMP1285,2026-05-28,2,Sad
EMP1285,2026-05-30,1,Frustrated
EMP1285,2026-06-01,2,Sad
EMP1285,2026-06-03,2,Sad
EMP1285,2026-06-05,2,Sad
EMP1285,2026-06-07,2,Sad
EMP1285,2026-06-09,1,Frustrated
EMP1285,2026-06-11,2,Sad
EMP1285,2026-06-15,2,Sad
EMP1285,2026-06-19,1,Frustrated
EMP1285,2026-06-21,2,Sad
EMP1285,2026-06-23,1,Frustrated
EMP1285,2026-06-27,1,Frustrated
EMP1285,2026-06-29,2,Sad
EMP1285,2026-07-03,2,Sad
EMP1285,2026-07-05,1,Frustrated
EMP1285,2026-07-11,1,Frustrated
EMP1285,2026-07-13,1,Frustrated
EMP1285,2026-07-15,1,Frustrated
EMP1285,2026-07-17,1,Frustrated
EMP1285,2026-07-19,2,Sad
EMP1285,2026-07-21,1,Frustrated
EMP1285,2026-07-23,1,Frustrated
EMP1285,2026-07-25,2,Sad
EMP1285,2026-07-27,1,Frustrated
EMP1285,2026-07-29,1,Frustrated
EMP1285,2026-07-31,1,Frustrated
EMP1285,2026-08-04,1,Frustrated
EMP1285,2026-08-06,2,Sad
EMP1285,2026-08-10,2,Sad
EMP1285,2026-08-12,1,Frustrated
EMP1285,2026-08-14,1,Frustrated
EMP1285,2026-08-18,1,Frustrated
EMP1285,2026-08-20,2,Sad
EMP1285,2026-08-22,1,Frustrated
EMP1285,2026-08-24,1,Frustrated
EMP1285,2026-08-26,1,Frustrated
EMP1286,2026-04-28,3,Okay
EMP1286,2026-04-30,3,Okay
EMP1286,2026-05-02,3,Okay
EMP1286,2026-05-04,2,Sad
EMP1286,2026-05-06,4,Happy
EMP1286,2026-05-08,5,Excited
EMP1286,2026-05-10,2,Sad
EMP1286,2026-05-12,5,Excited
EMP1286,2026-05-14,4,Happy
EMP1286,2026-05-16,4,Happy
EMP1286,2026-05-18,3,Okay
EMP1286,2026-05-20,5,Excited
EMP1286,2026-05-22,3,Okay
EMP1286,2026-05-24,4,Happy
EMP1286,2026-05-26,5,Excited
EMP1286,2026-05-28,3,Okay
EMP1286,2026-05-30,2,Sad
EMP1286,2026-06-01,4,Happy
EMP1286,2026-06-03,3,Okay
EMP1286,2026-06-05,3,Okay
EMP1286,2026-06-07,3,Okay
EMP1286,2026-06-09,3,Okay
EMP1286,2026-06-11,5,Excited
EMP1286,2026-06-13,4,Happy
EMP1286,2026-06-17,4,Happy
EMP1286,2026-06-19,3,Okay
EMP1286,2026-06-23,3,Okay
EMP1286,2026-06-25,5,Excited
EMP1286,2026-06-27,4,Happy
EMP1286,2026-07-01,4,Happy
EMP1286,2026-07-03,3,Okay
EMP1286,2026-07-05,5,Excited
EMP1286,2026-07-07,4,Happy
EMP1286,2026-07-09,3,Okay
EMP1286,2026-07-11,4,Happy
EMP1286,2026-07-13,5,Excited
EMP1286,2026-07-17,2,Sad
EMP1286,2026-07-21,4,Happy
EMP1286,2026-07-23,3,Okay
EMP1286,2026-07-25,4,Happy
EMP1286,2026-07-27,4,Happy
EMP1286,2026-07-29,2,Sad
EMP1286,2026-08-02,3,Okay
EMP1286,2026-08-04,4,Happy
EMP1286,2026-08-06,4,Happy
EMP1286,2026-08-08,5,Excited
EMP1286,2026-08-10,3,Okay
EMP1286,2026-08-12,4,Happy
EMP1286,2026-08-14,2,Sad
EMP1286,2026-08-16,4,Happy
EMP1286,2026-08-18,4,Happy
EMP1286,2026-08-22,2,Sad
EMP1286,2026-08-24,4,Happy
EMP1286,2026-08-26,4,Happy
EMP1287,2026-04-28,4,Happy
EMP1287,2026-04-30,3,Okay
EMP1287,2026-05-02,4,Happy
EMP1287,2026-05-04,3,Okay
EMP1287,2026-05-06,5,Excited
EMP1287,2026-05-08,3,Okay
EMP1287,2026-05-10,4,Happy
EMP1287,2026-05-12,3,Okay
EMP1287,2026-05-14,3,Okay
EMP1287,2026-05-16,5,Excited
EMP1287,2026-05-18,3,Okay
EMP1287,2026-05-20,5,Excited
EMP1287,2026-05-22,3,Okay
EMP1287,2026-05-24,3,Okay
EMP1287,2026-05-26,3,Okay
EMP1287,2026-05-28,4,Happy
EMP1287,2026-05-30,4,Happy
EMP1287,2026-06-01,3,Okay
EMP1287,2026-06-03,3,Okay
EMP1287,2026-06-05,4,Happy
EMP1287,2026-06-07,4,Happy
EMP1287,2026-06-09,4,Happy
EMP1287,2026-06-11,4,Happy
EMP1287,2026-06-13,1,Frustrated
EMP1287,2026-06-15,3,Okay
EMP1287,2026-06-17,4,Happy
EMP1287,2026-06-21,3,Okay
EMP1287,2026-06-23,4,Happy
EMP1287,2026-06-25,3,Okay
EMP1287,2026-06-27,3,Okay
EMP1287,2026-07-01,4,Happy
EMP1287,2026-07-03,3,Okay
EMP1287,2026-07-05,3,Okay
EMP1287,2026-07-07,5,Excited
EMP1287,2026-07-09,4,Happy
EMP1287,2026-07-11,4,Happy
EMP1287,2026-07-13,3,Okay
EMP1287,2026-07-17,4,Happy
EMP1287,2026-07-19,4,Happy
EMP1287,2026-07-21,4,Happy
EMP1287,2026-07-27,4,Happy
EMP1287,2026-07-29,3,Okay
EMP1287,2026-07-31,2,Sad
EMP1287,2026-08-02,5,Excited
EMP1287,2026-08-04,4,Happy
EMP1287,2026-08-06,3,Okay
EMP1287,2026-08-08,5,Excited
EMP1287,2026-08-10,3,Okay
EMP1287,2026-08-12,5,Excited
EMP1287,2026-08-14,4,Happy
EMP1287,2026-08-16,4,Happy
EMP1287,2026-08-18,3,Okay
EMP1287,2026-08-20,4,Happy
EMP1287,2026-08-22,4,Happy
EMP1287,2026-08-24,4,Happy
EMP1287,2026-08-26,4,Happy
EMP1288,2026-04-28,4,Happy
EMP1288,2026-04-30,3,Okay
EMP1288,2026-05-02,5,Excited
EMP1288,2026-05-06,3,Okay
EMP1288,2026-05-08,3,Okay
EMP1288,2026-05-10,3,Okay
EMP1288,2026-05-12,3,Okay
EMP1288,2026-05-14,3,Okay
EMP1288,2026-05-16,4,Happy
EMP1288,2026-05-18,4,Happy
EMP1288,2026-05-22,3,Okay
EMP1288,2026-05-28,4,Happy
EMP1288,2026-06-01,3,Okay
EMP1288,2026-06-03,4,Happy
EMP1288,2026-06-05,4,Happy
EMP1288,2026-06-07,3,Okay
EMP1288,2026-06-09,5,Excited
EMP1288,2026-06-11,5,Excited
EMP1288,2026-06-13,4,Happy
EMP1288,2026-06-15,2,Sad
EMP1288,2026-06-17,4,Happy
EMP1288,2026-06-19,3,Okay
EMP1288,2026-06-21,3,Okay
EMP1288,2026-06-23,2,Sad
EMP1288,2026-06-25,5,Excited
EMP1288,2026-06-27,3,Okay
EMP1288,2026-06-29,4,Happy
EMP1288,2026-07-01,4,Happy
EMP1288,2026-07-05,4,Happy
EMP1288,2026-07-07,3,Okay
EMP1288,2026-07-09,4,Happy
EMP1288,2026-07-11,3,Okay
EMP1288,2026-07-13,2,Sad
EMP1288,2026-07-15,4,Happy
EMP1288,2026-07-17,3,Okay
EMP1288,2026-07-21,3,Okay
EMP1288,2026-07-23,3,Okay
EMP1288,2026-07-25,3,Okay
EMP1288,2026-07-27,2,Sad
EMP1288,2026-07-29,4,Happy
EMP1288,2026-07-31,4,Happy
EMP1288,2026-08-02,4,Happy
EMP1288,2026-08-04,3,Okay
EMP1288,2026-08-06,5,Excited
EMP1288,2026-08-08,3,Okay
EMP1288,2026-08-10,2,Sad
EMP1288,2026-08-12,2,Sad
EMP1288,2026-08-14,4,Happy
EMP1288,2026-08-16,5,Excited
EMP1288,2026-08-18,3,Okay
EMP1288,2026-08-20,3,Okay
EMP1288,2026-08-22,3,Okay
EMP1288,2026-08-24,3,Okay
EMP1288,2026-08-26,3,Okay
EMP1289,2026-04-28,4,Happy
EMP1289,2026-04-30,3,Okay
EMP1289,2026-05-02,4,Happy
EMP1289,2026-05-04,3,Okay
EMP1289,2026-05-06,4,Happy
EMP1289,2026-05-08,4,Happy
EMP1289,2026-05-10,3,Okay
EMP1289,2026-05-12,3,Okay
EMP1289,2026-05-14,3,Okay
EMP1289,2026-05-16,5,Excited
EMP1289,2026-05-18,3,Okay
EMP1289,2026-05-20,4,Happy
EMP1289,2026-05-22,4,Happy
EMP1289,2026-05-24,3,Okay
EMP1289,2026-05-26,5,Excited
EMP1289,2026-05-28,2,Sad
EMP1289,2026-05-30,4,Happy
EMP1289,2026-06-01,4,Happy
EMP1289,2026-06-03,4,Happy
EMP1289,2026-06-05,4,Happy
EMP1289,2026-06-07,3,Okay
EMP1289,2026-06-11,4,Happy
EMP1289,2026-06-13,4,Happy
EMP1289,2026-06-15,3,Okay
EMP1289,2026-06-21,3,Okay
EMP1289,2026-06-23,4,Happy
EMP1289,2026-06-25,3,Okay
EMP1289,2026-06-27,3,Okay
EMP1289,2026-06-29,3,Okay
EMP1289,2026-07-01,3,Okay
EMP1289,2026-07-03,4,Happy
EMP1289,2026-07-05,3,Okay
EMP1289,2026-07-07,5,Excited
EMP1289,2026-07-09,4,Happy
EMP1289,2026-07-11,4,Happy
EMP1289,2026-07-13,4,Happy
EMP1289,2026-07-15,2,Sad
EMP1289,2026-07-17,4,Happy
EMP1289,2026-07-19,3,Okay
EMP1289,2026-07-21,4,Happy
EMP1289,2026-07-23,3,Okay
EMP1289,2026-07-25,4,Happy
EMP1289,2026-07-27,3,Okay
EMP1289,2026-07-31,5,Excited
EMP1289,2026-08-04,3,Okay
EMP1289,2026-08-06,3,Okay
EMP1289,2026-08-08,4,Happy
EMP1289,2026-08-10,3,Okay
EMP1289,2026-08-12,4,Happy
EMP1289,2026-08-16,2,Sad
EMP1289,2026-08-18,3,Okay
EMP1289,2026-08-20,3,Okay
EMP1289,2026-08-22,4,Happy
EMP1289,2026-08-24,4,Happy
EMP1289,2026-08-26,4,Happy
EMP1290,2026-04-28,2,Sad
EMP1290,2026-04-30,2,Sad
EMP1290,2026-05-02,2,Sad
EMP1290,2026-05-04,2,Sad
EMP1290,2026-05-06,2,Sad
EMP1290,2026-05-08,2,Sad
EMP1290,2026-05-10,2,Sad
EMP1290,2026-05-12,3,Okay
EMP1290,2026-05-14,3,Okay
EMP1290,2026-05-16,1,Frustrated
EMP1290,2026-05-18,3,Okay
EMP1290,2026-05-20,1,Frustrated
EMP1290,2026-05-22,2,Sad
EMP1290,2026-05-24,2,Sad
EMP1290,2026-05-28,1,Frustrated
EMP1290,2026-05-30,1,Frustrated
EMP1290,2026-06-01,3,Okay
EMP1290,2026-06-03,2,Sad
EMP1290,2026-06-05,1,Frustrated
EMP1290,2026-06-07,2,Sad
EMP1290,2026-06-11,2,Sad
EMP1290,2026-06-13,1,Frustrated
EMP1290,2026-06-15,3,Okay
EMP1290,2026-06-17,1,Frustrated
EMP1290,2026-06-19,2,Sad
EMP1290,2026-06-21,1,Frustrated
EMP1290,2026-06-23,2,Sad
EMP1290,2026-06-25,2,Sad
EMP1290,2026-06-27,2,Sad
EMP1290,2026-06-29,1,Frustrated
EMP1290,2026-07-01,2,Sad
EMP1290,2026-07-03,2,Sad
EMP1290,2026-07-05,1,Frustrated
EMP1290,2026-07-07,2,Sad
EMP1290,2026-07-09,3,Okay
EMP1290,2026-07-11,2,Sad
EMP1290,2026-07-13,2,Sad
EMP1290,2026-07-15,2,Sad
EMP1290,2026-07-19,2,Sad
EMP1290,2026-07-21,2,Sad
EMP1290,2026-07-23,1,Frustrated
EMP1290,2026-07-25,1,Frustrated
EMP1290,2026-07-27,2,Sad
EMP1290,2026-07-29,2,Sad
EMP1290,2026-07-31,1,Frustrated
EMP1290,2026-08-02,1,Frustrated
EMP1290,2026-08-06,1,Frustrated
EMP1290,2026-08-08,1,Frustrated
EMP1290,2026-08-10,2,Sad
EMP1290,2026-08-12,2,Sad
EMP1290,2026-08-16,1,Frustrated
EMP1290,2026-08-20,2,Sad
EMP1290,2026-08-22,1,Frustrated
EMP1290,2026-08-24,1,Frustrated
EMP1290,2026-08-26,2,Sad
EMP1291,2026-04-28,4,Happy
EMP1291,2026-04-30,3,Okay
EMP1291,2026-05-02,3,Okay
EMP1291,2026-05-04,4,Happy
EMP1291,2026-05-06,4,Happy
EMP1291,2026-05-10,4,Happy
EMP1291,2026-05-12,4,Happy
EMP1291,2026-05-14,4,Happy
EMP1291,2026-05-18,3,Okay
EMP1291,2026-05-20,4,Happy
EMP1291,2026-05-24,5,Excited
EMP1291,2026-05-26,3,Okay
EMP1291,2026-05-28,2,Sad
EMP1291,2026-05-30,4,Happy
EMP1291,2026-06-01,3,Okay
EMP1291,2026-06-03,3,Okay
EMP1291,2026-06-05,3,Okay
EMP1291,2026-06-09,2,Sad
EMP1291,2026-06-11,5,Excited
EMP1291,2026-06-13,4,Happy
EMP1291,2026-06-15,3,Okay
EMP1291,2026-06-17,4,Happy
EMP1291,2026-06-19,5,Excited
EMP1291,2026-06-23,3,Okay
EMP1291,2026-06-27,3,Okay
EMP1291,2026-06-29,4,Happy
EMP1291,2026-07-01,3,Okay
EMP1291,2026-07-03,3,Okay
EMP1291,2026-07-05,4,Happy
EMP1291,2026-07-07,4,Happy
EMP1291,2026-07-09,4,Happy
EMP1291,2026-07-13,3,Okay
EMP1291,2026-07-15,2,Sad
EMP1291,2026-07-17,5,Excited
EMP1291,2026-07-19,3,Okay
EMP1291,2026-07-21,3,Okay
EMP1291,2026-07-23,4,Happy
EMP1291,2026-07-27,4,Happy
EMP1291,2026-07-29,3,Okay
EMP1291,2026-07-31,2,Sad
EMP1291,2026-08-02,3,Okay
EMP1291,2026-08-04,3,Okay
EMP1291,2026-08-08,4,Happy
EMP1291,2026-08-10,4,Happy
EMP1291,2026-08-12,5,Excited
EMP1291,2026-08-14,3,Okay
EMP1291,2026-08-18,4,Happy
EMP1291,2026-08-22,2,Sad
EMP1291,2026-08-24,4,Happy
EMP1291,2026-08-26,4,Happy
EMP1292,2026-04-28,3,Okay
EMP1292,2026-04-30,4,Happy
EMP1292,2026-05-02,4,Happy
EMP1292,2026-05-04,4,Happy
EMP1292,2026-05-06,4,Happy
EMP1292,2026-05-08,4,Happy
EMP1292,2026-05-10,4,Happy
EMP1292,2026-05-12,5,Excited
EMP1292,2026-05-14,3,Okay
EMP1292,2026-05-16,3,Okay
EMP1292,2026-05-18,3,Okay
EMP1292,2026-05-20,4,Happy
EMP1292,2026-05-22,4,Happy
EMP1292,2026-05-24,3,Okay
EMP1292,2026-05-26,4,Happy
EMP1292,2026-05-28,3,Okay
EMP1292,2026-06-01,3,Okay
EMP1292,2026-06-03,4,Happy
EMP1292,2026-06-05,3,Okay
EMP1292,2026-06-07,4,Happy
EMP1292,2026-06-13,4,Happy
EMP1292,2026-06-15,4,Happy
EMP1292,2026-06-17,4,Happy
EMP1292,2026-06-19,3,Okay
EMP1292,2026-06-21,3,Okay
EMP1292,2026-06-23,3,Okay
EMP1292,2026-06-25,3,Okay
EMP1292,2026-06-27,3,Okay
EMP1292,2026-06-29,4,Happy
EMP1292,2026-07-01,4,Happy
EMP1292,2026-07-03,3,Okay
EMP1292,2026-07-05,4,Happy
EMP1292,2026-07-07,5,Excited
EMP1292,2026-07-09,3,Okay
EMP1292,2026-07-11,3,Okay
EMP1292,2026-07-13,5,Excited
EMP1292,2026-07-15,4,Happy
EMP1292,2026-07-17,4,Happy
EMP1292,2026-07-19,5,Excited
EMP1292,2026-07-21,3,Okay
EMP1292,2026-07-23,4,Happy
EMP1292,2026-07-25,2,Sad
EMP1292,2026-07-27,4,Happy
EMP1292,2026-07-31,3,Okay
EMP1292,2026-08-02,3,Okay
EMP1292,2026-08-06,3,Okay
EMP1292,2026-08-08,5,Excited
EMP1292,2026-08-10,3,Okay
EMP1292,2026-08-12,3,Okay
EMP1292,2026-08-14,3,Okay
EMP1292,2026-08-16,2,Sad
EMP1292,2026-08-18,3,Okay
EMP1292,2026-08-20,3,Okay
EMP1292,2026-08-22,4,Happy
EMP1292,2026-08-24,2,Sad
EMP1292,2026-08-26,3,Okay
EMP1293,2026-04-28,5,Excited
EMP1293,2026-05-02,4,Happy
EMP1293,2026-05-04,5,Excited
EMP1293,2026-05-06,4,Happy
EMP1293,2026-05-10,5,Excited
EMP1293,2026-05-12,4,Happy
EMP1293,2026-05-14,4,Happy
EMP1293,2026-05-16,5,Excited
EMP1293,2026-05-20,5,Excited
EMP1293,2026-05-22,4,Happy
EMP1293,2026-05-24,5,Excited
EMP1293,2026-05-26,4,Happy
EMP1293,2026-05-28,4,Happy
EMP1293,2026-05-30,4,Happy
EMP1293,2026-06-01,4,Happy
EMP1293,2026-06-03,4,Happy
EMP1293,2026-06-09,4,Happy
EMP1293,2026-06-11,5,Excited
EMP1293,2026-06-13,4,Happy
EMP1293,2026-06-15,5,Excited
EMP1293,2026-06-19,5,Excited
EMP1293,2026-06-21,4,Happy
EMP1293,2026-06-23,5,Excited
EMP1293,2026-06-25,4,Happy
EMP1293,2026-06-27,5,Excited
EMP1293,2026-06-29,5,Excited
EMP1293,2026-07-01,5,Excited
EMP1293,2026-07-03,4,Happy
EMP1293,2026-07-05,5,Excited
EMP1293,2026-07-07,5,Excited
EMP1293,2026-07-09,4,Happy
EMP1293,2026-07-11,4,Happy
EMP1293,2026-07-13,5,Excited
EMP1293,2026-07-15,5,Excited
EMP1293,2026-07-17,5,Excited
EMP1293,2026-07-21,5,Excited
EMP1293,2026-07-23,5,Excited
EMP1293,2026-07-25,5,Excited
EMP1293,2026-07-27,5,Excited
EMP1293,2026-07-29,5,Excited
EMP1293,2026-07-31,4,Happy
EMP1293,2026-08-02,5,Excited
EMP1293,2026-08-04,5,Excited
EMP1293,2026-08-06,4,Happy
EMP1293,2026-08-10,4,Happy
EMP1293,2026-08-12,5,Excited
EMP1293,2026-08-14,4,Happy
EMP1293,2026-08-18,5,Excited
EMP1293,2026-08-20,5,Excited
EMP1293,2026-08-24,4,Happy
EMP1293,2026-08-26,5,Excited
EMP1294,2026-04-28,3,Okay
EMP1294,2026-04-30,4,Happy
EMP1294,2026-05-04,3,Okay
EMP1294,2026-05-06,4,Happy
EMP1294,2026-05-08,3,Okay
EMP1294,2026-05-10,3,Okay
EMP1294,2026-05-12,3,Okay
EMP1294,2026-05-14,4,Happy
EMP1294,2026-05-16,3,Okay
EMP1294,2026-05-18,4,Happy
EMP1294,2026-05-20,5,Excited
EMP1294,2026-05-22,4,Happy
EMP1294,2026-05-26,3,Okay
EMP1294,2026-05-30,3,Okay
EMP1294,2026-06-01,3,Okay
EMP1294,2026-06-03,4,Happy
EMP1294,2026-06-05,3,Okay
EMP1294,2026-06-07,4,Happy
EMP1294,2026-06-09,3,Okay
EMP1294,2026-06-11,4,Happy
EMP1294,2026-06-15,3,Okay
EMP1294,2026-06-17,4,Happy
EMP1294,2026-06-19,2,Sad
EMP1294,2026-06-21,3,Okay
EMP1294,2026-06-23,3,Okay
EMP1294,2026-06-25,5,Excited
EMP1294,2026-06-27,4,Happy
EMP1294,2026-06-29,4,Happy
EMP1294,2026-07-01,3,Okay
EMP1294,2026-07-03,4,Happy
EMP1294,2026-07-05,4,Happy
EMP1294,2026-07-07,4,Happy
EMP1294,2026-07-09,5,Excited
EMP1294,2026-07-13,3,Okay
EMP1294,2026-07-15,3,Okay
EMP1294,2026-07-17,3,Okay
EMP1294,2026-07-19,4,Happy
EMP1294,2026-07-21,4,Happy
EMP1294,2026-07-23,4,Happy
EMP1294,2026-07-25,4,Happy
EMP1294,2026-07-27,4,Happy
EMP1294,2026-07-29,4,Happy
EMP1294,2026-07-31,3,Okay
EMP1294,2026-08-02,3,Okay
EMP1294,2026-08-04,4,Happy
EMP1294,2026-08-06,3,Okay
EMP1294,2026-08-08,3,Okay
EMP1294,2026-08-10,4,Happy
EMP1294,2026-08-14,4,Happy
EMP1294,2026-08-18,4,Happy
EMP1294,2026-08-20,4,Happy
EMP1294,2026-08-22,3,Okay
EMP1294,2026-08-24,3,Okay
EMP1294,2026-08-26,5,Excited
EMP1295,2026-04-28,3,Okay
EMP1295,2026-04-30,3,Okay
EMP1295,2026-05-02,2,Sad
EMP1295,2026-05-06,3,Okay
EMP1295,2026-05-08,2,Sad
EMP1295,2026-05-10,3,Okay
EMP1295,2026-05-12,3,Okay
EMP1295,2026-05-14,4,Happy
EMP1295,2026-05-16,4,Happy
EMP1295,2026-05-18,4,Happy
EMP1295,2026-05-22,3,Okay
EMP1295,2026-05-24,4,Happy
EMP1295,2026-05-26,4,Happy
EMP1295,2026-05-28,4,Happy
EMP1295,2026-05-30,4,Happy
EMP1295,2026-06-01,4,Happy
EMP1295,2026-06-03,4,Happy
EMP1295,2026-06-05,3,Okay
EMP1295,2026-06-09,4,Happy
EMP1295,2026-06-13,3,Okay
EMP1295,2026-06-15,3,Okay
EMP1295,2026-06-17,3,Okay
EMP1295,2026-06-19,3,Okay
EMP1295,2026-06-23,4,Happy
EMP1295,2026-06-25,4,Happy
EMP1295,2026-06-27,4,Happy
EMP1295,2026-06-29,3,Okay
EMP1295,2026-07-01,4,Happy
EMP1295,2026-07-03,3,Okay
EMP1295,2026-07-05,3,Okay
EMP1295,2026-07-07,4,Happy
EMP1295,2026-07-09,4,Happy
EMP1295,2026-07-13,5,Excited
EMP1295,2026-07-15,4,Happy
EMP1295,2026-07-17,5,Excited
EMP1295,2026-07-19,3,Okay
EMP1295,2026-07-21,4,Happy
EMP1295,2026-07-23,3,Okay
EMP1295,2026-07-25,3,Okay
EMP1295,2026-07-27,5,Excited
EMP1295,2026-07-29,4,Happy
EMP1295,2026-07-31,4,Happy
EMP1295,2026-08-02,3,Okay
EMP1295,2026-08-04,5,Excited
EMP1295,2026-08-06,3,Okay
EMP1295,2026-08-08,3,Okay
EMP1295,2026-08-10,4,Happy
EMP1295,2026-08-12,4,Happy
EMP1295,2026-08-14,4,Happy
EMP1295,2026-08-16,5,Excited
EMP1295,2026-08-18,3,Okay
EMP1295,2026-08-20,3,Okay
EMP1295,2026-08-22,5,Excited
EMP1295,2026-08-24,5,Excited
EMP1295,2026-08-26,3,Okay
EMP1296,2026-04-28,4,Happy
EMP1296,2026-04-30,3,Okay
EMP1296,2026-05-06,4,Happy
EMP1296,2026-05-08,3,Okay
EMP1296,2026-05-10,4,Happy
EMP1296,2026-05-12,4,Happy
EMP1296,2026-05-14,3,Okay
EMP1296,2026-05-16,4,Happy
EMP1296,2026-05-20,3,Okay
EMP1296,2026-05-24,5,Excited
EMP1296,2026-05-26,4,Happy
EMP1296,2026-05-28,4,Happy
EMP1296,2026-06-01,3,Okay
EMP1296,2026-06-03,4,Happy
EMP1296,2026-06-05,2,Sad
EMP1296,2026-06-07,3,Okay
EMP1296,2026-06-11,3,Okay
EMP1296,2026-06-15,5,Excited
EMP1296,2026-06-17,4,Happy
EMP1296,2026-06-21,4,Happy
EMP1296,2026-06-23,5,Excited
EMP1296,2026-06-25,3,Okay
EMP1296,2026-06-29,4,Happy
EMP1296,2026-07-01,4,Happy
EMP1296,2026-07-03,2,Sad
EMP1296,2026-07-05,4,Happy
EMP1296,2026-07-07,2,Sad
EMP1296,2026-07-09,4,Happy
EMP1296,2026-07-13,2,Sad
EMP1296,2026-07-15,4,Happy
EMP1296,2026-07-17,4,Happy
EMP1296,2026-07-19,3,Okay
EMP1296,2026-07-21,4,Happy
EMP1296,2026-07-23,5,Excited
EMP1296,2026-07-27,3,Okay
EMP1296,2026-07-29,3,Okay
EMP1296,2026-07-31,3,Okay
EMP1296,2026-08-02,3,Okay
EMP1296,2026-08-04,4,Happy
EMP1296,2026-08-06,4,Happy
EMP1296,2026-08-08,4,Happy
EMP1296,2026-08-10,4,Happy
EMP1296,2026-08-14,4,Happy
EMP1296,2026-08-18,3,Okay
EMP1296,2026-08-20,4,Happy
EMP1296,2026-08-22,3,Okay
EMP1296,2026-08-24,5,Excited
EMP1296,2026-08-26,4,Happy
EMP1297,2026-04-28,2,Sad
EMP1297,2026-04-30,3,Okay
EMP1297,2026-05-02,2,Sad
EMP1297,2026-05-04,3,Okay
EMP1297,2026-05-08,4,Happy
EMP1297,2026-05-10,2,Sad
EMP1297,2026-05-12,2,Sad
EMP1297,2026-05-14,2,Sad
EMP1297,2026-05-16,2,Sad
EMP1297,2026-05-18,2,Sad
EMP1297,2026-05-20,2,Sad
EMP1297,2026-05-22,3,Okay
EMP1297,2026-05-26,3,Okay
EMP1297,2026-05-28,1,Frustrated
EMP1297,2026-05-30,2,Sad
EMP1297,2026-06-01,2,Sad
EMP1297,2026-06-03,2,Sad
EMP1297,2026-06-05,2,Sad
EMP1297,2026-06-07,3,Okay
EMP1297,2026-06-09,2,Sad
EMP1297,2026-06-11,2,Sad
EMP1297,2026-06-13,2,Sad
EMP1297,2026-06-15,2,Sad
EMP1297,2026-06-19,3,Okay
EMP1297,2026-06-21,1,Frustrated
EMP1297,2026-06-23,2,Sad
EMP1297,2026-06-25,1,Frustrated
EMP1297,2026-06-27,2,Sad
EMP1297,2026-06-29,2,Sad
EMP1297,2026-07-01,2,Sad
EMP1297,2026-07-03,2,Sad
EMP1297,2026-07-05,2,Sad
EMP1297,2026-07-07,2,Sad
EMP1297,2026-07-09,2,Sad
EMP1297,2026-07-11,2,Sad
EMP1297,2026-07-13,2,Sad
EMP1297,2026-07-15,1,Frustrated
EMP1297,2026-07-17,2,Sad
EMP1297,2026-07-19,2,Sad
EMP1297,2026-07-21,2,Sad
EMP1297,2026-07-23,2,Sad
EMP1297,2026-07-25,1,Frustrated
EMP1297,2026-07-27,1,Frustrated
EMP1297,2026-07-29,3,Okay
EMP1297,2026-07-31,3,Okay
EMP1297,2026-08-02,2,Sad
EMP1297,2026-08-04,2,Sad
EMP1297,2026-08-06,2,Sad
EMP1297,2026-08-08,1,Frustrated
EMP1297,2026-08-12,2,Sad
EMP1297,2026-08-14,1,Frustrated
EMP1297,2026-08-16,1,Frustrated
EMP1297,2026-08-18,2,Sad
EMP1297,2026-08-20,1,Frustrated
EMP1297,2026-08-22,2,Sad
EMP1297,2026-08-24,1,Frustrated
EMP1297,2026-08-26,1,Frustrated
EMP1298,2026-04-28,4,Happy
EMP1298,2026-04-30,4,Happy
EMP1298,2026-05-02,5,Excited
EMP1298,2026-05-04,4,Happy
EMP1298,2026-05-06,3,Okay
EMP1298,2026-05-08,4,Happy
EMP1298,2026-05-10,4,Happy
EMP1298,2026-05-12,3,Okay
EMP1298,2026-05-14,3,Okay
EMP1298,2026-05-16,4,Happy
EMP1298,2026-05-18,2,Sad
EMP1298,2026-05-20,4,Happy
EMP1298,2026-05-24,4,Happy
EMP1298,2026-05-26,2,Sad
EMP1298,2026-05-28,4,Happy
EMP1298,2026-05-30,5,Excited
EMP1298,2026-06-01,3,Okay
EMP1298,2026-06-03,3,Okay
EMP1298,2026-06-05,5,Excited
EMP1298,2026-06-07,3,Okay
EMP1298,2026-06-09,3,Okay
EMP1298,2026-06-11,4,Happy
EMP1298,2026-06-13,2,Sad
EMP1298,2026-06-15,3,Okay
EMP1298,2026-06-17,3,Okay
EMP1298,2026-06-19,3,Okay
EMP1298,2026-06-21,2,Sad
EMP1298,2026-06-23,4,Happy
EMP1298,2026-06-25,4,Happy
EMP1298,2026-06-29,3,Okay
EMP1298,2026-07-03,4,Happy
EMP1298,2026-07-05,3,Okay
EMP1298,2026-07-09,4,Happy
EMP1298,2026-07-11,4,Happy
EMP1298,2026-07-13,2,Sad
EMP1298,2026-07-15,3,Okay
EMP1298,2026-07-17,5,Excited
EMP1298,2026-07-19,4,Happy
EMP1298,2026-07-21,5,Excited
EMP1298,2026-07-23,2,Sad
EMP1298,2026-07-25,4,Happy
EMP1298,2026-07-27,3,Okay
EMP1298,2026-07-29,2,Sad
EMP1298,2026-07-31,3,Okay
EMP1298,2026-08-02,4,Happy
EMP1298,2026-08-06,3,Okay
EMP1298,2026-08-08,4,Happy
EMP1298,2026-08-10,4,Happy
EMP1298,2026-08-12,3,Okay
EMP1298,2026-08-14,4,Happy
EMP1298,2026-08-16,4,Happy
EMP1298,2026-08-18,3,Okay
EMP1298,2026-08-20,4,Happy
EMP1298,2026-08-22,4,Happy
EMP1298,2026-08-24,4,Happy
EMP1298,2026-08-26,4,Happy
EMP1299,2026-04-28,4,Happy
EMP1299,2026-04-30,3,Okay
EMP1299,2026-05-02,3,Okay
EMP1299,2026-05-04,4,Happy
EMP1299,2026-05-06,4,Happy
EMP1299,2026-05-08,5,Excited
EMP1299,2026-05-12,4,Happy
EMP1299,2026-05-14,5,Excited
EMP1299,2026-05-16,4,Happy
EMP1299,2026-05-18,4,Happy
EMP1299,2026-05-20,5,Excited
EMP1299,2026-05-22,4,Happy
EMP1299,2026-05-24,4,Happy
EMP1299,2026-05-26,4,Happy
EMP1299,2026-05-28,4,Happy
EMP1299,2026-05-30,3,Okay
EMP1299,2026-06-01,3,Okay
EMP1299,2026-06-05,4,Happy
EMP1299,2026-06-07,4,Happy
EMP1299,2026-06-09,5,Excited
EMP1299,2026-06-11,4,Happy
EMP1299,2026-06-13,3,Okay
EMP1299,2026-06-15,3,Okay
EMP1299,2026-06-17,3,Okay
EMP1299,2026-06-19,3,Okay
EMP1299,2026-06-21,3,Okay
EMP1299,2026-06-23,4,Happy
EMP1299,2026-06-25,3,Okay
EMP1299,2026-06-27,4,Happy
EMP1299,2026-06-29,4,Happy
EMP1299,2026-07-01,2,Sad
EMP1299,2026-07-03,3,Okay
EMP1299,2026-07-05,4,Happy
EMP1299,2026-07-07,4,Happy
EMP1299,2026-07-09,4,Happy
EMP1299,2026-07-13,3,Okay
EMP1299,2026-07-17,4,Happy
EMP1299,2026-07-19,4,Happy
EMP1299,2026-07-21,4,Happy
EMP1299,2026-07-23,4,Happy
EMP1299,2026-07-25,4,Happy
EMP1299,2026-07-29,3,Okay
EMP1299,2026-08-02,4,Happy
EMP1299,2026-08-04,4,Happy
EMP1299,2026-08-06,3,Okay
EMP1299,2026-08-08,4,Happy
EMP1299,2026-08-12,3,Okay
EMP1299,2026-08-14,4,Happy
EMP1299,2026-08-18,3,Okay
EMP1299,2026-08-20,3,Okay
EMP1299,2026-08-22,2,Sad
EMP1299,2026-08-24,3,Okay
EMP1299,2026-08-26,4,Happy
EMP1300,2026-04-28,3,Okay
EMP1300,2026-04-30,2,Sad
EMP1300,2026-05-02,2,Sad
EMP1300,2026-05-04,3,Okay
EMP1300,2026-05-06,2,Sad
EMP1300,2026-05-08,3,Okay
EMP1300,2026-05-10,2,Sad
EMP1300,2026-05-12,2,Sad
EMP1300,2026-05-14,1,Frustrated
EMP1300,2026-05-16,3,Okay
EMP1300,2026-05-18,1,Frustrated
EMP1300,2026-05-20,1,Frustrated
EMP1300,2026-05-24,3,Okay
EMP1300,2026-05-26,2,Sad
EMP1300,2026-05-28,2,Sad
EMP1300,2026-05-30,2,Sad
EMP1300,2026-06-01,2,Sad
EMP1300,2026-06-03,2,Sad
EMP1300,2026-06-05,1,Frustrated
EMP1300,2026-06-07,3,Okay
EMP1300,2026-06-09,2,Sad
EMP1300,2026-06-11,3,Okay
EMP1300,2026-06-13,1,Frustrated
EMP1300,2026-06-15,2,Sad
EMP1300,2026-06-17,1,Frustrated
EMP1300,2026-06-19,1,Frustrated
EMP1300,2026-06-23,2,Sad
EMP1300,2026-06-27,3,Okay
EMP1300,2026-07-01,2,Sad
EMP1300,2026-07-03,1,Frustrated
EMP1300,2026-07-05,1,Frustrated
EMP1300,2026-07-07,2,Sad
EMP1300,2026-07-09,2,Sad
EMP1300,2026-07-11,2,Sad
EMP1300,2026-07-13,1,Frustrated
EMP1300,2026-07-15,2,Sad
EMP1300,2026-07-17,1,Frustrated
EMP1300,2026-07-19,3,Okay
EMP1300,2026-07-21,2,Sad
EMP1300,2026-07-23,1,Frustrated
EMP1300,2026-07-25,1,Frustrated
EMP1300,2026-07-27,2,Sad
EMP1300,2026-07-29,1,Frustrated
EMP1300,2026-07-31,1,Frustrated
EMP1300,2026-08-02,1,Frustrated
EMP1300,2026-08-04,2,Sad
EMP1300,2026-08-08,1,Frustrated
EMP1300,2026-08-10,2,Sad
EMP1300,2026-08-12,2,Sad
EMP1300,2026-08-14,2,Sad
EMP1300,2026-08-16,1,Frustrated
EMP1300,2026-08-18,1,Frustrated
EMP1300,2026-08-20,2,Sad
EMP1300,2026-08-22,2,Sad
EMP1300,2026-08-24,2,Sad
EMP1300,2026-08-26,1,Frustrated
EMP1301,2026-04-28,2,Sad
EMP1301,2026-04-30,3,Okay
EMP1301,2026-05-02,2,Sad
EMP1301,2026-05-04,3,Okay
EMP1301,2026-05-06,1,Frustrated
EMP1301,2026-05-08,2,Sad
EMP1301,2026-05-10,2,Sad
EMP1301,2026-05-12,3,Okay
EMP1301,2026-05-14,3,Okay
EMP1301,2026-05-18,1,Frustrated
EMP1301,2026-05-20,3,Okay
EMP1301,2026-05-22,2,Sad
EMP1301,2026-05-24,1,Frustrated
EMP1301,2026-05-26,1,Frustrated
EMP1301,2026-05-28,2,Sad
EMP1301,2026-05-30,2,Sad
EMP1301,2026-06-01,2,Sad
EMP1301,2026-06-03,2,Sad
EMP1301,2026-06-05,2,Sad
EMP1301,2026-06-07,2,Sad
EMP1301,2026-06-09,2,Sad
EMP1301,2026-06-11,2,Sad
EMP1301,2026-06-13,2,Sad
EMP1301,2026-06-15,2,Sad
EMP1301,2026-06-17,1,Frustrated
EMP1301,2026-06-19,3,Okay
EMP1301,2026-06-21,2,Sad
EMP1301,2026-06-25,2,Sad
EMP1301,2026-06-27,3,Okay
EMP1301,2026-06-29,2,Sad
EMP1301,2026-07-01,1,Frustrated
EMP1301,2026-07-03,1,Frustrated
EMP1301,2026-07-07,3,Okay
EMP1301,2026-07-11,2,Sad
EMP1301,2026-07-19,2,Sad
EMP1301,2026-07-21,1,Frustrated
EMP1301,2026-07-23,2,Sad
EMP1301,2026-07-25,2,Sad
EMP1301,2026-07-29,1,Frustrated
EMP1301,2026-07-31,1,Frustrated
EMP1301,2026-08-02,2,Sad
EMP1301,2026-08-04,2,Sad
EMP1301,2026-08-06,2,Sad
EMP1301,2026-08-08,3,Okay
EMP1301,2026-08-10,1,Frustrated
EMP1301,2026-08-12,1,Frustrated
EMP1301,2026-08-14,1,Frustrated
EMP1301,2026-08-16,2,Sad
EMP1301,2026-08-20,1,Frustrated
EMP1301,2026-08-22,1,Frustrated
EMP1301,2026-08-24,2,Sad
EMP1301,2026-08-26,2,Sad
EMP1302,2026-04-28,4,Happy
EMP1302,2026-04-30,3,Okay
EMP1302,2026-05-02,3,Okay
EMP1302,2026-05-06,4,Happy
EMP1302,2026-05-08,4,Happy
EMP1302,2026-05-10,3,Okay
EMP1302,2026-05-12,4,Happy
EMP1302,2026-05-16,4,Happy
EMP1302,2026-05-20,3,Okay
EMP1302,2026-05-24,2,Sad
EMP1302,2026-05-26,3,Okay
EMP1302,2026-05-28,4,Happy
EMP1302,2026-05-30,4,Happy
EMP1302,2026-06-01,3,Okay
EMP1302,2026-06-03,3,Okay
EMP1302,2026-06-07,4,Happy
EMP1302,2026-06-09,3,Okay
EMP1302,2026-06-11,4,Happy
EMP1302,2026-06-13,4,Happy
EMP1302,2026-06-15,3,Okay
EMP1302,2026-06-17,3,Okay
EMP1302,2026-06-21,5,Excited
EMP1302,2026-06-23,4,Happy
EMP1302,2026-06-25,3,Okay
EMP1302,2026-06-27,4,Happy
EMP1302,2026-06-29,4,Happy
EMP1302,2026-07-01,3,Okay
EMP1302,2026-07-03,4,Happy
EMP1302,2026-07-05,3,Okay
EMP1302,2026-07-07,4,Happy
EMP1302,2026-07-09,5,Excited
EMP1302,2026-07-11,5,Excited
EMP1302,2026-07-13,3,Okay
EMP1302,2026-07-15,4,Happy
EMP1302,2026-07-17,3,Okay
EMP1302,2026-07-19,3,Okay
EMP1302,2026-07-21,4,Happy
EMP1302,2026-07-23,4,Happy
EMP1302,2026-07-25,4,Happy
EMP1302,2026-07-27,4,Happy
EMP1302,2026-07-29,4,Happy
EMP1302,2026-07-31,4,Happy
EMP1302,2026-08-02,3,Okay
EMP1302,2026-08-04,3,Okay
EMP1302,2026-08-06,5,Excited
EMP1302,2026-08-08,3,Okay
EMP1302,2026-08-12,4,Happy
EMP1302,2026-08-16,5,Excited
EMP1302,2026-08-18,4,Happy
EMP1302,2026-08-20,4,Happy
EMP1302,2026-08-22,3,Okay
EMP1302,2026-08-24,3,Okay
EMP1302,2026-08-26,3,Okay
EMP1303,2026-04-28,4,Happy
EMP1303,2026-04-30,3,Okay
EMP1303,2026-05-04,4,Happy
EMP1303,2026-05-06,3,Okay
EMP1303,2026-05-08,4,Happy
EMP1303,2026-05-10,3,Okay
EMP1303,2026-05-12,3,Okay
EMP1303,2026-05-16,3,Okay
EMP1303,2026-05-20,4,Happy
EMP1303,2026-05-22,4,Happy
EMP1303,2026-05-24,2,Sad
EMP1303,2026-05-26,3,Okay
EMP1303,2026-05-28,3,Okay
EMP1303,2026-06-01,4,Happy
EMP1303,2026-06-03,3,Okay
EMP1303,2026-06-05,3,Okay
EMP1303,2026-06-07,3,Okay
EMP1303,2026-06-09,4,Happy
EMP1303,2026-06-11,2,Sad
EMP1303,2026-06-13,4,Happy
EMP1303,2026-06-15,4,Happy
EMP1303,2026-06-17,3,Okay
EMP1303,2026-06-19,4,Happy
EMP1303,2026-06-21,3,Okay
EMP1303,2026-06-23,3,Okay
EMP1303,2026-06-25,3,Okay
EMP1303,2026-06-29,4,Happy
EMP1303,2026-07-01,3,Okay
EMP1303,2026-07-03,3,Okay
EMP1303,2026-07-05,4,Happy
EMP1303,2026-07-07,4,Happy
EMP1303,2026-07-09,4,Happy
EMP1303,2026-07-11,3,Okay
EMP1303,2026-07-13,4,Happy
EMP1303,2026-07-15,3,Okay
EMP1303,2026-07-19,3,Okay
EMP1303,2026-07-23,4,Happy
EMP1303,2026-07-25,3,Okay
EMP1303,2026-07-27,4,Happy
EMP1303,2026-07-29,4,Happy
EMP1303,2026-07-31,3,Okay
EMP1303,2026-08-02,4,Happy
EMP1303,2026-08-04,3,Okay
EMP1303,2026-08-06,4,Happy
EMP1303,2026-08-08,3,Okay
EMP1303,2026-08-10,3,Okay
EMP1303,2026-08-14,5,Excited
EMP1303,2026-08-16,5,Excited
EMP1303,2026-08-18,3,Okay
EMP1303,2026-08-22,3,Okay
EMP1303,2026-08-24,2,Sad
EMP1303,2026-08-26,4,Happy
EMP1304,2026-04-28,2,Sad
EMP1304,2026-04-30,3,Okay
EMP1304,2026-05-02,2,Sad
EMP1304,2026-05-04,2,Sad
EMP1304,2026-05-06,2,Sad
EMP1304,2026-05-08,2,Sad
EMP1304,2026-05-10,2,Sad
EMP1304,2026-05-12,2,Sad
EMP1304,2026-05-14,4,Happy
EMP1304,2026-05-16,2,Sad
EMP1304,2026-05-18,1,Frustrated
EMP1304,2026-05-20,2,Sad
EMP1304,2026-05-22,3,Okay
EMP1304,2026-05-24,2,Sad
EMP1304,2026-05-26,2,Sad
EMP1304,2026-05-28,2,Sad
EMP1304,2026-05-30,1,Frustrated
EMP1304,2026-06-01,1,Frustrated
EMP1304,2026-06-03,2,Sad
EMP1304,2026-06-05,2,Sad
EMP1304,2026-06-07,2,Sad
EMP1304,2026-06-09,3,Okay
EMP1304,2026-06-11,2,Sad
EMP1304,2026-06-13,2,Sad
EMP1304,2026-06-15,2,Sad
EMP1304,2026-06-17,3,Okay
EMP1304,2026-06-19,1,Frustrated
EMP1304,2026-06-21,2,Sad
EMP1304,2026-06-23,4,Happy
EMP1304,2026-06-25,2,Sad
EMP1304,2026-06-27,1,Frustrated
EMP1304,2026-06-29,2,Sad
EMP1304,2026-07-03,4,Happy
EMP1304,2026-07-07,1,Frustrated
EMP1304,2026-07-11,1,Frustrated
EMP1304,2026-07-13,1,Frustrated
EMP1304,2026-07-17,2,Sad
EMP1304,2026-07-19,1,Frustrated
EMP1304,2026-07-21,2,Sad
EMP1304,2026-07-23,2,Sad
EMP1304,2026-07-27,1,Frustrated
EMP1304,2026-07-29,3,Okay
EMP1304,2026-08-02,2,Sad
EMP1304,2026-08-04,1,Frustrated
EMP1304,2026-08-08,1,Frustrated
EMP1304,2026-08-10,2,Sad
EMP1304,2026-08-12,2,Sad
EMP1304,2026-08-14,1,Frustrated
EMP1304,2026-08-16,2,Sad
EMP1304,2026-08-18,1,Frustrated
EMP1304,2026-08-20,2,Sad
EMP1304,2026-08-22,1,Frustrated
EMP1304,2026-08-24,2,Sad
EMP1304,2026-08-26,3,Okay
EMP1305,2026-04-28,2,Sad
EMP1305,2026-04-30,2,Sad
EMP1305,2026-05-02,2,Sad
EMP1305,2026-05-04,3,Okay
EMP1305,2026-05-06,2,Sad
EMP1305,2026-05-08,3,Okay
EMP1305,2026-05-10,2,Sad
EMP1305,2026-05-12,3,Okay
EMP1305,2026-05-14,2,Sad
EMP1305,2026-05-16,1,Frustrated
EMP1305,2026-05-18,2,Sad
EMP1305,2026-05-20,2,Sad
EMP1305,2026-05-22,1,Frustrated
EMP1305,2026-05-24,2,Sad
EMP1305,2026-05-26,1,Frustrated
EMP1305,2026-05-28,2,Sad
EMP1305,2026-05-30,2,Sad
EMP1305,2026-06-03,2,Sad
EMP1305,2026-06-05,1,Frustrated
EMP1305,2026-06-07,2,Sad
EMP1305,2026-06-09,2,Sad
EMP1305,2026-06-11,2,Sad
EMP1305,2026-06-13,1,Frustrated
EMP1305,2026-06-15,1,Frustrated
EMP1305,2026-06-17,1,Frustrated
EMP1305,2026-06-19,2,Sad
EMP1305,2026-06-21,2,Sad
EMP1305,2026-06-23,2,Sad
EMP1305,2026-06-25,3,Okay
EMP1305,2026-06-27,2,Sad
EMP1305,2026-06-29,2,Sad
EMP1305,2026-07-01,1,Frustrated
EMP1305,2026-07-03,1,Frustrated
EMP1305,2026-07-05,2,Sad
EMP1305,2026-07-07,2,Sad
EMP1305,2026-07-09,1,Frustrated
EMP1305,2026-07-11,2,Sad
EMP1305,2026-07-15,1,Frustrated
EMP1305,2026-07-17,2,Sad
EMP1305,2026-07-19,2,Sad
EMP1305,2026-07-23,2,Sad
EMP1305,2026-07-25,2,Sad
EMP1305,2026-07-27,1,Frustrated
EMP1305,2026-07-29,2,Sad
EMP1305,2026-07-31,1,Frustrated
EMP1305,2026-08-02,1,Frustrated
EMP1305,2026-08-04,1,Frustrated
EMP1305,2026-08-06,2,Sad
EMP1305,2026-08-08,2,Sad
EMP1305,2026-08-10,1,Frustrated
EMP1305,2026-08-12,3,Okay
EMP1305,2026-08-14,2,Sad
EMP1305,2026-08-18,2,Sad
EMP1305,2026-08-20,2,Sad
EMP1305,2026-08-22,1,Frustrated
EMP1305,2026-08-24,2,Sad
EMP1305,2026-08-26,3,Okay
EMP1306,2026-04-28,4,Happy
EMP1306,2026-04-30,5,Excited
EMP1306,2026-05-02,4,Happy
EMP1306,2026-05-04,5,Excited
EMP1306,2026-05-06,5,Excited
EMP1306,2026-05-08,4,Happy
EMP1306,2026-05-10,4,Happy
EMP1306,2026-05-12,5,Excited
EMP1306,2026-05-14,4,Happy
EMP1306,2026-05-16,5,Excited
EMP1306,2026-05-18,5,Excited
EMP1306,2026-05-20,5,Excited
EMP1306,2026-05-22,5,Excited
EMP1306,2026-05-24,5,Excited
EMP1306,2026-05-28,5,Excited
EMP1306,2026-05-30,5,Excited
EMP1306,2026-06-01,5,Excited
EMP1306,2026-06-03,5,Excited
EMP1306,2026-06-05,5,Excited
EMP1306,2026-06-07,4,Happy
EMP1306,2026-06-09,5,Excited
EMP1306,2026-06-11,4,Happy
EMP1306,2026-06-19,5,Excited
EMP1306,2026-06-23,5,Excited
EMP1306,2026-06-27,5,Excited
EMP1306,2026-07-01,5,Excited
EMP1306,2026-07-03,5,Excited
EMP1306,2026-07-05,5,Excited
EMP1306,2026-07-07,5,Excited
EMP1306,2026-07-09,4,Happy
EMP1306,2026-07-11,5,Excited
EMP1306,2026-07-13,5,Excited
EMP1306,2026-07-15,4,Happy
EMP1306,2026-07-17,4,Happy
EMP1306,2026-07-19,5,Excited
EMP1306,2026-07-21,5,Excited
EMP1306,2026-07-23,5,Excited
EMP1306,2026-07-25,4,Happy
EMP1306,2026-07-27,5,Excited
EMP1306,2026-07-29,5,Excited
EMP1306,2026-07-31,4,Happy
EMP1306,2026-08-02,5,Excited
EMP1306,2026-08-06,5,Excited
EMP1306,2026-08-08,5,Excited
EMP1306,2026-08-10,4,Happy
EMP1306,2026-08-12,4,Happy
EMP1306,2026-08-14,5,Excited
EMP1306,2026-08-16,5,Excited
EMP1306,2026-08-18,5,Excited
EMP1306,2026-08-20,5,Excited
EMP1306,2026-08-26,5,Excited
EMP1307,2026-04-28,3,Okay
EMP1307,2026-04-30,3,Okay
EMP1307,2026-05-02,4,Happy
EMP1307,2026-05-04,3,Okay
EMP1307,2026-05-06,4,Happy
EMP1307,2026-05-08,3,Okay
EMP1307,2026-05-10,4,Happy
EMP1307,2026-05-12,3,Okay
EMP1307,2026-05-14,3,Okay
EMP1307,2026-05-18,4,Happy
EMP1307,2026-05-22,4,Happy
EMP1307,2026-05-26,4,Happy
EMP1307,2026-05-28,3,Okay
EMP1307,2026-05-30,4,Happy
EMP1307,2026-06-01,3,Okay
EMP1307,2026-06-03,3,Okay
EMP1307,2026-06-05,4,Happy
EMP1307,2026-06-09,4,Happy
EMP1307,2026-06-11,3,Okay
EMP1307,2026-06-13,4,Happy
EMP1307,2026-06-15,3,Okay
EMP1307,2026-06-17,2,Sad
EMP1307,2026-06-19,5,Excited
EMP1307,2026-06-21,3,Okay
EMP1307,2026-06-23,4,Happy
EMP1307,2026-06-25,4,Happy
EMP1307,2026-06-27,2,Sad
EMP1307,2026-07-01,4,Happy
EMP1307,2026-07-03,5,Excited
EMP1307,2026-07-05,5,Excited
EMP1307,2026-07-07,4,Happy
EMP1307,2026-07-09,4,Happy
EMP1307,2026-07-13,3,Okay
EMP1307,2026-07-15,4,Happy
EMP1307,2026-07-17,4,Happy
EMP1307,2026-07-21,3,Okay
EMP1307,2026-07-23,4,Happy
EMP1307,2026-07-25,3,Okay
EMP1307,2026-07-27,4,Happy
EMP1307,2026-07-29,3,Okay
EMP1307,2026-07-31,3,Okay
EMP1307,2026-08-04,3,Okay
EMP1307,2026-08-06,3,Okay
EMP1307,2026-08-08,3,Okay
EMP1307,2026-08-10,2,Sad
EMP1307,2026-08-12,5,Excited
EMP1307,2026-08-14,4,Happy
EMP1307,2026-08-16,4,Happy
EMP1307,2026-08-20,4,Happy
EMP1307,2026-08-24,4,Happy
EMP1307,2026-08-26,3,Okay
EMP1308,2026-04-30,2,Sad
EMP1308,2026-05-02,3,Okay
EMP1308,2026-05-04,3,Okay
EMP1308,2026-05-06,3,Okay
EMP1308,2026-05-08,3,Okay
EMP1308,2026-05-12,4,Happy
EMP1308,2026-05-14,4,Happy
EMP1308,2026-05-16,3,Okay
EMP1308,2026-05-20,3,Okay
EMP1308,2026-05-22,3,Okay
EMP1308,2026-05-24,3,Okay
EMP1308,2026-05-26,3,Okay
EMP1308,2026-05-28,5,Excited
EMP1308,2026-05-30,4,Happy
EMP1308,2026-06-01,4,Happy
EMP1308,2026-06-03,3,Okay
EMP1308,2026-06-05,4,Happy
EMP1308,2026-06-07,4,Happy
EMP1308,2026-06-09,4,Happy
EMP1308,2026-06-11,4,Happy
EMP1308,2026-06-13,4,Happy
EMP1308,2026-06-15,4,Happy
EMP1308,2026-06-19,3,Okay
EMP1308,2026-06-21,3,Okay
EMP1308,2026-06-23,2,Sad
EMP1308,2026-06-25,3,Okay
EMP1308,2026-06-27,3,Okay
EMP1308,2026-06-29,4,Happy
EMP1308,2026-07-01,2,Sad
EMP1308,2026-07-03,5,Excited
EMP1308,2026-07-05,3,Okay
EMP1308,2026-07-07,2,Sad
EMP1308,2026-07-09,4,Happy
EMP1308,2026-07-11,4,Happy
EMP1308,2026-07-13,4,Happy
EMP1308,2026-07-17,3,Okay
EMP1308,2026-07-19,4,Happy
EMP1308,2026-07-21,4,Happy
EMP1308,2026-07-23,3,Okay
EMP1308,2026-07-25,4,Happy
EMP1308,2026-07-27,4,Happy
EMP1308,2026-07-29,3,Okay
EMP1308,2026-07-31,4,Happy
EMP1308,2026-08-02,4,Happy
EMP1308,2026-08-04,4,Happy
EMP1308,2026-08-06,2,Sad
EMP1308,2026-08-08,4,Happy
EMP1308,2026-08-10,3,Okay
EMP1308,2026-08-12,4,Happy
EMP1308,2026-08-16,5,Excited
EMP1308,2026-08-18,3,Okay
EMP1308,2026-08-20,4,Happy
EMP1308,2026-08-22,3,Okay
EMP1308,2026-08-24,5,Excited
EMP1309,2026-04-28,3,Okay
EMP1309,2026-05-02,4,Happy
EMP1309,2026-05-04,2,Sad
EMP1309,2026-05-12,3,Okay
EMP1309,2026-05-14,4,Happy
EMP1309,2026-05-16,4,Happy
EMP1309,2026-05-18,4,Happy
EMP1309,2026-05-20,3,Okay
EMP1309,2026-05-22,4,Happy
EMP1309,2026-05-24,4,Happy
EMP1309,2026-05-26,3,Okay
EMP1309,2026-05-28,5,Excited
EMP1309,2026-05-30,5,Excited
EMP1309,2026-06-01,4,Happy
EMP1309,2026-06-03,5,Excited
EMP1309,2026-06-05,3,Okay
EMP1309,2026-06-07,3,Okay
EMP1309,2026-06-09,3,Okay
EMP1309,2026-06-11,3,Okay
EMP1309,2026-06-13,5,Excited
EMP1309,2026-06-15,4,Happy
EMP1309,2026-06-17,4,Happy
EMP1309,2026-06-19,4,Happy
EMP1309,2026-06-23,4,Happy
EMP1309,2026-06-25,3,Okay
EMP1309,2026-06-27,4,Happy
EMP1309,2026-06-29,4,Happy
EMP1309,2026-07-01,3,Okay
EMP1309,2026-07-03,5,Excited
EMP1309,2026-07-05,4,Happy
EMP1309,2026-07-07,3,Okay
EMP1309,2026-07-09,4,Happy
EMP1309,2026-07-11,5,Excited
EMP1309,2026-07-13,3,Okay
EMP1309,2026-07-15,5,Excited
EMP1309,2026-07-17,4,Happy
EMP1309,2026-07-19,4,Happy
EMP1309,2026-07-21,4,Happy
EMP1309,2026-07-23,4,Happy
EMP1309,2026-07-25,4,Happy
EMP1309,2026-07-27,4,Happy
EMP1309,2026-07-29,4,Happy
EMP1309,2026-07-31,3,Okay
EMP1309,2026-08-02,3,Okay
EMP1309,2026-08-04,3,Okay
EMP1309,2026-08-06,3,Okay
EMP1309,2026-08-08,3,Okay
EMP1309,2026-08-10,3,Okay
EMP1309,2026-08-14,3,Okay
EMP1309,2026-08-16,3,Okay
EMP1309,2026-08-20,5,Excited
EMP1309,2026-08-22,4,Happy
EMP1309,2026-08-24,4,Happy
EMP1309,2026-08-26,5,Excited
EMP1310,2026-04-28,3,Okay
EMP1310,2026-04-30,4,Happy
EMP1310,2026-05-02,3,Okay
EMP1310,2026-05-04,3,Okay
EMP1310,2026-05-06,4,Happy
EMP1310,2026-05-08,3,Okay
EMP1310,2026-05-10,4,Happy
EMP1310,2026-05-12,4,Happy
EMP1310,2026-05-14,3,Okay
EMP1310,2026-05-16,4,Happy
EMP1310,2026-05-20,2,Sad
EMP1310,2026-05-26,3,Okay
EMP1310,2026-05-28,3,Okay
EMP1310,2026-05-30,3,Okay
EMP1310,2026-06-01,3,Okay
EMP1310,2026-06-05,3,Okay
EMP1310,2026-06-07,3,Okay
EMP1310,2026-06-09,4,Happy
EMP1310,2026-06-11,5,Excited
EMP1310,2026-06-13,3,Okay
EMP1310,2026-06-15,3,Okay
EMP1310,2026-06-17,4,Happy
EMP1310,2026-06-19,3,Okay
EMP1310,2026-06-21,3,Okay
EMP1310,2026-06-23,3,Okay
EMP1310,2026-06-25,4,Happy
EMP1310,2026-06-27,4,Happy
EMP1310,2026-07-01,4,Happy
EMP1310,2026-07-03,4,Happy
EMP1310,2026-07-07,3,Okay
EMP1310,2026-07-09,3,Okay
EMP1310,2026-07-11,3,Okay
EMP1310,2026-07-13,4,Happy
EMP1310,2026-07-15,3,Okay
EMP1310,2026-07-17,5,Excited
EMP1310,2026-07-23,3,Okay
EMP1310,2026-07-25,2,Sad
EMP1310,2026-07-27,3,Okay
EMP1310,2026-07-29,4,Happy
EMP1310,2026-07-31,4,Happy
EMP1310,2026-08-04,4,Happy
EMP1310,2026-08-06,3,Okay
EMP1310,2026-08-08,3,Okay
EMP1310,2026-08-10,3,Okay
EMP1310,2026-08-12,5,Excited
EMP1310,2026-08-14,4,Happy
EMP1310,2026-08-16,4,Happy
EMP1310,2026-08-18,3,Okay
EMP1310,2026-08-20,4,Happy
EMP1310,2026-08-22,4,Happy
EMP1310,2026-08-24,5,Excited
EMP1310,2026-08-26,3,Okay
EMP1311,2026-04-28,3,Okay
EMP1311,2026-05-02,3,Okay
EMP1311,2026-05-04,4,Happy
EMP1311,2026-05-06,3,Okay
EMP1311,2026-05-08,4,Happy
EMP1311,2026-05-10,4,Happy
EMP1311,2026-05-12,3,Okay
EMP1311,2026-05-14,3,Okay
EMP1311,2026-05-16,3,Okay
EMP1311,2026-05-18,3,Okay
EMP1311,2026-05-20,4,Happy
EMP1311,2026-05-26,3,Okay
EMP1311,2026-05-28,5,Excited
EMP1311,2026-05-30,3,Okay
EMP1311,2026-06-01,4,Happy
EMP1311,2026-06-03,4,Happy
EMP1311,2026-06-05,3,Okay
EMP1311,2026-06-07,3,Okay
EMP1311,2026-06-09,3,Okay
EMP1311,2026-06-11,4,Happy
EMP1311,2026-06-13,3,Okay
EMP1311,2026-06-15,4,Happy
EMP1311,2026-06-17,4,Happy
EMP1311,2026-06-19,3,Okay
EMP1311,2026-06-21,4,Happy
EMP1311,2026-06-23,3,Okay
EMP1311,2026-06-25,2,Sad
EMP1311,2026-06-27,2,Sad
EMP1311,2026-06-29,4,Happy
EMP1311,2026-07-01,4,Happy
EMP1311,2026-07-03,3,Okay
EMP1311,2026-07-05,3,Okay
EMP1311,2026-07-07,3,Okay
EMP1311,2026-07-09,4,Happy
EMP1311,2026-07-11,4,Happy
EMP1311,2026-07-13,3,Okay
EMP1311,2026-07-15,4,Happy
EMP1311,2026-07-17,3,Okay
EMP1311,2026-07-19,3,Okay
EMP1311,2026-07-21,4,Happy
EMP1311,2026-07-23,4,Happy
EMP1311,2026-07-25,3,Okay
EMP1311,2026-07-27,3,Okay
EMP1311,2026-07-29,3,Okay
EMP1311,2026-07-31,4,Happy
EMP1311,2026-08-02,4,Happy
EMP1311,2026-08-04,3,Okay
EMP1311,2026-08-06,3,Okay
EMP1311,2026-08-08,3,Okay
EMP1311,2026-08-10,4,Happy
EMP1311,2026-08-12,3,Okay
EMP1311,2026-08-14,1,Frustrated
EMP1311,2026-08-16,4,Happy
EMP1311,2026-08-18,3,Okay
EMP1311,2026-08-20,3,Okay
EMP1311,2026-08-22,3,Okay
EMP1311,2026-08-24,3,Okay
EMP1311,2026-08-26,3,Okay
EMP1312,2026-04-28,3,Okay
EMP1312,2026-04-30,4,Happy
EMP1312,2026-05-02,4,Happy
EMP1312,2026-05-04,4,Happy
EMP1312,2026-05-06,3,Okay
EMP1312,2026-05-08,4,Happy
EMP1312,2026-05-10,3,Okay
EMP1312,2026-05-12,4,Happy
EMP1312,2026-05-14,4,Happy
EMP1312,2026-05-16,3,Okay
EMP1312,2026-05-18,4,Happy
EMP1312,2026-05-20,4,Happy
EMP1312,2026-05-22,3,Okay
EMP1312,2026-05-24,5,Excited
EMP1312,2026-05-26,5,Excited
EMP1312,2026-05-28,3,Okay
EMP1312,2026-06-01,3,Okay
EMP1312,2026-06-03,4,Happy
EMP1312,2026-06-05,4,Happy
EMP1312,2026-06-09,4,Happy
EMP1312,2026-06-11,4,Happy
EMP1312,2026-06-13,4,Happy
EMP1312,2026-06-15,3,Okay
EMP1312,2026-06-21,3,Okay
EMP1312,2026-06-23,3,Okay
EMP1312,2026-06-25,3,Okay
EMP1312,2026-06-27,5,Excited
EMP1312,2026-06-29,4,Happy
EMP1312,2026-07-01,4,Happy
EMP1312,2026-07-03,3,Okay
EMP1312,2026-07-05,4,Happy
EMP1312,2026-07-07,4,Happy
EMP1312,2026-07-11,4,Happy
EMP1312,2026-07-15,4,Happy
EMP1312,2026-07-17,4,Happy
EMP1312,2026-07-19,4,Happy
EMP1312,2026-07-23,3,Okay
EMP1312,2026-07-25,5,Excited
EMP1312,2026-07-29,3,Okay
EMP1312,2026-07-31,2,Sad
EMP1312,2026-08-02,4,Happy
EMP1312,2026-08-06,3,Okay
EMP1312,2026-08-08,3,Okay
EMP1312,2026-08-10,3,Okay
EMP1312,2026-08-12,3,Okay
EMP1312,2026-08-14,4,Happy
EMP1312,2026-08-16,4,Happy
EMP1312,2026-08-18,3,Okay
EMP1312,2026-08-22,4,Happy
EMP1312,2026-08-26,3,Okay
EMP1313,2026-04-28,5,Excited
EMP1313,2026-04-30,5,Excited
EMP1313,2026-05-02,3,Okay
EMP1313,2026-05-04,5,Excited
EMP1313,2026-05-06,5,Excited
EMP1313,2026-05-08,4,Happy
EMP1313,2026-05-10,5,Excited
EMP1313,2026-05-12,4,Happy
EMP1313,2026-05-14,5,Excited
EMP1313,2026-05-16,5,Excited
EMP1313,2026-05-18,4,Happy
EMP1313,2026-05-20,4,Happy
EMP1313,2026-05-22,5,Excited
EMP1313,2026-05-24,4,Happy
EMP1313,2026-05-26,4,Happy
EMP1313,2026-05-28,5,Excited
EMP1313,2026-05-30,5,Excited
EMP1313,2026-06-01,5,Excited
EMP1313,2026-06-05,4,Happy
EMP1313,2026-06-07,4,Happy
EMP1313,2026-06-09,4,Happy
EMP1313,2026-06-11,5,Excited
EMP1313,2026-06-13,5,Excited
EMP1313,2026-06-15,4,Happy
EMP1313,2026-06-17,4,Happy
EMP1313,2026-06-19,5,Excited
EMP1313,2026-06-23,4,Happy
EMP1313,2026-06-25,5,Excited
EMP1313,2026-06-27,5,Excited
EMP1313,2026-06-29,5,Excited
EMP1313,2026-07-03,5,Excited
EMP1313,2026-07-05,5,Excited
EMP1313,2026-07-13,4,Happy
EMP1313,2026-07-19,5,Excited
EMP1313,2026-07-21,5,Excited
EMP1313,2026-07-23,4,Happy
EMP1313,2026-07-25,5,Excited
EMP1313,2026-07-27,4,Happy
EMP1313,2026-07-29,5,Excited
EMP1313,2026-07-31,4,Happy
EMP1313,2026-08-02,5,Excited
EMP1313,2026-08-04,4,Happy
EMP1313,2026-08-06,4,Happy
EMP1313,2026-08-08,5,Excited
EMP1313,2026-08-10,5,Excited
EMP1313,2026-08-12,4,Happy
EMP1313,2026-08-14,4,Happy
EMP1313,2026-08-16,4,Happy
EMP1313,2026-08-18,5,Excited
EMP1313,2026-08-20,4,Happy
EMP1313,2026-08-22,5,Excited
EMP1313,2026-08-24,4,Happy
EMP1313,2026-08-26,5,Excited
EMP1314,2026-04-28,3,Okay
EMP1314,2026-04-30,4,Happy
EMP1314,2026-05-02,4,Happy
EMP1314,2026-05-04,4,Happy
EMP1314,2026-05-06,3,Okay
EMP1314,2026-05-08,4,Happy
EMP1314,2026-05-12,4,Happy
EMP1314,2026-05-14,4,Happy
EMP1314,2026-05-16,2,Sad
EMP1314,2026-05-20,5,Excited
EMP1314,2026-05-22,4,Happy
EMP1314,2026-05-26,4,Happy
EMP1314,2026-05-28,5,Excited
EMP1314,2026-05-30,3,Okay
EMP1314,2026-06-01,3,Okay
EMP1314,2026-06-03,4,Happy
EMP1314,2026-06-05,4,Happy
EMP1314,2026-06-07,2,Sad
EMP1314,2026-06-09,4,Happy
EMP1314,2026-06-11,4,Happy
EMP1314,2026-06-17,4,Happy
EMP1314,2026-06-19,2,Sad
EMP1314,2026-06-21,4,Happy
EMP1314,2026-06-23,5,Excited
EMP1314,2026-06-25,5,Excited
EMP1314,2026-06-29,3,Okay
EMP1314,2026-07-01,4,Happy
EMP1314,2026-07-05,3,Okay
EMP1314,2026-07-07,3,Okay
EMP1314,2026-07-09,5,Excited
EMP1314,2026-07-15,4,Happy
EMP1314,2026-07-17,4,Happy
EMP1314,2026-07-19,3,Okay
EMP1314,2026-07-21,3,Okay
EMP1314,2026-07-23,3,Okay
EMP1314,2026-07-25,2,Sad
EMP1314,2026-07-27,3,Okay
EMP1314,2026-07-29,3,Okay
EMP1314,2026-07-31,3,Okay
EMP1314,2026-08-02,4,Happy
EMP1314,2026-08-04,4,Happy
EMP1314,2026-08-06,4,Happy
EMP1314,2026-08-08,3,Okay
EMP1314,2026-08-10,4,Happy
EMP1314,2026-08-12,4,Happy
EMP1314,2026-08-16,4,Happy
EMP1314,2026-08-18,2,Sad
EMP1314,2026-08-20,3,Okay
EMP1314,2026-08-22,4,Happy
EMP1314,2026-08-24,3,Okay
EMP1315,2026-05-02,4,Happy
EMP1315,2026-05-04,4,Happy
EMP1315,2026-05-06,3,Okay
EMP1315,2026-05-08,2,Sad
EMP1315,2026-05-10,5,Excited
EMP1315,2026-05-12,2,Sad
EMP1315,2026-05-14,3,Okay
EMP1315,2026-05-16,4,Happy
EMP1315,2026-05-18,3,Okay
EMP1315,2026-05-20,4,Happy
EMP1315,2026-05-22,4,Happy
EMP1315,2026-05-24,3,Okay
EMP1315,2026-05-26,3,Okay
EMP1315,2026-05-28,3,Okay
EMP1315,2026-05-30,4,Happy
EMP1315,2026-06-01,3,Okay
EMP1315,2026-06-03,4,Happy
EMP1315,2026-06-05,4,Happy
EMP1315,2026-06-07,4,Happy
EMP1315,2026-06-09,4,Happy
EMP1315,2026-06-11,4,Happy
EMP1315,2026-06-13,4,Happy
EMP1315,2026-06-15,4,Happy
EMP1315,2026-06-17,4,Happy
EMP1315,2026-06-21,3,Okay
EMP1315,2026-06-23,2,Sad
EMP1315,2026-06-25,4,Happy
EMP1315,2026-06-27,4,Happy
EMP1315,2026-06-29,3,Okay
EMP1315,2026-07-01,2,Sad
EMP1315,2026-07-03,3,Okay
EMP1315,2026-07-05,4,Happy
EMP1315,2026-07-07,4,Happy
EMP1315,2026-07-09,3,Okay
EMP1315,2026-07-11,3,Okay
EMP1315,2026-07-13,4,Happy
EMP1315,2026-07-15,4,Happy
EMP1315,2026-07-17,4,Happy
EMP1315,2026-07-19,4,Happy
EMP1315,2026-07-21,3,Okay
EMP1315,2026-07-23,4,Happy
EMP1315,2026-07-25,5,Excited
EMP1315,2026-07-27,3,Okay
EMP1315,2026-07-29,3,Okay
EMP1315,2026-07-31,4,Happy
EMP1315,2026-08-02,5,Excited
EMP1315,2026-08-04,4,Happy
EMP1315,2026-08-06,4,Happy
EMP1315,2026-08-10,4,Happy
EMP1315,2026-08-12,2,Sad
EMP1315,2026-08-14,3,Okay
EMP1315,2026-08-16,5,Excited
EMP1315,2026-08-18,2,Sad
EMP1315,2026-08-20,3,Okay
EMP1315,2026-08-22,4,Happy
EMP1315,2026-08-24,4,Happy
EMP1315,2026-08-26,4,Happy
EMP1316,2026-04-28,3,Okay
EMP1316,2026-04-30,3,Okay
EMP1316,2026-05-02,3,Okay
EMP1316,2026-05-04,3,Okay
EMP1316,2026-05-06,3,Okay
EMP1316,2026-05-08,3,Okay
EMP1316,2026-05-10,4,Happy
EMP1316,2026-05-12,4,Happy
EMP1316,2026-05-14,3,Okay
EMP1316,2026-05-16,4,Happy
EMP1316,2026-05-18,4,Happy
EMP1316,2026-05-22,4,Happy
EMP1316,2026-05-24,3,Okay
EMP1316,2026-05-26,3,Okay
EMP1316,2026-05-28,3,Okay
EMP1316,2026-05-30,4,Happy
EMP1316,2026-06-01,4,Happy
EMP1316,2026-06-03,5,Excited
EMP1316,2026-06-05,4,Happy
EMP1316,2026-06-07,4,Happy
EMP1316,2026-06-09,4,Happy
EMP1316,2026-06-11,2,Sad
EMP1316,2026-06-15,3,Okay
EMP1316,2026-06-17,4,Happy
EMP1316,2026-06-19,3,Okay
EMP1316,2026-06-23,4,Happy
EMP1316,2026-06-25,4,Happy
EMP1316,2026-06-27,4,Happy
EMP1316,2026-06-29,3,Okay
EMP1316,2026-07-01,4,Happy
EMP1316,2026-07-03,3,Okay
EMP1316,2026-07-05,2,Sad
EMP1316,2026-07-07,4,Happy
EMP1316,2026-07-09,4,Happy
EMP1316,2026-07-11,3,Okay
EMP1316,2026-07-13,2,Sad
EMP1316,2026-07-15,3,Okay
EMP1316,2026-07-17,3,Okay
EMP1316,2026-07-19,2,Sad
EMP1316,2026-07-21,4,Happy
EMP1316,2026-07-23,4,Happy
EMP1316,2026-07-25,3,Okay
EMP1316,2026-07-27,4,Happy
EMP1316,2026-07-29,3,Okay
EMP1316,2026-07-31,3,Okay
EMP1316,2026-08-02,4,Happy
EMP1316,2026-08-06,3,Okay
EMP1316,2026-08-08,3,Okay
EMP1316,2026-08-10,3,Okay
EMP1316,2026-08-12,4,Happy
EMP1316,2026-08-14,3,Okay
EMP1316,2026-08-16,5,Excited
EMP1316,2026-08-18,3,Okay
EMP1316,2026-08-20,4,Happy
EMP1316,2026-08-22,4,Happy
EMP1316,2026-08-24,3,Okay
EMP1316,2026-08-26,4,Happy
EMP1317,2026-04-28,3,Okay
EMP1317,2026-05-04,2,Sad
EMP1317,2026-05-06,4,Happy
EMP1317,2026-05-08,3,Okay
EMP1317,2026-05-14,3,Okay
EMP1317,2026-05-16,4,Happy
EMP1317,2026-05-18,5,Excited
EMP1317,2026-05-20,4,Happy
EMP1317,2026-05-22,4,Happy
EMP1317,2026-05-24,3,Okay
EMP1317,2026-05-26,4,Happy
EMP1317,2026-05-30,3,Okay
EMP1317,2026-06-01,4,Happy
EMP1317,2026-06-03,4,Happy
EMP1317,2026-06-07,4,Happy
EMP1317,2026-06-09,5,Excited
EMP1317,2026-06-11,3,Okay
EMP1317,2026-06-15,4,Happy
EMP1317,2026-06-17,3,Okay
EMP1317,2026-06-19,2,Sad
EMP1317,2026-06-21,4,Happy
EMP1317,2026-06-23,4,Happy
EMP1317,2026-06-25,5,Excited
EMP1317,2026-06-27,3,Okay
EMP1317,2026-06-29,3,Okay
EMP1317,2026-07-03,3,Okay
EMP1317,2026-07-07,3,Okay
EMP1317,2026-07-09,4,Happy
EMP1317,2026-07-15,3,Okay
EMP1317,2026-07-17,5,Excited
EMP1317,2026-07-19,4,Happy
EMP1317,2026-07-21,3,Okay
EMP1317,2026-07-23,3,Okay
EMP1317,2026-07-27,3,Okay
EMP1317,2026-07-29,3,Okay
EMP1317,2026-07-31,5,Excited
EMP1317,2026-08-02,4,Happy
EMP1317,2026-08-04,3,Okay
EMP1317,2026-08-06,4,Happy
EMP1317,2026-08-08,4,Happy
EMP1317,2026-08-10,4,Happy
EMP1317,2026-08-12,3,Okay
EMP1317,2026-08-14,5,Excited
EMP1317,2026-08-16,4,Happy
EMP1317,2026-08-20,3,Okay
EMP1317,2026-08-22,5,Excited
EMP1317,2026-08-24,4,Happy
EMP1317,2026-08-26,5,Excited
EMP1318,2026-04-28,3,Okay
EMP1318,2026-04-30,3,Okay
EMP1318,2026-05-02,3,Okay
EMP1318,2026-05-04,3,Okay
EMP1318,2026-05-06,4,Happy
EMP1318,2026-05-08,4,Happy
EMP1318,2026-05-10,4,Happy
EMP1318,2026-05-12,4,Happy
EMP1318,2026-05-14,5,Excited
EMP1318,2026-05-16,3,Okay
EMP1318,2026-05-18,4,Happy
EMP1318,2026-05-20,5,Excited
EMP1318,2026-05-22,3,Okay
EMP1318,2026-05-24,3,Okay
EMP1318,2026-05-26,4,Happy
EMP1318,2026-05-28,4,Happy
EMP1318,2026-05-30,3,Okay
EMP1318,2026-06-01,4,Happy
EMP1318,2026-06-03,5,Excited
EMP1318,2026-06-05,4,Happy
EMP1318,2026-06-09,2,Sad
EMP1318,2026-06-11,3,Okay
EMP1318,2026-06-15,3,Okay
EMP1318,2026-06-17,3,Okay
EMP1318,2026-06-19,4,Happy
EMP1318,2026-06-21,3,Okay
EMP1318,2026-06-23,3,Okay
EMP1318,2026-06-25,4,Happy
EMP1318,2026-06-27,5,Excited
EMP1318,2026-06-29,4,Happy
EMP1318,2026-07-01,4,Happy
EMP1318,2026-07-03,4,Happy
EMP1318,2026-07-05,5,Excited
EMP1318,2026-07-09,3,Okay
EMP1318,2026-07-11,3,Okay
EMP1318,2026-07-13,5,Excited
EMP1318,2026-07-15,5,Excited
EMP1318,2026-07-17,3,Okay
EMP1318,2026-07-19,3,Okay
EMP1318,2026-07-21,4,Happy
EMP1318,2026-07-23,4,Happy
EMP1318,2026-07-25,4,Happy
EMP1318,2026-07-27,3,Okay
EMP1318,2026-07-29,2,Sad
EMP1318,2026-07-31,4,Happy
EMP1318,2026-08-02,4,Happy
EMP1318,2026-08-04,3,Okay
EMP1318,2026-08-08,3,Okay
EMP1318,2026-08-10,2,Sad
EMP1318,2026-08-12,4,Happy
EMP1318,2026-08-14,3,Okay
EMP1318,2026-08-16,4,Happy
EMP1318,2026-08-18,3,Okay
EMP1318,2026-08-20,4,Happy
EMP1318,2026-08-22,4,Happy
EMP1319,2026-04-28,3,Okay
EMP1319,2026-04-30,1,Frustrated
EMP1319,2026-05-02,4,Happy
EMP1319,2026-05-04,2,Sad
EMP1319,2026-05-06,2,Sad
EMP1319,2026-05-08,3,Okay
EMP1319,2026-05-10,3,Okay
EMP1319,2026-05-12,3,Okay
EMP1319,2026-05-14,1,Frustrated
EMP1319,2026-05-16,2,Sad
EMP1319,2026-05-18,3,Okay
EMP1319,2026-05-20,3,Okay
EMP1319,2026-05-22,2,Sad
EMP1319,2026-05-26,2,Sad
EMP1319,2026-05-30,3,Okay
EMP1319,2026-06-01,3,Okay
EMP1319,2026-06-05,3,Okay
EMP1319,2026-06-07,3,Okay
EMP1319,2026-06-09,3,Okay
EMP1319,2026-06-11,2,Sad
EMP1319,2026-06-13,3,Okay
EMP1319,2026-06-15,4,Happy
EMP1319,2026-06-17,2,Sad
EMP1319,2026-06-19,3,Okay
EMP1319,2026-06-21,2,Sad
EMP1319,2026-06-23,3,Okay
EMP1319,2026-06-25,1,Frustrated
EMP1319,2026-06-29,3,Okay
EMP1319,2026-07-01,2,Sad
EMP1319,2026-07-03,3,Okay
EMP1319,2026-07-05,3,Okay
EMP1319,2026-07-09,3,Okay
EMP1319,2026-07-11,3,Okay
EMP1319,2026-07-15,3,Okay
EMP1319,2026-07-17,4,Happy
EMP1319,2026-07-19,3,Okay
EMP1319,2026-07-21,2,Sad
EMP1319,2026-07-23,3,Okay
EMP1319,2026-07-25,4,Happy
EMP1319,2026-07-27,2,Sad
EMP1319,2026-07-29,3,Okay
EMP1319,2026-07-31,3,Okay
EMP1319,2026-08-04,2,Sad
EMP1319,2026-08-06,2,Sad
EMP1319,2026-08-08,4,Happy
EMP1319,2026-08-10,3,Okay
EMP1319,2026-08-12,2,Sad
EMP1319,2026-08-14,3,Okay
EMP1319,2026-08-16,2,Sad
EMP1319,2026-08-18,4,Happy
EMP1319,2026-08-20,1,Frustrated
EMP1319,2026-08-22,2,Sad
EMP1319,2026-08-24,3,Okay
EMP1319,2026-08-26,1,Frustrated
EMP1320,2026-04-28,3,Okay
EMP1320,2026-04-30,4,Happy
EMP1320,2026-05-02,4,Happy
EMP1320,2026-05-04,3,Okay
EMP1320,2026-05-06,4,Happy
EMP1320,2026-05-08,3,Okay
EMP1320,2026-05-10,3,Okay
EMP1320,2026-05-12,5,Excited
EMP1320,2026-05-14,3,Okay
EMP1320,2026-05-16,4,Happy
EMP1320,2026-05-18,4,Happy
EMP1320,2026-05-20,4,Happy
EMP1320,2026-05-24,4,Happy
EMP1320,2026-05-26,4,Happy
EMP1320,2026-05-28,4,Happy
EMP1320,2026-05-30,2,Sad
EMP1320,2026-06-01,3,Okay
EMP1320,2026-06-03,5,Excited
EMP1320,2026-06-05,4,Happy
EMP1320,2026-06-07,3,Okay
EMP1320,2026-06-11,3,Okay
EMP1320,2026-06-13,5,Excited
EMP1320,2026-06-15,4,Happy
EMP1320,2026-06-17,4,Happy
EMP1320,2026-06-19,2,Sad
EMP1320,2026-06-23,3,Okay
EMP1320,2026-06-25,3,Okay
EMP1320,2026-06-27,4,Happy
EMP1320,2026-06-29,3,Okay
EMP1320,2026-07-01,4,Happy
EMP1320,2026-07-03,3,Okay
EMP1320,2026-07-05,3,Okay
EMP1320,2026-07-07,4,Happy
EMP1320,2026-07-09,4,Happy
EMP1320,2026-07-11,4,Happy
EMP1320,2026-07-13,3,Okay
EMP1320,2026-07-15,4,Happy
EMP1320,2026-07-17,2,Sad
EMP1320,2026-07-19,2,Sad
EMP1320,2026-07-21,3,Okay
EMP1320,2026-07-25,5,Excited
EMP1320,2026-07-29,3,Okay
EMP1320,2026-07-31,3,Okay
EMP1320,2026-08-02,3,Okay
EMP1320,2026-08-04,4,Happy
EMP1320,2026-08-06,4,Happy
EMP1320,2026-08-08,4,Happy
EMP1320,2026-08-10,4,Happy
EMP1320,2026-08-12,4,Happy
EMP1320,2026-08-14,4,Happy
EMP1320,2026-08-18,4,Happy
EMP1320,2026-08-20,3,Okay
EMP1320,2026-08-22,4,Happy
EMP1320,2026-08-24,4,Happy
EMP1320,2026-08-26,5,Excited
EMP1321,2026-04-28,2,Sad
EMP1321,2026-04-30,2,Sad
EMP1321,2026-05-02,2,Sad
EMP1321,2026-05-04,2,Sad
EMP1321,2026-05-10,2,Sad
EMP1321,2026-05-12,3,Okay
EMP1321,2026-05-14,3,Okay
EMP1321,2026-05-18,2,Sad
EMP1321,2026-05-20,2,Sad
EMP1321,2026-05-24,1,Frustrated
EMP1321,2026-05-26,3,Okay
EMP1321,2026-05-28,1,Frustrated
EMP1321,2026-05-30,2,Sad
EMP1321,2026-06-01,1,Frustrated
EMP1321,2026-06-03,2,Sad
EMP1321,2026-06-07,2,Sad
EMP1321,2026-06-09,1,Frustrated
EMP1321,2026-06-13,2,Sad
EMP1321,2026-06-15,2,Sad
EMP1321,2026-06-17,2,Sad
EMP1321,2026-06-19,2,Sad
EMP1321,2026-06-21,1,Frustrated
EMP1321,2026-06-23,2,Sad
EMP1321,2026-06-25,2,Sad
EMP1321,2026-06-29,2,Sad
EMP1321,2026-07-01,1,Frustrated
EMP1321,2026-07-03,2,Sad
EMP1321,2026-07-05,3,Okay
EMP1321,2026-07-07,1,Frustrated
EMP1321,2026-07-09,1,Frustrated
EMP1321,2026-07-11,1,Frustrated
EMP1321,2026-07-13,1,Frustrated
EMP1321,2026-07-15,1,Frustrated
EMP1321,2026-07-17,1,Frustrated
EMP1321,2026-07-19,1,Frustrated
EMP1321,2026-07-21,1,Frustrated
EMP1321,2026-07-23,2,Sad
EMP1321,2026-07-25,1,Frustrated
EMP1321,2026-07-27,1,Frustrated
EMP1321,2026-07-29,2,Sad
EMP1321,2026-07-31,3,Okay
EMP1321,2026-08-02,2,Sad
EMP1321,2026-08-04,1,Frustrated
EMP1321,2026-08-06,2,Sad
EMP1321,2026-08-08,1,Frustrated
EMP1321,2026-08-10,1,Frustrated
EMP1321,2026-08-12,2,Sad
EMP1321,2026-08-14,2,Sad
EMP1321,2026-08-16,1,Frustrated
EMP1321,2026-08-18,1,Frustrated
EMP1321,2026-08-20,1,Frustrated
EMP1321,2026-08-22,2,Sad
EMP1321,2026-08-24,2,Sad
EMP1321,2026-08-26,1,Frustrated
EMP1322,2026-04-28,3,Okay
EMP1322,2026-04-30,3,Okay
EMP1322,2026-05-02,3,Okay
EMP1322,2026-05-04,3,Okay
EMP1322,2026-05-06,3,Okay
EMP1322,2026-05-08,3,Okay
EMP1322,2026-05-12,3,Okay
EMP1322,2026-05-14,4,Happy
EMP1322,2026-05-16,3,Okay
EMP1322,2026-05-18,3,Okay
EMP1322,2026-05-20,3,Okay
EMP1322,2026-05-22,4,Happy
EMP1322,2026-05-24,4,Happy
EMP1322,2026-05-26,2,Sad
EMP1322,2026-05-28,4,Happy
EMP1322,2026-06-01,3,Okay
EMP1322,2026-06-03,4,Happy
EMP1322,2026-06-07,4,Happy
EMP1322,2026-06-09,3,Okay
EMP1322,2026-06-11,4,Happy
EMP1322,2026-06-13,4,Happy
EMP1322,2026-06-15,3,Okay
EMP1322,2026-06-21,4,Happy
EMP1322,2026-06-23,4,Happy
EMP1322,2026-06-25,3,Okay
EMP1322,2026-06-27,3,Okay
EMP1322,2026-06-29,4,Happy
EMP1322,2026-07-01,4,Happy
EMP1322,2026-07-05,3,Okay
EMP1322,2026-07-07,3,Okay
EMP1322,2026-07-09,3,Okay
EMP1322,2026-07-13,3,Okay
EMP1322,2026-07-15,3,Okay
EMP1322,2026-07-17,3,Okay
EMP1322,2026-07-19,4,Happy
EMP1322,2026-07-21,4,Happy
EMP1322,2026-07-25,3,Okay
EMP1322,2026-07-27,3,Okay
EMP1322,2026-07-29,4,Happy
EMP1322,2026-07-31,3,Okay
EMP1322,2026-08-02,3,Okay
EMP1322,2026-08-08,4,Happy
EMP1322,2026-08-10,3,Okay
EMP1322,2026-08-12,3,Okay
EMP1322,2026-08-14,4,Happy
EMP1322,2026-08-18,4,Happy
EMP1322,2026-08-20,4,Happy
EMP1322,2026-08-22,4,Happy
EMP1322,2026-08-24,3,Okay
EMP1322,2026-08-26,3,Okay
EMP1323,2026-04-28,3,Okay
EMP1323,2026-05-04,3,Okay
EMP1323,2026-05-06,3,Okay
EMP1323,2026-05-08,3,Okay
EMP1323,2026-05-10,4,Happy
EMP1323,2026-05-12,4,Happy
EMP1323,2026-05-14,4,Happy
EMP1323,2026-05-16,3,Okay
EMP1323,2026-05-18,5,Excited
EMP1323,2026-05-20,4,Happy
EMP1323,2026-05-22,5,Excited
EMP1323,2026-05-24,3,Okay
EMP1323,2026-05-26,4,Happy
EMP1323,2026-05-28,4,Happy
EMP1323,2026-05-30,2,Sad
EMP1323,2026-06-01,4,Happy
EMP1323,2026-06-03,4,Happy
EMP1323,2026-06-05,4,Happy
EMP1323,2026-06-07,4,Happy
EMP1323,2026-06-09,4,Happy
EMP1323,2026-06-11,3,Okay
EMP1323,2026-06-13,3,Okay
EMP1323,2026-06-15,4,Happy
EMP1323,2026-06-19,3,Okay
EMP1323,2026-06-21,4,Happy
EMP1323,2026-06-23,4,Happy
EMP1323,2026-06-25,4,Happy
EMP1323,2026-06-27,3,Okay
EMP1323,2026-07-01,4,Happy
EMP1323,2026-07-03,4,Happy
EMP1323,2026-07-05,4,Happy
EMP1323,2026-07-07,3,Okay
EMP1323,2026-07-11,3,Okay
EMP1323,2026-07-13,4,Happy
EMP1323,2026-07-15,3,Okay
EMP1323,2026-07-17,3,Okay
EMP1323,2026-07-19,4,Happy
EMP1323,2026-07-21,3,Okay
EMP1323,2026-07-23,2,Sad
EMP1323,2026-07-25,3,Okay
EMP1323,2026-07-27,3,Okay
EMP1323,2026-07-29,5,Excited
EMP1323,2026-07-31,4,Happy
EMP1323,2026-08-02,3,Okay
EMP1323,2026-08-06,3,Okay
EMP1323,2026-08-08,4,Happy
EMP1323,2026-08-12,4,Happy
EMP1323,2026-08-16,4,Happy
EMP1323,2026-08-18,4,Happy
EMP1323,2026-08-20,2,Sad
EMP1323,2026-08-22,4,Happy
EMP1323,2026-08-24,4,Happy
EMP1323,2026-08-26,4,Happy
EMP1324,2026-04-28,2,Sad
EMP1324,2026-04-30,2,Sad
EMP1324,2026-05-02,2,Sad
EMP1324,2026-05-06,2,Sad
EMP1324,2026-05-08,3,Okay
EMP1324,2026-05-10,3,Okay
EMP1324,2026-05-12,3,Okay
EMP1324,2026-05-14,2,Sad
EMP1324,2026-05-16,2,Sad
EMP1324,2026-05-18,3,Okay
EMP1324,2026-05-20,1,Frustrated
EMP1324,2026-05-22,3,Okay
EMP1324,2026-05-24,1,Frustrated
EMP1324,2026-05-26,3,Okay
EMP1324,2026-05-28,3,Okay
EMP1324,2026-06-01,2,Sad
EMP1324,2026-06-03,1,Frustrated
EMP1324,2026-06-05,2,Sad
EMP1324,2026-06-07,3,Okay
EMP1324,2026-06-09,2,Sad
EMP1324,2026-06-11,2,Sad
EMP1324,2026-06-13,3,Okay
EMP1324,2026-06-15,2,Sad
EMP1324,2026-06-17,2,Sad
EMP1324,2026-06-19,2,Sad
EMP1324,2026-06-21,2,Sad
EMP1324,2026-06-23,4,Happy
EMP1324,2026-06-25,2,Sad
EMP1324,2026-06-27,1,Frustrated
EMP1324,2026-06-29,2,Sad
EMP1324,2026-07-01,3,Okay
EMP1324,2026-07-03,3,Okay
EMP1324,2026-07-05,1,Frustrated
EMP1324,2026-07-07,2,Sad
EMP1324,2026-07-09,1,Frustrated
EMP1324,2026-07-11,2,Sad
EMP1324,2026-07-13,1,Frustrated
EMP1324,2026-07-15,1,Frustrated
EMP1324,2026-07-17,1,Frustrated
EMP1324,2026-07-19,1,Frustrated
EMP1324,2026-07-21,3,Okay
EMP1324,2026-07-23,3,Okay
EMP1324,2026-07-25,1,Frustrated
EMP1324,2026-07-27,2,Sad
EMP1324,2026-07-29,3,Okay
EMP1324,2026-07-31,1,Frustrated
EMP1324,2026-08-06,3,Okay
EMP1324,2026-08-08,2,Sad
EMP1324,2026-08-10,1,Frustrated
EMP1324,2026-08-12,1,Frustrated
EMP1324,2026-08-14,1,Frustrated
EMP1324,2026-08-16,2,Sad
EMP1324,2026-08-18,1,Frustrated
EMP1324,2026-08-20,1,Frustrated
EMP1324,2026-08-22,1,Frustrated
EMP1324,2026-08-24,1,Frustrated
EMP1324,2026-08-26,1,Frustrated
EMP1325,2026-04-28,3,Okay
EMP1325,2026-04-30,3,Okay
EMP1325,2026-05-02,3,Okay
EMP1325,2026-05-04,4,Happy
EMP1325,2026-05-06,2,Sad
EMP1325,2026-05-08,4,Happy
EMP1325,2026-05-10,3,Okay
EMP1325,2026-05-12,3,Okay
EMP1325,2026-05-14,3,Okay
EMP1325,2026-05-16,4,Happy
EMP1325,2026-05-18,4,Happy
EMP1325,2026-05-20,4,Happy
EMP1325,2026-05-22,4,Happy
EMP1325,2026-05-24,4,Happy
EMP1325,2026-05-26,3,Okay
EMP1325,2026-05-28,3,Okay
EMP1325,2026-05-30,4,Happy
EMP1325,2026-06-01,4,Happy
EMP1325,2026-06-05,3,Okay
EMP1325,2026-06-07,3,Okay
EMP1325,2026-06-09,4,Happy
EMP1325,2026-06-11,2,Sad
EMP1325,2026-06-13,2,Sad
EMP1325,2026-06-15,3,Okay
EMP1325,2026-06-19,5,Excited
EMP1325,2026-06-21,4,Happy
EMP1325,2026-06-23,4,Happy
EMP1325,2026-06-25,4,Happy
EMP1325,2026-06-27,5,Excited
EMP1325,2026-06-29,4,Happy
EMP1325,2026-07-01,4,Happy
EMP1325,2026-07-03,4,Happy
EMP1325,2026-07-05,3,Okay
EMP1325,2026-07-07,2,Sad
EMP1325,2026-07-11,5,Excited
EMP1325,2026-07-13,4,Happy
EMP1325,2026-07-15,4,Happy
EMP1325,2026-07-19,3,Okay
EMP1325,2026-07-21,4,Happy
EMP1325,2026-07-23,3,Okay
EMP1325,2026-07-25,4,Happy
EMP1325,2026-07-27,3,Okay
EMP1325,2026-07-29,4,Happy
EMP1325,2026-07-31,3,Okay
EMP1325,2026-08-04,3,Okay
EMP1325,2026-08-06,3,Okay
EMP1325,2026-08-08,3,Okay
EMP1325,2026-08-10,2,Sad
EMP1325,2026-08-14,4,Happy
EMP1325,2026-08-18,3,Okay
EMP1325,2026-08-22,2,Sad
EMP1325,2026-08-24,3,Okay
EMP1325,2026-08-26,3,Okay
EMP1326,2026-04-30,3,Okay
EMP1326,2026-05-02,5,Excited
EMP1326,2026-05-04,4,Happy
EMP1326,2026-05-06,3,Okay
EMP1326,2026-05-08,5,Excited
EMP1326,2026-05-10,4,Happy
EMP1326,2026-05-12,3,Okay
EMP1326,2026-05-14,4,Happy
EMP1326,2026-05-16,3,Okay
EMP1326,2026-05-18,3,Okay
EMP1326,2026-05-20,4,Happy
EMP1326,2026-05-22,3,Okay
EMP1326,2026-05-24,3,Okay
EMP1326,2026-05-26,4,Happy
EMP1326,2026-05-28,5,Excited
EMP1326,2026-05-30,4,Happy
EMP1326,2026-06-01,4,Happy
EMP1326,2026-06-03,4,Happy
EMP1326,2026-06-05,3,Okay
EMP1326,2026-06-07,3,Okay
EMP1326,2026-06-09,3,Okay
EMP1326,2026-06-11,2,Sad
EMP1326,2026-06-13,2,Sad
EMP1326,2026-06-15,3,Okay
EMP1326,2026-06-17,4,Happy
EMP1326,2026-06-19,4,Happy
EMP1326,2026-06-25,3,Okay
EMP1326,2026-06-27,4,Happy
EMP1326,2026-06-29,3,Okay
EMP1326,2026-07-01,3,Okay
EMP1326,2026-07-03,4,Happy
EMP1326,2026-07-07,4,Happy
EMP1326,2026-07-09,4,Happy
EMP1326,2026-07-13,4,Happy
EMP1326,2026-07-15,4,Happy
EMP1326,2026-07-17,3,Okay
EMP1326,2026-07-19,4,Happy
EMP1326,2026-07-21,3,Okay
EMP1326,2026-07-23,4,Happy
EMP1326,2026-07-25,4,Happy
EMP1326,2026-07-27,4,Happy
EMP1326,2026-07-29,3,Okay
EMP1326,2026-07-31,4,Happy
EMP1326,2026-08-02,4,Happy
EMP1326,2026-08-04,4,Happy
EMP1326,2026-08-06,3,Okay
EMP1326,2026-08-08,3,Okay
EMP1326,2026-08-10,4,Happy
EMP1326,2026-08-12,5,Excited
EMP1326,2026-08-14,3,Okay
EMP1326,2026-08-16,4,Happy
EMP1326,2026-08-18,4,Happy
EMP1326,2026-08-20,5,Excited
EMP1326,2026-08-22,4,Happy
EMP1326,2026-08-24,2,Sad
EMP1326,2026-08-26,3,Okay
EMP1327,2026-04-28,4,Happy
EMP1327,2026-04-30,4,Happy
EMP1327,2026-05-02,4,Happy
EMP1327,2026-05-04,3,Okay
EMP1327,2026-05-06,3,Okay
EMP1327,2026-05-08,4,Happy
EMP1327,2026-05-10,4,Happy
EMP1327,2026-05-12,4,Happy
EMP1327,2026-05-16,3,Okay
EMP1327,2026-05-18,2,Sad
EMP1327,2026-05-22,4,Happy
EMP1327,2026-05-24,3,Okay
EMP1327,2026-05-26,3,Okay
EMP1327,2026-05-28,4,Happy
EMP1327,2026-05-30,4,Happy
EMP1327,2026-06-01,2,Sad
EMP1327,2026-06-03,4,Happy
EMP1327,2026-06-07,3,Okay
EMP1327,2026-06-09,4,Happy
EMP1327,2026-06-11,4,Happy
EMP1327,2026-06-13,5,Excited
EMP1327,2026-06-15,4,Happy
EMP1327,2026-06-17,3,Okay
EMP1327,2026-06-21,4,Happy
EMP1327,2026-06-23,5,Excited
EMP1327,2026-06-25,4,Happy
EMP1327,2026-06-29,4,Happy
EMP1327,2026-07-01,3,Okay
EMP1327,2026-07-05,3,Okay
EMP1327,2026-07-07,4,Happy
EMP1327,2026-07-09,4,Happy
EMP1327,2026-07-11,4,Happy
EMP1327,2026-07-13,3,Okay
EMP1327,2026-07-15,3,Okay
EMP1327,2026-07-17,3,Okay
EMP1327,2026-07-19,4,Happy
EMP1327,2026-07-23,4,Happy
EMP1327,2026-07-25,4,Happy
EMP1327,2026-07-29,3,Okay
EMP1327,2026-07-31,3,Okay
EMP1327,2026-08-02,3,Okay
EMP1327,2026-08-06,3,Okay
EMP1327,2026-08-08,5,Excited
EMP1327,2026-08-10,3,Okay
EMP1327,2026-08-12,4,Happy
EMP1327,2026-08-14,3,Okay
EMP1327,2026-08-16,3,Okay
EMP1327,2026-08-20,4,Happy
EMP1327,2026-08-22,3,Okay
EMP1327,2026-08-24,4,Happy
EMP1328,2026-04-28,4,Happy
EMP1328,2026-04-30,3,Okay
EMP1328,2026-05-02,2,Sad
EMP1328,2026-05-04,4,Happy
EMP1328,2026-05-06,2,Sad
EMP1328,2026-05-08,4,Happy
EMP1328,2026-05-10,4,Happy
EMP1328,2026-05-14,4,Happy
EMP1328,2026-05-16,3,Okay
EMP1328,2026-05-18,4,Happy
EMP1328,2026-05-20,3,Okay
EMP1328,2026-05-22,3,Okay
EMP1328,2026-05-24,3,Okay
EMP1328,2026-05-26,4,Happy
EMP1328,2026-05-28,3,Okay
EMP1328,2026-05-30,5,Excited
EMP1328,2026-06-01,3,Okay
EMP1328,2026-06-03,5,Excited
EMP1328,2026-06-05,3,Okay
EMP1328,2026-06-07,3,Okay
EMP1328,2026-06-09,3,Okay
EMP1328,2026-06-11,3,Okay
EMP1328,2026-06-13,4,Happy
EMP1328,2026-06-15,4,Happy
EMP1328,2026-06-17,4,Happy
EMP1328,2026-06-19,3,Okay
EMP1328,2026-06-21,4,Happy
EMP1328,2026-06-23,3,Okay
EMP1328,2026-06-25,2,Sad
EMP1328,2026-06-29,2,Sad
EMP1328,2026-07-01,3,Okay
EMP1328,2026-07-03,4,Happy
EMP1328,2026-07-05,3,Okay
EMP1328,2026-07-07,3,Okay
EMP1328,2026-07-09,5,Excited
EMP1328,2026-07-11,4,Happy
EMP1328,2026-07-13,5,Excited
EMP1328,2026-07-15,4,Happy
EMP1328,2026-07-17,4,Happy
EMP1328,2026-07-19,5,Excited
EMP1328,2026-07-21,3,Okay
EMP1328,2026-07-23,4,Happy
EMP1328,2026-07-25,4,Happy
EMP1328,2026-07-27,4,Happy
EMP1328,2026-07-29,4,Happy
EMP1328,2026-07-31,4,Happy
EMP1328,2026-08-02,4,Happy
EMP1328,2026-08-04,3,Okay
EMP1328,2026-08-08,3,Okay
EMP1328,2026-08-10,4,Happy
EMP1328,2026-08-14,3,Okay
EMP1328,2026-08-16,3,Okay
EMP1328,2026-08-18,4,Happy
EMP1328,2026-08-22,3,Okay
EMP1328,2026-08-24,3,Okay
EMP1328,2026-08-26,4,Happy
EMP1329,2026-04-28,2,Sad
EMP1329,2026-04-30,1,Frustrated
EMP1329,2026-05-02,1,Frustrated
EMP1329,2026-05-04,2,Sad
EMP1329,2026-05-08,2,Sad
EMP1329,2026-05-10,2,Sad
EMP1329,2026-05-12,4,Happy
EMP1329,2026-05-14,1,Frustrated
EMP1329,2026-05-16,3,Okay
EMP1329,2026-05-18,1,Frustrated
EMP1329,2026-05-20,2,Sad
EMP1329,2026-05-22,2,Sad
EMP1329,2026-05-26,4,Happy
EMP1329,2026-05-28,2,Sad
EMP1329,2026-05-30,2,Sad
EMP1329,2026-06-01,4,Happy
EMP1329,2026-06-05,2,Sad
EMP1329,2026-06-07,2,Sad
EMP1329,2026-06-11,3,Okay
EMP1329,2026-06-15,1,Frustrated
EMP1329,2026-06-17,2,Sad
EMP1329,2026-06-19,2,Sad
EMP1329,2026-06-21,1,Frustrated
EMP1329,2026-06-23,1,Frustrated
EMP1329,2026-06-27,2,Sad
EMP1329,2026-06-29,3,Okay
EMP1329,2026-07-01,3,Okay
EMP1329,2026-07-03,3,Okay
EMP1329,2026-07-05,3,Okay
EMP1329,2026-07-07,2,Sad
EMP1329,2026-07-09,2,Sad
EMP1329,2026-07-11,3,Okay
EMP1329,2026-07-13,3,Okay
EMP1329,2026-07-15,2,Sad
EMP1329,2026-07-17,3,Okay
EMP1329,2026-07-21,1,Frustrated
EMP1329,2026-07-23,3,Okay
EMP1329,2026-07-25,2,Sad
EMP1329,2026-07-31,3,Okay
EMP1329,2026-08-04,2,Sad
EMP1329,2026-08-08,3,Okay
EMP1329,2026-08-10,3,Okay
EMP1329,2026-08-12,2,Sad
EMP1329,2026-08-14,2,Sad
EMP1329,2026-08-16,3,Okay
EMP1329,2026-08-18,2,Sad
EMP1329,2026-08-20,2,Sad
EMP1329,2026-08-24,3,Okay
EMP1329,2026-08-26,3,Okay
EMP1330,2026-04-28,3,Okay
EMP1330,2026-04-30,1,Frustrated
EMP1330,2026-05-04,2,Sad
EMP1330,2026-05-06,3,Okay
EMP1330,2026-05-08,3,Okay
EMP1330,2026-05-10,2,Sad
EMP1330,2026-05-12,2,Sad
EMP1330,2026-05-14,3,Okay
EMP1330,2026-05-16,2,Sad
EMP1330,2026-05-20,3,Okay
EMP1330,2026-05-22,3,Okay
EMP1330,2026-05-24,2,Sad
EMP1330,2026-05-26,1,Frustrated
EMP1330,2026-05-28,2,Sad
EMP1330,2026-06-01,2,Sad
EMP1330,2026-06-03,2,Sad
EMP1330,2026-06-05,2,Sad
EMP1330,2026-06-07,2,Sad
EMP1330,2026-06-09,2,Sad
EMP1330,2026-06-11,2,Sad
EMP1330,2026-06-15,2,Sad
EMP1330,2026-06-17,1,Frustrated
EMP1330,2026-06-19,2,Sad
EMP1330,2026-06-21,2,Sad
EMP1330,2026-06-23,2,Sad
EMP1330,2026-06-27,2,Sad
EMP1330,2026-06-29,2,Sad
EMP1330,2026-07-01,2,Sad
EMP1330,2026-07-03,1,Frustrated
EMP1330,2026-07-05,3,Okay
EMP1330,2026-07-07,1,Frustrated
EMP1330,2026-07-09,1,Frustrated
EMP1330,2026-07-13,1,Frustrated
EMP1330,2026-07-15,2,Sad
EMP1330,2026-07-19,1,Frustrated
EMP1330,2026-07-23,2,Sad
EMP1330,2026-07-25,2,Sad
EMP1330,2026-07-27,2,Sad
EMP1330,2026-07-29,2,Sad
EMP1330,2026-07-31,1,Frustrated
EMP1330,2026-08-02,2,Sad
EMP1330,2026-08-04,2,Sad
EMP1330,2026-08-06,2,Sad
EMP1330,2026-08-08,2,Sad
EMP1330,2026-08-10,1,Frustrated
EMP1330,2026-08-12,1,Frustrated
EMP1330,2026-08-16,2,Sad
EMP1330,2026-08-18,1,Frustrated
EMP1330,2026-08-22,1,Frustrated
EMP1330,2026-08-24,1,Frustrated
EMP1330,2026-08-26,1,Frustrated
EMP1331,2026-04-28,3,Okay
EMP1331,2026-04-30,2,Sad
EMP1331,2026-05-06,2,Sad
EMP1331,2026-05-08,2,Sad
EMP1331,2026-05-10,2,Sad
EMP1331,2026-05-12,2,Sad
EMP1331,2026-05-14,2,Sad
EMP1331,2026-05-18,1,Frustrated
EMP1331,2026-05-20,3,Okay
EMP1331,2026-05-22,2,Sad
EMP1331,2026-05-24,2,Sad
EMP1331,2026-05-26,2,Sad
EMP1331,2026-05-28,3,Okay
EMP1331,2026-05-30,4,Happy
EMP1331,2026-06-01,4,Happy
EMP1331,2026-06-03,2,Sad
EMP1331,2026-06-05,2,Sad
EMP1331,2026-06-07,1,Frustrated
EMP1331,2026-06-09,1,Frustrated
EMP1331,2026-06-11,1,Frustrated
EMP1331,2026-06-13,3,Okay
EMP1331,2026-06-15,2,Sad
EMP1331,2026-06-17,1,Frustrated
EMP1331,2026-06-19,2,Sad
EMP1331,2026-06-21,2,Sad
EMP1331,2026-06-23,2,Sad
EMP1331,2026-06-25,3,Okay
EMP1331,2026-06-27,1,Frustrated
EMP1331,2026-06-29,2,Sad
EMP1331,2026-07-01,3,Okay
EMP1331,2026-07-03,3,Okay
EMP1331,2026-07-05,1,Frustrated
EMP1331,2026-07-07,3,Okay
EMP1331,2026-07-09,1,Frustrated
EMP1331,2026-07-11,2,Sad
EMP1331,2026-07-15,3,Okay
EMP1331,2026-07-17,5,Excited
EMP1331,2026-07-19,3,Okay
EMP1331,2026-07-21,2,Sad
EMP1331,2026-07-23,1,Frustrated
EMP1331,2026-07-25,3,Okay
EMP1331,2026-07-27,3,Okay
EMP1331,2026-07-29,2,Sad
EMP1331,2026-07-31,3,Okay
EMP1331,2026-08-02,1,Frustrated
EMP1331,2026-08-04,1,Frustrated
EMP1331,2026-08-06,2,Sad
EMP1331,2026-08-08,1,Frustrated
EMP1331,2026-08-10,3,Okay
EMP1331,2026-08-16,3,Okay
EMP1331,2026-08-18,4,Happy
EMP1331,2026-08-20,3,Okay
EMP1331,2026-08-22,3,Okay
EMP1331,2026-08-24,3,Okay
EMP1331,2026-08-26,2,Sad
EMP1332,2026-04-28,5,Excited
EMP1332,2026-04-30,4,Happy
EMP1332,2026-05-02,4,Happy
EMP1332,2026-05-04,4,Happy
EMP1332,2026-05-06,4,Happy
EMP1332,2026-05-08,4,Happy
EMP1332,2026-05-12,3,Okay
EMP1332,2026-05-14,3,Okay
EMP1332,2026-05-16,4,Happy
EMP1332,2026-05-18,4,Happy
EMP1332,2026-05-20,4,Happy
EMP1332,2026-05-22,4,Happy
EMP1332,2026-05-24,4,Happy
EMP1332,2026-05-26,2,Sad
EMP1332,2026-05-28,3,Okay
EMP1332,2026-05-30,4,Happy
EMP1332,2026-06-01,3,Okay
EMP1332,2026-06-03,4,Happy
EMP1332,2026-06-05,5,Excited
EMP1332,2026-06-07,4,Happy
EMP1332,2026-06-09,3,Okay
EMP1332,2026-06-13,3,Okay
EMP1332,2026-06-15,4,Happy
EMP1332,2026-06-17,4,Happy
EMP1332,2026-06-19,3,Okay
EMP1332,2026-06-21,4,Happy
EMP1332,2026-06-23,3,Okay
EMP1332,2026-06-25,5,Excited
EMP1332,2026-06-27,4,Happy
EMP1332,2026-06-29,4,Happy
EMP1332,2026-07-01,4,Happy
EMP1332,2026-07-05,4,Happy
EMP1332,2026-07-07,4,Happy
EMP1332,2026-07-09,4,Happy
EMP1332,2026-07-11,4,Happy
EMP1332,2026-07-13,4,Happy
EMP1332,2026-07-15,3,Okay
EMP1332,2026-07-17,3,Okay
EMP1332,2026-07-19,3,Okay
EMP1332,2026-07-21,4,Happy
EMP1332,2026-07-23,3,Okay
EMP1332,2026-07-25,3,Okay
EMP1332,2026-07-27,3,Okay
EMP1332,2026-07-29,3,Okay
EMP1332,2026-07-31,4,Happy
EMP1332,2026-08-02,3,Okay
EMP1332,2026-08-08,4,Happy
EMP1332,2026-08-10,3,Okay
EMP1332,2026-08-12,4,Happy
EMP1332,2026-08-14,3,Okay
EMP1332,2026-08-16,3,Okay
EMP1332,2026-08-18,4,Happy
EMP1332,2026-08-20,3,Okay
EMP1332,2026-08-22,4,Happy
EMP1332,2026-08-24,4,Happy
EMP1332,2026-08-26,4,Happy
EMP1333,2026-04-28,3,Okay
EMP1333,2026-04-30,3,Okay
EMP1333,2026-05-02,4,Happy
EMP1333,2026-05-04,4,Happy
EMP1333,2026-05-06,2,Sad
EMP1333,2026-05-08,4,Happy
EMP1333,2026-05-10,4,Happy
EMP1333,2026-05-14,3,Okay
EMP1333,2026-05-16,4,Happy
EMP1333,2026-05-18,3,Okay
EMP1333,2026-05-20,4,Happy
EMP1333,2026-05-22,3,Okay
EMP1333,2026-05-24,2,Sad
EMP1333,2026-05-26,4,Happy
EMP1333,2026-05-30,4,Happy
EMP1333,2026-06-01,3,Okay
EMP1333,2026-06-03,3,Okay
EMP1333,2026-06-05,4,Happy
EMP1333,2026-06-07,3,Okay
EMP1333,2026-06-09,4,Happy
EMP1333,2026-06-11,5,Excited
EMP1333,2026-06-15,3,Okay
EMP1333,2026-06-17,3,Okay
EMP1333,2026-06-21,4,Happy
EMP1333,2026-06-23,4,Happy
EMP1333,2026-06-25,4,Happy
EMP1333,2026-06-29,5,Excited
EMP1333,2026-07-01,3,Okay
EMP1333,2026-07-03,4,Happy
EMP1333,2026-07-07,3,Okay
EMP1333,2026-07-09,3,Okay
EMP1333,2026-07-11,3,Okay
EMP1333,2026-07-15,4,Happy
EMP1333,2026-07-17,4,Happy
EMP1333,2026-07-19,3,Okay
EMP1333,2026-07-21,4,Happy
EMP1333,2026-07-23,3,Okay
EMP1333,2026-07-25,4,Happy
EMP1333,2026-07-27,4,Happy
EMP1333,2026-07-29,2,Sad
EMP1333,2026-07-31,3,Okay
EMP1333,2026-08-02,4,Happy
EMP1333,2026-08-04,3,Okay
EMP1333,2026-08-06,3,Okay
EMP1333,2026-08-08,3,Okay
EMP1333,2026-08-10,4,Happy
EMP1333,2026-08-12,4,Happy
EMP1333,2026-08-14,3,Okay
EMP1333,2026-08-18,3,Okay
EMP1333,2026-08-20,3,Okay
EMP1333,2026-08-22,3,Okay
EMP1333,2026-08-24,4,Happy
EMP1333,2026-08-26,5,Excited
EMP1334,2026-04-28,5,Excited
EMP1334,2026-04-30,3,Okay
EMP1334,2026-05-02,3,Okay
EMP1334,2026-05-06,4,Happy
EMP1334,2026-05-08,4,Happy
EMP1334,2026-05-10,3,Okay
EMP1334,2026-05-12,4,Happy
EMP1334,2026-05-14,2,Sad
EMP1334,2026-05-18,4,Happy
EMP1334,2026-05-20,5,Excited
EMP1334,2026-05-22,3,Okay
EMP1334,2026-05-26,4,Happy
EMP1334,2026-05-28,3,Okay
EMP1334,2026-05-30,4,Happy
EMP1334,2026-06-01,3,Okay
EMP1334,2026-06-03,3,Okay
EMP1334,2026-06-05,3,Okay
EMP1334,2026-06-07,3,Okay
EMP1334,2026-06-09,3,Okay
EMP1334,2026-06-11,2,Sad
EMP1334,2026-06-13,4,Happy
EMP1334,2026-06-17,4,Happy
EMP1334,2026-06-21,3,Okay
EMP1334,2026-06-23,3,Okay
EMP1334,2026-06-25,3,Okay
EMP1334,2026-06-27,3,Okay
EMP1334,2026-06-29,3,Okay
EMP1334,2026-07-01,3,Okay
EMP1334,2026-07-05,2,Sad
EMP1334,2026-07-07,3,Okay
EMP1334,2026-07-09,4,Happy
EMP1334,2026-07-11,4,Happy
EMP1334,2026-07-13,5,Excited
EMP1334,2026-07-15,3,Okay
EMP1334,2026-07-17,4,Happy
EMP1334,2026-07-19,2,Sad
EMP1334,2026-07-21,3,Okay
EMP1334,2026-07-23,4,Happy
EMP1334,2026-07-25,4,Happy
EMP1334,2026-07-27,3,Okay
EMP1334,2026-07-29,3,Okay
EMP1334,2026-07-31,2,Sad
EMP1334,2026-08-02,3,Okay
EMP1334,2026-08-04,3,Okay
EMP1334,2026-08-06,4,Happy
EMP1334,2026-08-08,3,Okay
EMP1334,2026-08-10,4,Happy
EMP1334,2026-08-12,4,Happy
EMP1334,2026-08-14,3,Okay
EMP1334,2026-08-20,3,Okay
EMP1334,2026-08-22,5,Excited
EMP1334,2026-08-24,4,Happy
EMP1334,2026-08-26,4,Happy
EMP1335,2026-04-28,4,Happy
EMP1335,2026-04-30,2,Sad
EMP1335,2026-05-02,3,Okay
EMP1335,2026-05-04,2,Sad
EMP1335,2026-05-06,3,Okay
EMP1335,2026-05-08,3,Okay
EMP1335,2026-05-10,4,Happy
EMP1335,2026-05-12,4,Happy
EMP1335,2026-05-14,4,Happy
EMP1335,2026-05-16,4,Happy
EMP1335,2026-05-18,3,Okay
EMP1335,2026-05-20,4,Happy
EMP1335,2026-05-22,4,Happy
EMP1335,2026-05-24,3,Okay
EMP1335,2026-05-26,3,Okay
EMP1335,2026-05-28,3,Okay
EMP1335,2026-06-01,5,Excited
EMP1335,2026-06-03,3,Okay
EMP1335,2026-06-05,3,Okay
EMP1335,2026-06-07,5,Excited
EMP1335,2026-06-09,5,Excited
EMP1335,2026-06-11,5,Excited
EMP1335,2026-06-13,4,Happy
EMP1335,2026-06-19,4,Happy
EMP1335,2026-06-21,3,Okay
EMP1335,2026-06-25,5,Excited
EMP1335,2026-06-27,3,Okay
EMP1335,2026-06-29,3,Okay
EMP1335,2026-07-01,3,Okay
EMP1335,2026-07-03,3,Okay
EMP1335,2026-07-05,4,Happy
EMP1335,2026-07-09,4,Happy
EMP1335,2026-07-11,4,Happy
EMP1335,2026-07-13,4,Happy
EMP1335,2026-07-15,3,Okay
EMP1335,2026-07-17,4,Happy
EMP1335,2026-07-19,4,Happy
EMP1335,2026-07-21,4,Happy
EMP1335,2026-07-23,4,Happy
EMP1335,2026-07-25,3,Okay
EMP1335,2026-07-27,4,Happy
EMP1335,2026-07-29,5,Excited
EMP1335,2026-07-31,5,Excited
EMP1335,2026-08-02,3,Okay
EMP1335,2026-08-04,4,Happy
EMP1335,2026-08-06,3,Okay
EMP1335,2026-08-08,3,Okay
EMP1335,2026-08-10,4,Happy
EMP1335,2026-08-14,5,Excited
EMP1335,2026-08-16,4,Happy
EMP1335,2026-08-18,3,Okay
EMP1335,2026-08-20,3,Okay
EMP1335,2026-08-22,4,Happy
EMP1335,2026-08-24,3,Okay
EMP1335,2026-08-26,3,Okay
EMP1336,2026-04-28,2,Sad
EMP1336,2026-04-30,1,Frustrated
EMP1336,2026-05-02,2,Sad
EMP1336,2026-05-04,4,Happy
EMP1336,2026-05-06,2,Sad
EMP1336,2026-05-08,2,Sad
EMP1336,2026-05-10,4,Happy
EMP1336,2026-05-12,3,Okay
EMP1336,2026-05-14,3,Okay
EMP1336,2026-05-16,2,Sad
EMP1336,2026-05-18,3,Okay
EMP1336,2026-05-20,2,Sad
EMP1336,2026-05-22,3,Okay
EMP1336,2026-05-24,3,Okay
EMP1336,2026-05-26,4,Happy
EMP1336,2026-05-28,3,Okay
EMP1336,2026-05-30,2,Sad
EMP1336,2026-06-01,2,Sad
EMP1336,2026-06-05,2,Sad
EMP1336,2026-06-07,4,Happy
EMP1336,2026-06-09,2,Sad
EMP1336,2026-06-11,1,Frustrated
EMP1336,2026-06-13,3,Okay
EMP1336,2026-06-15,3,Okay
EMP1336,2026-06-17,2,Sad
EMP1336,2026-06-19,3,Okay
EMP1336,2026-06-21,1,Frustrated
EMP1336,2026-06-25,2,Sad
EMP1336,2026-06-29,3,Okay
EMP1336,2026-07-01,2,Sad
EMP1336,2026-07-03,3,Okay
EMP1336,2026-07-05,2,Sad
EMP1336,2026-07-07,2,Sad
EMP1336,2026-07-09,4,Happy
EMP1336,2026-07-11,2,Sad
EMP1336,2026-07-13,2,Sad
EMP1336,2026-07-15,4,Happy
EMP1336,2026-07-17,3,Okay
EMP1336,2026-07-19,2,Sad
EMP1336,2026-07-23,3,Okay
EMP1336,2026-07-25,2,Sad
EMP1336,2026-07-27,2,Sad
EMP1336,2026-07-31,3,Okay
EMP1336,2026-08-02,1,Frustrated
EMP1336,2026-08-04,3,Okay
EMP1336,2026-08-06,3,Okay
EMP1336,2026-08-08,2,Sad
EMP1336,2026-08-10,1,Frustrated
EMP1336,2026-08-12,1,Frustrated
EMP1336,2026-08-16,4,Happy
EMP1336,2026-08-18,1,Frustrated
EMP1336,2026-08-22,3,Okay
EMP1336,2026-08-24,2,Sad
EMP1336,2026-08-26,3,Okay
EMP1337,2026-04-28,3,Okay
EMP1337,2026-04-30,2,Sad
EMP1337,2026-05-02,2,Sad
EMP1337,2026-05-06,2,Sad
EMP1337,2026-05-08,2,Sad
EMP1337,2026-05-10,2,Sad
EMP1337,2026-05-12,2,Sad
EMP1337,2026-05-16,1,Frustrated
EMP1337,2026-05-20,2,Sad
EMP1337,2026-05-22,1,Frustrated
EMP1337,2026-05-24,2,Sad
EMP1337,2026-05-26,2,Sad
EMP1337,2026-05-28,3,Okay
EMP1337,2026-05-30,1,Frustrated
EMP1337,2026-06-01,2,Sad
EMP1337,2026-06-03,2,Sad
EMP1337,2026-06-05,2,Sad
EMP1337,2026-06-07,1,Frustrated
EMP1337,2026-06-09,2,Sad
EMP1337,2026-06-11,1,Frustrated
EMP1337,2026-06-13,1,Frustrated
EMP1337,2026-06-15,1,Frustrated
EMP1337,2026-06-17,2,Sad
EMP1337,2026-06-19,1,Frustrated
EMP1337,2026-06-21,1,Frustrated
EMP1337,2026-06-25,1,Frustrated
EMP1337,2026-06-27,2,Sad
EMP1337,2026-06-29,1,Frustrated
EMP1337,2026-07-03,1,Frustrated
EMP1337,2026-07-05,1,Frustrated
EMP1337,2026-07-07,2,Sad
EMP1337,2026-07-09,2,Sad
EMP1337,2026-07-11,2,Sad
EMP1337,2026-07-13,1,Frustrated
EMP1337,2026-07-15,2,Sad
EMP1337,2026-07-17,2,Sad
EMP1337,2026-07-19,2,Sad
EMP1337,2026-07-21,1,Frustrated
EMP1337,2026-07-25,1,Frustrated
EMP1337,2026-07-27,2,Sad
EMP1337,2026-07-31,2,Sad
EMP1337,2026-08-04,2,Sad
EMP1337,2026-08-06,2,Sad
EMP1337,2026-08-08,1,Frustrated
EMP1337,2026-08-10,1,Frustrated
EMP1337,2026-08-12,1,Frustrated
EMP1337,2026-08-16,1,Frustrated
EMP1337,2026-08-18,1,Frustrated
EMP1337,2026-08-20,1,Frustrated
EMP1337,2026-08-22,1,Frustrated
EMP1337,2026-08-24,1,Frustrated
EMP1338,2026-04-30,4,Happy
EMP1338,2026-05-02,4,Happy
EMP1338,2026-05-04,5,Excited
EMP1338,2026-05-06,4,Happy
EMP1338,2026-05-08,5,Excited
EMP1338,2026-05-10,4,Happy
EMP1338,2026-05-12,4,Happy
EMP1338,2026-05-14,4,Happy
EMP1338,2026-05-18,3,Okay
EMP1338,2026-05-20,5,Excited
EMP1338,2026-05-22,3,Okay
EMP1338,2026-05-24,3,Okay
EMP1338,2026-05-26,4,Happy
EMP1338,2026-05-28,3,Okay
EMP1338,2026-05-30,4,Happy
EMP1338,2026-06-01,4,Happy
EMP1338,2026-06-09,4,Happy
EMP1338,2026-06-11,4,Happy
EMP1338,2026-06-13,4,Happy
EMP1338,2026-06-15,4,Happy
EMP1338,2026-06-21,5,Excited
EMP1338,2026-06-23,4,Happy
EMP1338,2026-06-25,4,Happy
EMP1338,2026-06-27,2,Sad
EMP1338,2026-07-01,3,Okay
EMP1338,2026-07-03,5,Excited
EMP1338,2026-07-07,3,Okay
EMP1338,2026-07-09,4,Happy
EMP1338,2026-07-11,4,Happy
EMP1338,2026-07-13,4,Happy
EMP1338,2026-07-15,4,Happy
EMP1338,2026-07-19,3,Okay
EMP1338,2026-07-21,5,Excited
EMP1338,2026-07-23,4,Happy
EMP1338,2026-07-25,2,Sad
EMP1338,2026-07-27,3,Okay
EMP1338,2026-07-29,4,Happy
EMP1338,2026-08-02,4,Happy
EMP1338,2026-08-04,3,Okay
EMP1338,2026-08-06,5,Excited
EMP1338,2026-08-08,4,Happy
EMP1338,2026-08-10,4,Happy
EMP1338,2026-08-14,3,Okay
EMP1338,2026-08-16,4,Happy
EMP1338,2026-08-18,4,Happy
EMP1338,2026-08-20,4,Happy
EMP1338,2026-08-22,4,Happy
EMP1338,2026-08-24,3,Okay
EMP1338,2026-08-26,5,Excited
EMP1339,2026-04-28,2,Sad
EMP1339,2026-04-30,2,Sad
EMP1339,2026-05-02,3,Okay
EMP1339,2026-05-08,3,Okay
EMP1339,2026-05-10,3,Okay
EMP1339,2026-05-12,2,Sad
EMP1339,2026-05-16,3,Okay
EMP1339,2026-05-18,2,Sad
EMP1339,2026-05-20,4,Happy
EMP1339,2026-05-22,4,Happy
EMP1339,2026-05-26,3,Okay
EMP1339,2026-05-28,2,Sad
EMP1339,2026-05-30,3,Okay
EMP1339,2026-06-01,2,Sad
EMP1339,2026-06-05,2,Sad
EMP1339,2026-06-07,3,Okay
EMP1339,2026-06-09,2,Sad
EMP1339,2026-06-11,2,Sad
EMP1339,2026-06-13,1,Frustrated
EMP1339,2026-06-15,3,Okay
EMP1339,2026-06-17,4,Happy
EMP1339,2026-06-19,2,Sad
EMP1339,2026-06-21,3,Okay
EMP1339,2026-06-23,2,Sad
EMP1339,2026-06-27,2,Sad
EMP1339,2026-06-29,2,Sad
EMP1339,2026-07-01,2,Sad
EMP1339,2026-07-03,2,Sad
EMP1339,2026-07-05,3,Okay
EMP1339,2026-07-07,2,Sad
EMP1339,2026-07-09,3,Okay
EMP1339,2026-07-11,3,Okay
EMP1339,2026-07-13,3,Okay
EMP1339,2026-07-15,2,Sad
EMP1339,2026-07-19,3,Okay
EMP1339,2026-07-21,3,Okay
EMP1339,2026-07-23,3,Okay
EMP1339,2026-07-25,3,Okay
EMP1339,2026-07-27,4,Happy
EMP1339,2026-07-29,2,Sad
EMP1339,2026-07-31,3,Okay
EMP1339,2026-08-02,2,Sad
EMP1339,2026-08-04,2,Sad
EMP1339,2026-08-06,2,Sad
EMP1339,2026-08-08,3,Okay
EMP1339,2026-08-10,3,Okay
EMP1339,2026-08-12,1,Frustrated
EMP1339,2026-08-14,3,Okay
EMP1339,2026-08-18,3,Okay
EMP1339,2026-08-20,3,Okay
EMP1339,2026-08-22,3,Okay
EMP1339,2026-08-24,3,Okay
EMP1339,2026-08-26,3,Okay
EMP1340,2026-04-28,3,Okay
EMP1340,2026-05-02,4,Happy
EMP1340,2026-05-04,4,Happy
EMP1340,2026-05-06,5,Excited
EMP1340,2026-05-08,3,Okay
EMP1340,2026-05-10,3,Okay
EMP1340,2026-05-12,4,Happy
EMP1340,2026-05-14,3,Okay
EMP1340,2026-05-16,5,Excited
EMP1340,2026-05-18,2,Sad
EMP1340,2026-05-20,3,Okay
EMP1340,2026-05-22,4,Happy
EMP1340,2026-05-26,3,Okay
EMP1340,2026-05-28,5,Excited
EMP1340,2026-05-30,2,Sad
EMP1340,2026-06-01,4,Happy
EMP1340,2026-06-03,3,Okay
EMP1340,2026-06-07,5,Excited
EMP1340,2026-06-09,4,Happy
EMP1340,2026-06-11,3,Okay
EMP1340,2026-06-13,4,Happy
EMP1340,2026-06-15,5,Excited
EMP1340,2026-06-17,4,Happy
EMP1340,2026-06-19,3,Okay
EMP1340,2026-06-21,4,Happy
EMP1340,2026-06-23,3,Okay
EMP1340,2026-06-25,3,Okay
EMP1340,2026-06-27,3,Okay
EMP1340,2026-06-29,4,Happy
EMP1340,2026-07-01,3,Okay
EMP1340,2026-07-03,4,Happy
EMP1340,2026-07-05,4,Happy
EMP1340,2026-07-07,5,Excited
EMP1340,2026-07-09,2,Sad
EMP1340,2026-07-11,4,Happy
EMP1340,2026-07-15,4,Happy
EMP1340,2026-07-17,4,Happy
EMP1340,2026-07-19,4,Happy
EMP1340,2026-07-21,3,Okay
EMP1340,2026-07-23,3,Okay
EMP1340,2026-07-25,2,Sad
EMP1340,2026-07-27,4,Happy
EMP1340,2026-07-29,3,Okay
EMP1340,2026-07-31,4,Happy
EMP1340,2026-08-02,4,Happy
EMP1340,2026-08-04,4,Happy
EMP1340,2026-08-06,5,Excited
EMP1340,2026-08-08,4,Happy
EMP1340,2026-08-12,2,Sad
EMP1340,2026-08-14,3,Okay
EMP1340,2026-08-16,3,Okay
EMP1340,2026-08-18,3,Okay
EMP1340,2026-08-20,4,Happy
EMP1340,2026-08-22,4,Happy
EMP1340,2026-08-24,4,Happy
EMP1340,2026-08-26,4,Happy
EMP1341,2026-04-28,2,Sad
EMP1341,2026-04-30,2,Sad
EMP1341,2026-05-04,2,Sad
EMP1341,2026-05-06,2,Sad
EMP1341,2026-05-10,1,Frustrated
EMP1341,2026-05-12,2,Sad
EMP1341,2026-05-16,3,Okay
EMP1341,2026-05-18,2,Sad
EMP1341,2026-05-20,2,Sad
EMP1341,2026-05-22,3,Okay
EMP1341,2026-05-24,2,Sad
EMP1341,2026-05-26,3,Okay
EMP1341,2026-05-28,2,Sad
EMP1341,2026-05-30,2,Sad
EMP1341,2026-06-01,1,Frustrated
EMP1341,2026-06-03,2,Sad
EMP1341,2026-06-05,2,Sad
EMP1341,2026-06-09,3,Okay
EMP1341,2026-06-11,2,Sad
EMP1341,2026-06-13,2,Sad
EMP1341,2026-06-15,3,Okay
EMP1341,2026-06-17,3,Okay
EMP1341,2026-06-19,2,Sad
EMP1341,2026-06-21,2,Sad
EMP1341,2026-06-23,2,Sad
EMP1341,2026-06-25,3,Okay
EMP1341,2026-06-27,1,Frustrated
EMP1341,2026-07-03,3,Okay
EMP1341,2026-07-05,2,Sad
EMP1341,2026-07-07,2,Sad
EMP1341,2026-07-09,2,Sad
EMP1341,2026-07-13,2,Sad
EMP1341,2026-07-15,3,Okay
EMP1341,2026-07-17,1,Frustrated
EMP1341,2026-07-19,2,Sad
EMP1341,2026-07-21,2,Sad
EMP1341,2026-07-23,2,Sad
EMP1341,2026-07-25,2,Sad
EMP1341,2026-07-29,2,Sad
EMP1341,2026-08-02,2,Sad
EMP1341,2026-08-04,1,Frustrated
EMP1341,2026-08-06,2,Sad
EMP1341,2026-08-08,2,Sad
EMP1341,2026-08-10,1,Frustrated
EMP1341,2026-08-12,3,Okay
EMP1341,2026-08-14,1,Frustrated
EMP1341,2026-08-16,1,Frustrated
EMP1341,2026-08-18,2,Sad
EMP1341,2026-08-20,1,Frustrated
EMP1341,2026-08-22,2,Sad
EMP1341,2026-08-24,2,Sad
EMP1341,2026-08-26,1,Frustrated
EMP1342,2026-04-28,3,Okay
EMP1342,2026-04-30,3,Okay
EMP1342,2026-05-04,2,Sad
EMP1342,2026-05-06,3,Okay
EMP1342,2026-05-08,3,Okay
EMP1342,2026-05-10,3,Okay
EMP1342,2026-05-12,1,Frustrated
EMP1342,2026-05-14,2,Sad
EMP1342,2026-05-16,3,Okay
EMP1342,2026-05-20,2,Sad
EMP1342,2026-05-22,2,Sad
EMP1342,2026-05-24,3,Okay
EMP1342,2026-05-26,2,Sad
EMP1342,2026-05-28,2,Sad
EMP1342,2026-05-30,3,Okay
EMP1342,2026-06-01,3,Okay
EMP1342,2026-06-03,2,Sad
EMP1342,2026-06-05,2,Sad
EMP1342,2026-06-07,3,Okay
EMP1342,2026-06-09,2,Sad
EMP1342,2026-06-11,2,Sad
EMP1342,2026-06-13,3,Okay
EMP1342,2026-06-15,1,Frustrated
EMP1342,2026-06-17,2,Sad
EMP1342,2026-06-19,3,Okay
EMP1342,2026-06-21,2,Sad
EMP1342,2026-06-23,2,Sad
EMP1342,2026-06-25,2,Sad
EMP1342,2026-06-27,1,Frustrated
EMP1342,2026-06-29,2,Sad
EMP1342,2026-07-03,1,Frustrated
EMP1342,2026-07-05,3,Okay
EMP1342,2026-07-07,2,Sad
EMP1342,2026-07-11,2,Sad
EMP1342,2026-07-13,2,Sad
EMP1342,2026-07-15,2,Sad
EMP1342,2026-07-17,2,Sad
EMP1342,2026-07-19,3,Okay
EMP1342,2026-07-21,3,Okay
EMP1342,2026-07-23,1,Frustrated
EMP1342,2026-07-25,3,Okay
EMP1342,2026-07-27,2,Sad
EMP1342,2026-07-29,2,Sad
EMP1342,2026-07-31,2,Sad
EMP1342,2026-08-02,2,Sad
EMP1342,2026-08-04,1,Frustrated
EMP1342,2026-08-06,2,Sad
EMP1342,2026-08-10,1,Frustrated
EMP1342,2026-08-14,2,Sad
EMP1342,2026-08-16,2,Sad
EMP1342,2026-08-18,2,Sad
EMP1342,2026-08-20,2,Sad
EMP1342,2026-08-22,2,Sad
EMP1342,2026-08-24,1,Frustrated
EMP1342,2026-08-26,2,Sad
EMP1343,2026-04-28,3,Okay
EMP1343,2026-04-30,3,Okay
EMP1343,2026-05-02,2,Sad
EMP1343,2026-05-04,2,Sad
EMP1343,2026-05-06,4,Happy
EMP1343,2026-05-10,4,Happy
EMP1343,2026-05-12,4,Happy
EMP1343,2026-05-14,3,Okay
EMP1343,2026-05-16,4,Happy
EMP1343,2026-05-20,4,Happy
EMP1343,2026-05-24,3,Okay
EMP1343,2026-05-26,3,Okay
EMP1343,2026-05-30,2,Sad
EMP1343,2026-06-01,3,Okay
EMP1343,2026-06-03,4,Happy
EMP1343,2026-06-05,4,Happy
EMP1343,2026-06-07,4,Happy
EMP1343,2026-06-09,5,Excited
EMP1343,2026-06-11,3,Okay
EMP1343,2026-06-13,5,Excited
EMP1343,2026-06-15,4,Happy
EMP1343,2026-06-17,3,Okay
EMP1343,2026-06-19,4,Happy
EMP1343,2026-06-21,4,Happy
EMP1343,2026-06-23,4,Happy
EMP1343,2026-06-25,4,Happy
EMP1343,2026-06-27,2,Sad
EMP1343,2026-06-29,2,Sad
EMP1343,2026-07-01,4,Happy
EMP1343,2026-07-03,4,Happy
EMP1343,2026-07-05,3,Okay
EMP1343,2026-07-09,3,Okay
EMP1343,2026-07-11,3,Okay
EMP1343,2026-07-15,4,Happy
EMP1343,2026-07-17,4,Happy
EMP1343,2026-07-19,4,Happy
EMP1343,2026-07-21,3,Okay
EMP1343,2026-07-23,4,Happy
EMP1343,2026-07-25,4,Happy
EMP1343,2026-07-27,3,Okay
EMP1343,2026-07-29,3,Okay
EMP1343,2026-08-02,4,Happy
EMP1343,2026-08-04,4,Happy
EMP1343,2026-08-06,4,Happy
EMP1343,2026-08-08,3,Okay
EMP1343,2026-08-10,2,Sad
EMP1343,2026-08-12,4,Happy
EMP1343,2026-08-14,4,Happy
EMP1343,2026-08-18,4,Happy
EMP1343,2026-08-20,4,Happy
EMP1343,2026-08-22,4,Happy
EMP1344,2026-04-28,3,Okay
EMP1344,2026-04-30,3,Okay
EMP1344,2026-05-02,3,Okay
EMP1344,2026-05-06,2,Sad
EMP1344,2026-05-08,4,Happy
EMP1344,2026-05-10,4,Happy
EMP1344,2026-05-12,2,Sad
EMP1344,2026-05-14,4,Happy
EMP1344,2026-05-16,4,Happy
EMP1344,2026-05-18,3,Okay
EMP1344,2026-05-22,3,Okay
EMP1344,2026-05-24,4,Happy
EMP1344,2026-05-26,5,Excited
EMP1344,2026-05-28,4,Happy
EMP1344,2026-05-30,4,Happy
EMP1344,2026-06-01,3,Okay
EMP1344,2026-06-03,3,Okay
EMP1344,2026-06-09,3,Okay
EMP1344,2026-06-11,4,Happy
EMP1344,2026-06-13,3,Okay
EMP1344,2026-06-15,4,Happy
EMP1344,2026-06-17,4,Happy
EMP1344,2026-06-19,4,Happy
EMP1344,2026-06-21,3,Okay
EMP1344,2026-06-23,5,Excited
EMP1344,2026-06-25,2,Sad
EMP1344,2026-06-27,5,Excited
EMP1344,2026-06-29,2,Sad
EMP1344,2026-07-01,3,Okay
EMP1344,2026-07-03,4,Happy
EMP1344,2026-07-05,3,Okay
EMP1344,2026-07-07,2,Sad
EMP1344,2026-07-09,3,Okay
EMP1344,2026-07-11,4,Happy
EMP1344,2026-07-13,2,Sad
EMP1344,2026-07-15,4,Happy
EMP1344,2026-07-17,4,Happy
EMP1344,2026-07-19,5,Excited
EMP1344,2026-07-21,4,Happy
EMP1344,2026-07-23,4,Happy
EMP1344,2026-07-27,5,Excited
EMP1344,2026-07-29,4,Happy
EMP1344,2026-07-31,4,Happy
EMP1344,2026-08-02,4,Happy
EMP1344,2026-08-04,4,Happy
EMP1344,2026-08-06,2,Sad
EMP1344,2026-08-08,4,Happy
EMP1344,2026-08-10,3,Okay
EMP1344,2026-08-12,2,Sad
EMP1344,2026-08-14,4,Happy
EMP1344,2026-08-16,3,Okay
EMP1344,2026-08-18,4,Happy
EMP1344,2026-08-20,3,Okay
EMP1344,2026-08-22,3,Okay
EMP1344,2026-08-24,5,Excited
EMP1344,2026-08-26,4,Happy
EMP1345,2026-04-28,2,Sad
EMP1345,2026-05-02,3,Okay
EMP1345,2026-05-04,2,Sad
EMP1345,2026-05-06,2,Sad
EMP1345,2026-05-08,1,Frustrated
EMP1345,2026-05-10,2,Sad
EMP1345,2026-05-12,2,Sad
EMP1345,2026-05-14,1,Frustrated
EMP1345,2026-05-18,1,Frustrated
EMP1345,2026-05-20,3,Okay
EMP1345,2026-05-22,2,Sad
EMP1345,2026-05-24,2,Sad
EMP1345,2026-05-26,4,Happy
EMP1345,2026-05-28,2,Sad
EMP1345,2026-05-30,2,Sad
EMP1345,2026-06-01,2,Sad
EMP1345,2026-06-03,2,Sad
EMP1345,2026-06-05,3,Okay
EMP1345,2026-06-07,1,Frustrated
EMP1345,2026-06-11,1,Frustrated
EMP1345,2026-06-13,1,Frustrated
EMP1345,2026-06-15,1,Frustrated
EMP1345,2026-06-17,1,Frustrated
EMP1345,2026-06-21,2,Sad
EMP1345,2026-06-23,1,Frustrated
EMP1345,2026-06-25,1,Frustrated
EMP1345,2026-06-27,2,Sad
EMP1345,2026-06-29,2,Sad
EMP1345,2026-07-03,2,Sad
EMP1345,2026-07-07,1,Frustrated
EMP1345,2026-07-09,2,Sad
EMP1345,2026-07-11,1,Frustrated
EMP1345,2026-07-17,3,Okay
EMP1345,2026-07-21,2,Sad
EMP1345,2026-07-23,1,Frustrated
EMP1345,2026-07-25,1,Frustrated
EMP1345,2026-07-27,1,Frustrated
EMP1345,2026-07-31,1,Frustrated
EMP1345,2026-08-02,1,Frustrated
EMP1345,2026-08-04,1,Frustrated
EMP1345,2026-08-06,1,Frustrated
EMP1345,2026-08-08,1,Frustrated
EMP1345,2026-08-10,2,Sad
EMP1345,2026-08-12,2,Sad
EMP1345,2026-08-14,1,Frustrated
EMP1345,2026-08-16,2,Sad
EMP1345,2026-08-18,1,Frustrated
EMP1345,2026-08-20,2,Sad
EMP1345,2026-08-22,2,Sad
EMP1345,2026-08-24,1,Frustrated
EMP1345,2026-08-26,1,Frustrated
EMP1346,2026-04-28,4,Happy
EMP1346,2026-04-30,4,Happy
EMP1346,2026-05-02,4,Happy
EMP1346,2026-05-04,4,Happy
EMP1346,2026-05-06,3,Okay
EMP1346,2026-05-08,3,Okay
EMP1346,2026-05-10,4,Happy
EMP1346,2026-05-12,2,Sad
EMP1346,2026-05-14,3,Okay
EMP1346,2026-05-18,4,Happy
EMP1346,2026-05-22,4,Happy
EMP1346,2026-05-24,3,Okay
EMP1346,2026-05-26,3,Okay
EMP1346,2026-05-28,4,Happy
EMP1346,2026-05-30,4,Happy
EMP1346,2026-06-01,4,Happy
EMP1346,2026-06-03,4,Happy
EMP1346,2026-06-07,3,Okay
EMP1346,2026-06-09,4,Happy
EMP1346,2026-06-13,3,Okay
EMP1346,2026-06-15,4,Happy
EMP1346,2026-06-17,4,Happy
EMP1346,2026-06-19,5,Excited
EMP1346,2026-06-21,4,Happy
EMP1346,2026-06-23,3,Okay
EMP1346,2026-06-25,3,Okay
EMP1346,2026-06-27,3,Okay
EMP1346,2026-07-01,2,Sad
EMP1346,2026-07-03,4,Happy
EMP1346,2026-07-05,4,Happy
EMP1346,2026-07-07,4,Happy
EMP1346,2026-07-09,3,Okay
EMP1346,2026-07-11,2,Sad
EMP1346,2026-07-13,2,Sad
EMP1346,2026-07-15,5,Excited
EMP1346,2026-07-17,4,Happy
EMP1346,2026-07-19,3,Okay
EMP1346,2026-07-21,4,Happy
EMP1346,2026-07-23,4,Happy
EMP1346,2026-07-25,3,Okay
EMP1346,2026-07-27,3,Okay
EMP1346,2026-07-29,4,Happy
EMP1346,2026-08-02,4,Happy
EMP1346,2026-08-04,4,Happy
EMP1346,2026-08-06,4,Happy
EMP1346,2026-08-08,4,Happy
EMP1346,2026-08-10,4,Happy
EMP1346,2026-08-12,5,Excited
EMP1346,2026-08-14,4,Happy
EMP1346,2026-08-16,4,Happy
EMP1346,2026-08-18,4,Happy
EMP1346,2026-08-22,4,Happy
EMP1346,2026-08-24,3,Okay
EMP1346,2026-08-26,3,Okay
EMP1347,2026-04-28,4,Happy
EMP1347,2026-04-30,5,Excited
EMP1347,2026-05-02,4,Happy
EMP1347,2026-05-04,4,Happy
EMP1347,2026-05-08,3,Okay
EMP1347,2026-05-10,4,Happy
EMP1347,2026-05-12,4,Happy
EMP1347,2026-05-14,3,Okay
EMP1347,2026-05-16,4,Happy
EMP1347,2026-05-18,3,Okay
EMP1347,2026-05-20,5,Excited
EMP1347,2026-05-22,4,Happy
EMP1347,2026-05-24,4,Happy
EMP1347,2026-05-26,5,Excited
EMP1347,2026-05-28,2,Sad
EMP1347,2026-05-30,4,Happy
EMP1347,2026-06-01,4,Happy
EMP1347,2026-06-03,3,Okay
EMP1347,2026-06-05,4,Happy
EMP1347,2026-06-07,4,Happy
EMP1347,2026-06-11,3,Okay
EMP1347,2026-06-13,5,Excited
EMP1347,2026-06-15,4,Happy
EMP1347,2026-06-17,4,Happy
EMP1347,2026-06-19,4,Happy
EMP1347,2026-06-21,4,Happy
EMP1347,2026-06-23,3,Okay
EMP1347,2026-06-25,4,Happy
EMP1347,2026-07-01,3,Okay
EMP1347,2026-07-03,4,Happy
EMP1347,2026-07-07,4,Happy
EMP1347,2026-07-09,4,Happy
EMP1347,2026-07-11,4,Happy
EMP1347,2026-07-15,4,Happy
EMP1347,2026-07-17,4,Happy
EMP1347,2026-07-19,4,Happy
EMP1347,2026-07-21,4,Happy
EMP1347,2026-07-23,3,Okay
EMP1347,2026-07-25,3,Okay
EMP1347,2026-07-27,5,Excited
EMP1347,2026-07-29,3,Okay
EMP1347,2026-08-02,3,Okay
EMP1347,2026-08-06,5,Excited
EMP1347,2026-08-08,5,Excited
EMP1347,2026-08-10,3,Okay
EMP1347,2026-08-12,3,Okay
EMP1347,2026-08-14,1,Frustrated
EMP1347,2026-08-16,4,Happy
EMP1347,2026-08-18,5,Excited
EMP1347,2026-08-20,4,Happy
EMP1347,2026-08-22,3,Okay
EMP1347,2026-08-24,4,Happy
EMP1347,2026-08-26,3,Okay
EMP1348,2026-04-28,4,Happy
EMP1348,2026-04-30,5,Excited
EMP1348,2026-05-02,4,Happy
EMP1348,2026-05-04,4,Happy
EMP1348,2026-05-06,3,Okay
EMP1348,2026-05-08,3,Okay
EMP1348,2026-05-10,3,Okay
EMP1348,2026-05-12,5,Excited
EMP1348,2026-05-14,5,Excited
EMP1348,2026-05-16,4,Happy
EMP1348,2026-05-18,4,Happy
EMP1348,2026-05-20,4,Happy
EMP1348,2026-05-22,3,Okay
EMP1348,2026-05-24,4,Happy
EMP1348,2026-05-26,4,Happy
EMP1348,2026-05-28,4,Happy
EMP1348,2026-06-01,2,Sad
EMP1348,2026-06-03,4,Happy
EMP1348,2026-06-05,3,Okay
EMP1348,2026-06-07,2,Sad
EMP1348,2026-06-09,5,Excited
EMP1348,2026-06-11,3,Okay
EMP1348,2026-06-13,4,Happy
EMP1348,2026-06-15,3,Okay
EMP1348,2026-06-17,3,Okay
EMP1348,2026-06-19,5,Excited
EMP1348,2026-06-21,2,Sad
EMP1348,2026-06-23,4,Happy
EMP1348,2026-06-25,3,Okay
EMP1348,2026-06-27,5,Excited
EMP1348,2026-06-29,4,Happy
EMP1348,2026-07-01,4,Happy
EMP1348,2026-07-03,3,Okay
EMP1348,2026-07-05,4,Happy
EMP1348,2026-07-07,4,Happy
EMP1348,2026-07-09,4,Happy
EMP1348,2026-07-11,3,Okay
EMP1348,2026-07-13,4,Happy
EMP1348,2026-07-15,3,Okay
EMP1348,2026-07-17,4,Happy
EMP1348,2026-07-19,4,Happy
EMP1348,2026-07-21,3,Okay
EMP1348,2026-07-23,3,Okay
EMP1348,2026-07-25,3,Okay
EMP1348,2026-07-27,3,Okay
EMP1348,2026-07-29,3,Okay
EMP1348,2026-07-31,4,Happy
EMP1348,2026-08-02,4,Happy
EMP1348,2026-08-04,3,Okay
EMP1348,2026-08-06,3,Okay
EMP1348,2026-08-08,4,Happy
EMP1348,2026-08-10,3,Okay
EMP1348,2026-08-12,3,Okay
EMP1348,2026-08-14,4,Happy
EMP1348,2026-08-18,3,Okay
EMP1348,2026-08-20,3,Okay
EMP1348,2026-08-22,5,Excited
EMP1348,2026-08-24,3,Okay
EMP1348,2026-08-26,4,Happy
EMP1349,2026-04-28,4,Happy
EMP1349,2026-04-30,4,Happy
EMP1349,2026-05-02,3,Okay
EMP1349,2026-05-04,5,Excited
EMP1349,2026-05-06,3,Okay
EMP1349,2026-05-08,3,Okay
EMP1349,2026-05-10,3,Okay
EMP1349,2026-05-12,4,Happy
EMP1349,2026-05-20,4,Happy
EMP1349,2026-05-22,4,Happy
EMP1349,2026-05-24,4,Happy
EMP1349,2026-05-26,3,Okay
EMP1349,2026-05-28,5,Excited
EMP1349,2026-05-30,5,Excited
EMP1349,2026-06-05,4,Happy
EMP1349,2026-06-07,3,Okay
EMP1349,2026-06-09,4,Happy
EMP1349,2026-06-11,4,Happy
EMP1349,2026-06-13,3,Okay
EMP1349,2026-06-15,4,Happy
EMP1349,2026-06-17,3,Okay
EMP1349,2026-06-19,3,Okay
EMP1349,2026-06-21,3,Okay
EMP1349,2026-06-23,5,Excited
EMP1349,2026-06-25,3,Okay
EMP1349,2026-06-27,4,Happy
EMP1349,2026-06-29,3,Okay
EMP1349,2026-07-01,4,Happy
EMP1349,2026-07-03,4,Happy
EMP1349,2026-07-07,4,Happy
EMP1349,2026-07-09,4,Happy
EMP1349,2026-07-11,2,Sad
EMP1349,2026-07-13,4,Happy
EMP1349,2026-07-15,4,Happy
EMP1349,2026-07-17,4,Happy
EMP1349,2026-07-19,4,Happy
EMP1349,2026-07-21,4,Happy
EMP1349,2026-07-23,4,Happy
EMP1349,2026-07-25,3,Okay
EMP1349,2026-07-27,4,Happy
EMP1349,2026-07-29,4,Happy
EMP1349,2026-07-31,4,Happy
EMP1349,2026-08-04,2,Sad
EMP1349,2026-08-06,4,Happy
EMP1349,2026-08-08,4,Happy
EMP1349,2026-08-10,5,Excited
EMP1349,2026-08-12,4,Happy
EMP1349,2026-08-16,4,Happy
EMP1349,2026-08-18,4,Happy
EMP1349,2026-08-20,3,Okay
EMP1349,2026-08-22,3,Okay
EMP1349,2026-08-24,2,Sad
EMP1349,2026-08-26,3,Okay
EMP1350,2026-04-28,2,Sad
EMP1350,2026-04-30,2,Sad
EMP1350,2026-05-02,2,Sad
EMP1350,2026-05-04,2,Sad
EMP1350,2026-05-08,2,Sad
EMP1350,2026-05-10,3,Okay
EMP1350,2026-05-12,2,Sad
EMP1350,2026-05-14,2,Sad
EMP1350,2026-05-16,2,Sad
EMP1350,2026-05-18,1,Frustrated
EMP1350,2026-05-20,3,Okay
EMP1350,2026-05-22,2,Sad
EMP1350,2026-05-24,3,Okay
EMP1350,2026-05-26,3,Okay
EMP1350,2026-05-28,2,Sad
EMP1350,2026-05-30,3,Okay
EMP1350,2026-06-01,1,Frustrated
EMP1350,2026-06-03,3,Okay
EMP1350,2026-06-05,2,Sad
EMP1350,2026-06-07,2,Sad
EMP1350,2026-06-09,3,Okay
EMP1350,2026-06-11,2,Sad
EMP1350,2026-06-13,1,Frustrated
EMP1350,2026-06-15,1,Frustrated
EMP1350,2026-06-17,3,Okay
EMP1350,2026-06-19,1,Frustrated
EMP1350,2026-06-21,2,Sad
EMP1350,2026-06-23,3,Okay
EMP1350,2026-06-25,2,Sad
EMP1350,2026-06-27,1,Frustrated
EMP1350,2026-07-03,2,Sad
EMP1350,2026-07-05,2,Sad
EMP1350,2026-07-07,1,Frustrated
EMP1350,2026-07-09,1,Frustrated
EMP1350,2026-07-11,2,Sad
EMP1350,2026-07-13,1,Frustrated
EMP1350,2026-07-15,1,Frustrated
EMP1350,2026-07-21,1,Frustrated
EMP1350,2026-07-23,1,Frustrated
EMP1350,2026-07-25,2,Sad
EMP1350,2026-07-27,1,Frustrated
EMP1350,2026-08-02,1,Frustrated
EMP1350,2026-08-04,1,Frustrated
EMP1350,2026-08-06,1,Frustrated
EMP1350,2026-08-08,2,Sad
EMP1350,2026-08-10,2,Sad
EMP1350,2026-08-12,1,Frustrated
EMP1350,2026-08-18,1,Frustrated
EMP1350,2026-08-20,1,Frustrated
EMP1350,2026-08-22,2,Sad
EMP1350,2026-08-24,1,Frustrated
EMP1350,2026-08-26,1,Frustrated
EMP1351,2026-04-28,3,Okay
EMP1351,2026-04-30,2,Sad
EMP1351,2026-05-02,1,Frustrated
EMP1351,2026-05-04,2,Sad
EMP1351,2026-05-06,2,Sad
EMP1351,2026-05-10,1,Frustrated
EMP1351,2026-05-12,3,Okay
EMP1351,2026-05-14,1,Frustrated
EMP1351,2026-05-16,3,Okay
EMP1351,2026-05-18,3,Okay
EMP1351,2026-05-22,4,Happy
EMP1351,2026-05-28,2,Sad
EMP1351,2026-05-30,2,Sad
EMP1351,2026-06-01,3,Okay
EMP1351,2026-06-03,3,Okay
EMP1351,2026-06-05,3,Okay
EMP1351,2026-06-07,2,Sad
EMP1351,2026-06-09,2,Sad
EMP1351,2026-06-11,3,Okay
EMP1351,2026-06-13,4,Happy
EMP1351,2026-06-15,2,Sad
EMP1351,2026-06-17,3,Okay
EMP1351,2026-06-19,3,Okay
EMP1351,2026-06-21,3,Okay
EMP1351,2026-06-23,2,Sad
EMP1351,2026-06-25,1,Frustrated
EMP1351,2026-06-29,1,Frustrated
EMP1351,2026-07-01,2,Sad
EMP1351,2026-07-03,3,Okay
EMP1351,2026-07-05,1,Frustrated
EMP1351,2026-07-09,4,Happy
EMP1351,2026-07-11,2,Sad
EMP1351,2026-07-13,2,Sad
EMP1351,2026-07-15,2,Sad
EMP1351,2026-07-17,2,Sad
EMP1351,2026-07-19,2,Sad
EMP1351,2026-07-21,3,Okay
EMP1351,2026-07-23,4,Happy
EMP1351,2026-07-25,2,Sad
EMP1351,2026-07-27,2,Sad
EMP1351,2026-07-29,2,Sad
EMP1351,2026-07-31,2,Sad
EMP1351,2026-08-02,3,Okay
EMP1351,2026-08-04,2,Sad
EMP1351,2026-08-06,2,Sad
EMP1351,2026-08-08,3,Okay
EMP1351,2026-08-10,1,Frustrated
EMP1351,2026-08-12,2,Sad
EMP1351,2026-08-14,2,Sad
EMP1351,2026-08-16,2,Sad
EMP1351,2026-08-18,1,Frustrated
EMP1351,2026-08-20,2,Sad
EMP1351,2026-08-24,3,Okay
EMP1351,2026-08-26,2,Sad
EMP1352,2026-04-28,2,Sad
EMP1352,2026-04-30,2,Sad
EMP1352,2026-05-02,2,Sad
EMP1352,2026-05-04,1,Frustrated
EMP1352,2026-05-06,3,Okay
EMP1352,2026-05-08,3,Okay
EMP1352,2026-05-10,2,Sad
EMP1352,2026-05-12,2,Sad
EMP1352,2026-05-14,3,Okay
EMP1352,2026-05-16,2,Sad
EMP1352,2026-05-18,3,Okay
EMP1352,2026-05-20,2,Sad
EMP1352,2026-05-22,2,Sad
EMP1352,2026-05-24,2,Sad
EMP1352,2026-05-26,2,Sad
EMP1352,2026-05-28,2,Sad
EMP1352,2026-05-30,3,Okay
EMP1352,2026-06-01,2,Sad
EMP1352,2026-06-05,2,Sad
EMP1352,2026-06-07,2,Sad
EMP1352,2026-06-09,2,Sad
EMP1352,2026-06-11,2,Sad
EMP1352,2026-06-13,3,Okay
EMP1352,2026-06-15,2,Sad
EMP1352,2026-06-17,3,Okay
EMP1352,2026-06-19,2,Sad
EMP1352,2026-06-21,3,Okay
EMP1352,2026-06-23,2,Sad
EMP1352,2026-06-25,3,Okay
EMP1352,2026-06-29,1,Frustrated
EMP1352,2026-07-01,2,Sad
EMP1352,2026-07-03,2,Sad
EMP1352,2026-07-05,2,Sad
EMP1352,2026-07-07,2,Sad
EMP1352,2026-07-09,3,Okay
EMP1352,2026-07-11,1,Frustrated
EMP1352,2026-07-13,1,Frustrated
EMP1352,2026-07-15,2,Sad
EMP1352,2026-07-17,1,Frustrated
EMP1352,2026-07-19,2,Sad
EMP1352,2026-07-23,3,Okay
EMP1352,2026-07-25,1,Frustrated
EMP1352,2026-07-27,1,Frustrated
EMP1352,2026-07-29,2,Sad
EMP1352,2026-07-31,1,Frustrated
EMP1352,2026-08-02,1,Frustrated
EMP1352,2026-08-04,3,Okay
EMP1352,2026-08-06,2,Sad
EMP1352,2026-08-08,2,Sad
EMP1352,2026-08-10,2,Sad
EMP1352,2026-08-12,1,Frustrated
EMP1352,2026-08-14,2,Sad
EMP1352,2026-08-18,2,Sad
EMP1352,2026-08-20,1,Frustrated
EMP1352,2026-08-22,1,Frustrated
EMP1352,2026-08-24,2,Sad
EMP1352,2026-08-26,2,Sad
EMP1353,2026-04-28,2,Sad
EMP1353,2026-04-30,2,Sad
EMP1353,2026-05-02,1,Frustrated
EMP1353,2026-05-04,2,Sad
EMP1353,2026-05-10,2,Sad
EMP1353,2026-05-12,2,Sad
EMP1353,2026-05-14,2,Sad
EMP1353,2026-05-16,3,Okay
EMP1353,2026-05-18,2,Sad
EMP1353,2026-05-20,2,Sad
EMP1353,2026-05-22,2,Sad
EMP1353,2026-05-24,2,Sad
EMP1353,2026-05-26,2,Sad
EMP1353,2026-05-30,1,Frustrated
EMP1353,2026-06-01,2,Sad
EMP1353,2026-06-03,1,Frustrated
EMP1353,2026-06-05,1,Frustrated
EMP1353,2026-06-07,1,Frustrated
EMP1353,2026-06-09,1,Frustrated
EMP1353,2026-06-11,2,Sad
EMP1353,2026-06-13,1,Frustrated
EMP1353,2026-06-15,2,Sad
EMP1353,2026-06-17,1,Frustrated
EMP1353,2026-06-21,2,Sad
EMP1353,2026-06-23,2,Sad
EMP1353,2026-06-25,2,Sad
EMP1353,2026-06-27,1,Frustrated
EMP1353,2026-06-29,2,Sad
EMP1353,2026-07-01,1,Frustrated
EMP1353,2026-07-03,1,Frustrated
EMP1353,2026-07-07,1,Frustrated
EMP1353,2026-07-11,2,Sad
EMP1353,2026-07-13,3,Okay
EMP1353,2026-07-15,1,Frustrated
EMP1353,2026-07-17,1,Frustrated
EMP1353,2026-07-19,1,Frustrated
EMP1353,2026-07-21,1,Frustrated
EMP1353,2026-07-23,1,Frustrated
EMP1353,2026-07-27,1,Frustrated
EMP1353,2026-07-31,2,Sad
EMP1353,2026-08-02,1,Frustrated
EMP1353,2026-08-04,1,Frustrated
EMP1353,2026-08-06,1,Frustrated
EMP1353,2026-08-08,1,Frustrated
EMP1353,2026-08-10,1,Frustrated
EMP1353,2026-08-16,1,Frustrated
EMP1353,2026-08-18,1,Frustrated
EMP1353,2026-08-20,1,Frustrated
EMP1353,2026-08-22,2,Sad
EMP1353,2026-08-24,1,Frustrated
EMP1353,2026-08-26,1,Frustrated
EMP1354,2026-04-28,3,Okay
EMP1354,2026-04-30,5,Excited
EMP1354,2026-05-02,4,Happy
EMP1354,2026-05-04,4,Happy
EMP1354,2026-05-06,4,Happy
EMP1354,2026-05-08,3,Okay
EMP1354,2026-05-12,5,Excited
EMP1354,2026-05-14,4,Happy
EMP1354,2026-05-16,3,Okay
EMP1354,2026-05-18,4,Happy
EMP1354,2026-05-20,4,Happy
EMP1354,2026-05-22,3,Okay
EMP1354,2026-05-24,4,Happy
EMP1354,2026-05-26,4,Happy
EMP1354,2026-05-28,3,Okay
EMP1354,2026-05-30,3,Okay
EMP1354,2026-06-01,2,Sad
EMP1354,2026-06-03,2,Sad
EMP1354,2026-06-07,4,Happy
EMP1354,2026-06-09,5,Excited
EMP1354,2026-06-11,3,Okay
EMP1354,2026-06-13,4,Happy
EMP1354,2026-06-15,3,Okay
EMP1354,2026-06-17,4,Happy
EMP1354,2026-06-19,4,Happy
EMP1354,2026-06-21,4,Happy
EMP1354,2026-06-23,4,Happy
EMP1354,2026-06-25,3,Okay
EMP1354,2026-06-27,4,Happy
EMP1354,2026-06-29,3,Okay
EMP1354,2026-07-01,4,Happy
EMP1354,2026-07-03,4,Happy
EMP1354,2026-07-05,4,Happy
EMP1354,2026-07-07,3,Okay
EMP1354,2026-07-09,3,Okay
EMP1354,2026-07-11,3,Okay
EMP1354,2026-07-15,2,Sad
EMP1354,2026-07-17,5,Excited
EMP1354,2026-07-19,3,Okay
EMP1354,2026-07-21,3,Okay
EMP1354,2026-07-27,4,Happy
EMP1354,2026-07-29,3,Okay
EMP1354,2026-08-02,4,Happy
EMP1354,2026-08-04,4,Happy
EMP1354,2026-08-12,4,Happy
EMP1354,2026-08-16,4,Happy
EMP1354,2026-08-18,3,Okay
EMP1354,2026-08-20,4,Happy
EMP1354,2026-08-22,3,Okay
EMP1354,2026-08-24,4,Happy
EMP1355,2026-04-28,2,Sad
EMP1355,2026-04-30,1,Frustrated
EMP1355,2026-05-02,3,Okay
EMP1355,2026-05-04,2,Sad
EMP1355,2026-05-08,2,Sad
EMP1355,2026-05-10,2,Sad
EMP1355,2026-05-12,2,Sad
EMP1355,2026-05-14,2,Sad
EMP1355,2026-05-16,1,Frustrated
EMP1355,2026-05-18,2,Sad
EMP1355,2026-05-20,2,Sad
EMP1355,2026-05-22,2,Sad
EMP1355,2026-05-24,2,Sad
EMP1355,2026-05-26,2,Sad
EMP1355,2026-05-28,2,Sad
EMP1355,2026-05-30,2,Sad
EMP1355,2026-06-01,2,Sad
EMP1355,2026-06-03,2,Sad
EMP1355,2026-06-05,1,Frustrated
EMP1355,2026-06-09,2,Sad
EMP1355,2026-06-11,3,Okay
EMP1355,2026-06-13,1,Frustrated
EMP1355,2026-06-15,1,Frustrated
EMP1355,2026-06-17,2,Sad
EMP1355,2026-06-19,1,Frustrated
EMP1355,2026-06-21,2,Sad
EMP1355,2026-06-23,2,Sad
EMP1355,2026-06-25,1,Frustrated
EMP1355,2026-06-27,1,Frustrated
EMP1355,2026-06-29,2,Sad
EMP1355,2026-07-01,1,Frustrated
EMP1355,2026-07-03,2,Sad
EMP1355,2026-07-05,2,Sad
EMP1355,2026-07-07,1,Frustrated
EMP1355,2026-07-09,2,Sad
EMP1355,2026-07-11,1,Frustrated
EMP1355,2026-07-13,2,Sad
EMP1355,2026-07-15,1,Frustrated
EMP1355,2026-07-17,2,Sad
EMP1355,2026-07-19,1,Frustrated
EMP1355,2026-07-21,2,Sad
EMP1355,2026-07-23,3,Okay
EMP1355,2026-07-27,1,Frustrated
EMP1355,2026-07-29,1,Frustrated
EMP1355,2026-07-31,1,Frustrated
EMP1355,2026-08-02,1,Frustrated
EMP1355,2026-08-04,1,Frustrated
EMP1355,2026-08-06,1,Frustrated
EMP1355,2026-08-08,1,Frustrated
EMP1355,2026-08-10,1,Frustrated
EMP1355,2026-08-12,2,Sad
EMP1355,2026-08-14,2,Sad
EMP1355,2026-08-16,1,Frustrated
EMP1355,2026-08-20,2,Sad
EMP1355,2026-08-22,2,Sad
EMP1355,2026-08-24,1,Frustrated
EMP1355,2026-08-26,1,Frustrated
EMP1356,2026-04-28,2,Sad
EMP1356,2026-04-30,5,Excited
EMP1356,2026-05-02,3,Okay
EMP1356,2026-05-04,4,Happy
EMP1356,2026-05-06,4,Happy
EMP1356,2026-05-08,3,Okay
EMP1356,2026-05-10,4,Happy
EMP1356,2026-05-12,5,Excited
EMP1356,2026-05-14,4,Happy
EMP1356,2026-05-16,4,Happy
EMP1356,2026-05-18,4,Happy
EMP1356,2026-05-20,4,Happy
EMP1356,2026-05-22,4,Happy
EMP1356,2026-05-24,3,Okay
EMP1356,2026-05-26,3,Okay
EMP1356,2026-05-28,3,Okay
EMP1356,2026-05-30,2,Sad
EMP1356,2026-06-01,3,Okay
EMP1356,2026-06-03,3,Okay
EMP1356,2026-06-05,3,Okay
EMP1356,2026-06-07,3,Okay
EMP1356,2026-06-09,4,Happy
EMP1356,2026-06-11,4,Happy
EMP1356,2026-06-17,3,Okay
EMP1356,2026-06-19,3,Okay
EMP1356,2026-06-21,4,Happy
EMP1356,2026-06-23,2,Sad
EMP1356,2026-06-27,4,Happy
EMP1356,2026-06-29,4,Happy
EMP1356,2026-07-01,4,Happy
EMP1356,2026-07-03,3,Okay
EMP1356,2026-07-05,4,Happy
EMP1356,2026-07-07,3,Okay
EMP1356,2026-07-11,3,Okay
EMP1356,2026-07-13,5,Excited
EMP1356,2026-07-15,5,Excited
EMP1356,2026-07-17,3,Okay
EMP1356,2026-07-19,3,Okay
EMP1356,2026-07-21,4,Happy
EMP1356,2026-07-23,4,Happy
EMP1356,2026-07-25,4,Happy
EMP1356,2026-07-27,4,Happy
EMP1356,2026-07-29,3,Okay
EMP1356,2026-07-31,4,Happy
EMP1356,2026-08-02,4,Happy
EMP1356,2026-08-04,3,Okay
EMP1356,2026-08-08,3,Okay
EMP1356,2026-08-10,3,Okay
EMP1356,2026-08-12,4,Happy
EMP1356,2026-08-14,4,Happy
EMP1356,2026-08-16,4,Happy
EMP1356,2026-08-20,3,Okay
EMP1356,2026-08-22,4,Happy
EMP1356,2026-08-24,3,Okay
EMP1356,2026-08-26,3,Okay
EMP1357,2026-04-30,1,Frustrated
EMP1357,2026-05-04,2,Sad
EMP1357,2026-05-06,3,Okay
EMP1357,2026-05-08,4,Happy
EMP1357,2026-05-10,3,Okay
EMP1357,2026-05-12,2,Sad
EMP1357,2026-05-14,3,Okay
EMP1357,2026-05-16,2,Sad
EMP1357,2026-05-18,3,Okay
EMP1357,2026-05-20,4,Happy
EMP1357,2026-05-22,2,Sad
EMP1357,2026-05-24,2,Sad
EMP1357,2026-05-26,3,Okay
EMP1357,2026-05-30,3,Okay
EMP1357,2026-06-01,3,Okay
EMP1357,2026-06-03,1,Frustrated
EMP1357,2026-06-05,2,Sad
EMP1357,2026-06-07,3,Okay
EMP1357,2026-06-09,2,Sad
EMP1357,2026-06-11,3,Okay
EMP1357,2026-06-13,2,Sad
EMP1357,2026-06-15,2,Sad
EMP1357,2026-06-17,3,Okay
EMP1357,2026-06-19,3,Okay
EMP1357,2026-06-21,3,Okay
EMP1357,2026-06-23,2,Sad
EMP1357,2026-06-25,2,Sad
EMP1357,2026-06-29,3,Okay
EMP1357,2026-07-03,3,Okay
EMP1357,2026-07-05,3,Okay
EMP1357,2026-07-07,3,Okay
EMP1357,2026-07-09,3,Okay
EMP1357,2026-07-11,4,Happy
EMP1357,2026-07-15,3,Okay
EMP1357,2026-07-17,2,Sad
EMP1357,2026-07-19,3,Okay
EMP1357,2026-07-23,2,Sad
EMP1357,2026-07-25,3,Okay
EMP1357,2026-07-29,3,Okay
EMP1357,2026-08-02,4,Happy
EMP1357,2026-08-04,2,Sad
EMP1357,2026-08-06,3,Okay
EMP1357,2026-08-10,2,Sad
EMP1357,2026-08-12,3,Okay
EMP1357,2026-08-14,3,Okay
EMP1357,2026-08-18,2,Sad
EMP1357,2026-08-20,2,Sad
EMP1357,2026-08-22,2,Sad
EMP1357,2026-08-24,2,Sad
EMP1357,2026-08-26,3,Okay
EMP1358,2026-04-28,3,Okay
EMP1358,2026-05-02,3,Okay
EMP1358,2026-05-04,4,Happy
EMP1358,2026-05-06,3,Okay
EMP1358,2026-05-08,3,Okay
EMP1358,2026-05-10,4,Happy
EMP1358,2026-05-12,3,Okay
EMP1358,2026-05-14,4,Happy
EMP1358,2026-05-18,4,Happy
EMP1358,2026-05-20,4,Happy
EMP1358,2026-05-22,2,Sad
EMP1358,2026-05-24,5,Excited
EMP1358,2026-05-26,4,Happy
EMP1358,2026-05-28,3,Okay
EMP1358,2026-05-30,4,Happy
EMP1358,2026-06-03,4,Happy
EMP1358,2026-06-05,4,Happy
EMP1358,2026-06-07,4,Happy
EMP1358,2026-06-09,4,Happy
EMP1358,2026-06-11,5,Excited
EMP1358,2026-06-13,4,Happy
EMP1358,2026-06-15,3,Okay
EMP1358,2026-06-17,3,Okay
EMP1358,2026-06-19,4,Happy
EMP1358,2026-06-21,2,Sad
EMP1358,2026-06-23,3,Okay
EMP1358,2026-06-25,3,Okay
EMP1358,2026-06-27,3,Okay
EMP1358,2026-06-29,5,Excited
EMP1358,2026-07-01,4,Happy
EMP1358,2026-07-03,3,Okay
EMP1358,2026-07-07,3,Okay
EMP1358,2026-07-09,4,Happy
EMP1358,2026-07-11,5,Excited
EMP1358,2026-07-17,4,Happy
EMP1358,2026-07-19,2,Sad
EMP1358,2026-07-21,3,Okay
EMP1358,2026-07-23,3,Okay
EMP1358,2026-07-25,3,Okay
EMP1358,2026-07-27,4,Happy
EMP1358,2026-07-29,4,Happy
EMP1358,2026-07-31,4,Happy
EMP1358,2026-08-02,4,Happy
EMP1358,2026-08-04,4,Happy
EMP1358,2026-08-06,4,Happy
EMP1358,2026-08-08,4,Happy
EMP1358,2026-08-12,4,Happy
EMP1358,2026-08-14,5,Excited
EMP1358,2026-08-18,4,Happy
EMP1358,2026-08-20,3,Okay
EMP1358,2026-08-22,4,Happy
EMP1358,2026-08-24,3,Okay
EMP1358,2026-08-26,4,Happy
EMP1359,2026-04-28,2,Sad
EMP1359,2026-04-30,2,Sad
EMP1359,2026-05-04,1,Frustrated
EMP1359,2026-05-06,2,Sad
EMP1359,2026-05-08,1,Frustrated
EMP1359,2026-05-10,2,Sad
EMP1359,2026-05-12,1,Frustrated
EMP1359,2026-05-14,2,Sad
EMP1359,2026-05-18,1,Frustrated
EMP1359,2026-05-20,1,Frustrated
EMP1359,2026-05-22,1,Frustrated
EMP1359,2026-05-24,2,Sad
EMP1359,2026-05-26,2,Sad
EMP1359,2026-05-28,3,Okay
EMP1359,2026-05-30,1,Frustrated
EMP1359,2026-06-01,2,Sad
EMP1359,2026-06-03,1,Frustrated
EMP1359,2026-06-05,2,Sad
EMP1359,2026-06-07,2,Sad
EMP1359,2026-06-09,2,Sad
EMP1359,2026-06-11,2,Sad
EMP1359,2026-06-13,2,Sad
EMP1359,2026-06-15,3,Okay
EMP1359,2026-06-17,2,Sad
EMP1359,2026-06-19,2,Sad
EMP1359,2026-06-21,2,Sad
EMP1359,2026-06-23,1,Frustrated
EMP1359,2026-06-25,1,Frustrated
EMP1359,2026-06-29,1,Frustrated
EMP1359,2026-07-01,1,Frustrated
EMP1359,2026-07-03,2,Sad
EMP1359,2026-07-05,2,Sad
EMP1359,2026-07-07,1,Frustrated
EMP1359,2026-07-09,1,Frustrated
EMP1359,2026-07-11,1,Frustrated
EMP1359,2026-07-15,1,Frustrated
EMP1359,2026-07-19,2,Sad
EMP1359,2026-07-21,2,Sad
EMP1359,2026-07-23,1,Frustrated
EMP1359,2026-07-25,1,Frustrated
EMP1359,2026-07-27,1,Frustrated
EMP1359,2026-07-29,1,Frustrated
EMP1359,2026-07-31,1,Frustrated
EMP1359,2026-08-02,2,Sad
EMP1359,2026-08-04,2,Sad
EMP1359,2026-08-06,1,Frustrated
EMP1359,2026-08-08,2,Sad
EMP1359,2026-08-10,1,Frustrated
EMP1359,2026-08-12,1,Frustrated
EMP1359,2026-08-14,2,Sad
EMP1359,2026-08-16,1,Frustrated
EMP1359,2026-08-18,2,Sad
EMP1359,2026-08-22,1,Frustrated
EMP1359,2026-08-24,1,Frustrated
EMP1359,2026-08-26,1,Frustrated
EMP1360,2026-04-28,3,Okay
EMP1360,2026-04-30,3,Okay
EMP1360,2026-05-02,3,Okay
EMP1360,2026-05-04,4,Happy
EMP1360,2026-05-06,3,Okay
EMP1360,2026-05-08,3,Okay
EMP1360,2026-05-10,2,Sad
EMP1360,2026-05-12,4,Happy
EMP1360,2026-05-14,4,Happy
EMP1360,2026-05-16,4,Happy
EMP1360,2026-05-18,5,Excited
EMP1360,2026-05-20,4,Happy
EMP1360,2026-05-22,3,Okay
EMP1360,2026-05-24,4,Happy
EMP1360,2026-05-28,4,Happy
EMP1360,2026-05-30,3,Okay
EMP1360,2026-06-01,4,Happy
EMP1360,2026-06-03,3,Okay
EMP1360,2026-06-07,3,Okay
EMP1360,2026-06-09,2,Sad
EMP1360,2026-06-11,4,Happy
EMP1360,2026-06-13,5,Excited
EMP1360,2026-06-15,3,Okay
EMP1360,2026-06-17,3,Okay
EMP1360,2026-06-21,3,Okay
EMP1360,2026-06-25,4,Happy
EMP1360,2026-07-01,3,Okay
EMP1360,2026-07-03,3,Okay
EMP1360,2026-07-05,4,Happy
EMP1360,2026-07-07,3,Okay
EMP1360,2026-07-09,3,Okay
EMP1360,2026-07-13,4,Happy
EMP1360,2026-07-15,3,Okay
EMP1360,2026-07-17,3,Okay
EMP1360,2026-07-19,4,Happy
EMP1360,2026-07-21,2,Sad
EMP1360,2026-07-23,2,Sad
EMP1360,2026-07-27,5,Excited
EMP1360,2026-07-29,3,Okay
EMP1360,2026-07-31,4,Happy
EMP1360,2026-08-02,3,Okay
EMP1360,2026-08-04,4,Happy
EMP1360,2026-08-06,4,Happy
EMP1360,2026-08-08,4,Happy
EMP1360,2026-08-10,3,Okay
EMP1360,2026-08-12,5,Excited
EMP1360,2026-08-14,3,Okay
EMP1360,2026-08-16,5,Excited
EMP1360,2026-08-18,3,Okay
EMP1360,2026-08-20,4,Happy
EMP1360,2026-08-22,4,Happy
EMP1360,2026-08-24,5,Excited
EMP1361,2026-04-28,1,Frustrated
EMP1361,2026-04-30,3,Okay
EMP1361,2026-05-02,2,Sad
EMP1361,2026-05-04,2,Sad
EMP1361,2026-05-08,2,Sad
EMP1361,2026-05-10,3,Okay
EMP1361,2026-05-14,3,Okay
EMP1361,2026-05-16,3,Okay
EMP1361,2026-05-18,2,Sad
EMP1361,2026-05-20,3,Okay
EMP1361,2026-05-22,3,Okay
EMP1361,2026-05-26,3,Okay
EMP1361,2026-05-28,2,Sad
EMP1361,2026-05-30,2,Sad
EMP1361,2026-06-01,2,Sad
EMP1361,2026-06-03,2,Sad
EMP1361,2026-06-05,3,Okay
EMP1361,2026-06-07,1,Frustrated
EMP1361,2026-06-09,2,Sad
EMP1361,2026-06-11,2,Sad
EMP1361,2026-06-13,2,Sad
EMP1361,2026-06-15,2,Sad
EMP1361,2026-06-17,3,Okay
EMP1361,2026-06-19,2,Sad
EMP1361,2026-06-21,3,Okay
EMP1361,2026-06-23,2,Sad
EMP1361,2026-06-27,2,Sad
EMP1361,2026-06-29,3,Okay
EMP1361,2026-07-01,3,Okay
EMP1361,2026-07-03,3,Okay
EMP1361,2026-07-05,2,Sad
EMP1361,2026-07-09,1,Frustrated
EMP1361,2026-07-11,2,Sad
EMP1361,2026-07-13,3,Okay
EMP1361,2026-07-15,3,Okay
EMP1361,2026-07-17,3,Okay
EMP1361,2026-07-19,1,Frustrated
EMP1361,2026-07-21,3,Okay
EMP1361,2026-07-23,3,Okay
EMP1361,2026-07-27,1,Frustrated
EMP1361,2026-07-29,2,Sad
EMP1361,2026-07-31,2,Sad
EMP1361,2026-08-02,4,Happy
EMP1361,2026-08-06,2,Sad
EMP1361,2026-08-08,4,Happy
EMP1361,2026-08-10,4,Happy
EMP1361,2026-08-12,3,Okay
EMP1361,2026-08-14,3,Okay
EMP1361,2026-08-16,3,Okay
EMP1361,2026-08-18,2,Sad
EMP1361,2026-08-20,3,Okay
EMP1361,2026-08-22,2,Sad
EMP1361,2026-08-24,2,Sad
EMP1361,2026-08-26,3,Okay
EMP1362,2026-04-28,3,Okay
EMP1362,2026-04-30,4,Happy
EMP1362,2026-05-02,3,Okay
EMP1362,2026-05-04,3,Okay
EMP1362,2026-05-06,2,Sad
EMP1362,2026-05-08,2,Sad
EMP1362,2026-05-10,2,Sad
EMP1362,2026-05-12,3,Okay
EMP1362,2026-05-14,2,Sad
EMP1362,2026-05-18,3,Okay
EMP1362,2026-05-20,2,Sad
EMP1362,2026-06-01,2,Sad
EMP1362,2026-06-03,2,Sad
EMP1362,2026-06-05,3,Okay
EMP1362,2026-06-07,3,Okay
EMP1362,2026-06-09,2,Sad
EMP1362,2026-06-11,2,Sad
EMP1362,2026-06-13,2,Sad
EMP1362,2026-06-15,2,Sad
EMP1362,2026-06-17,2,Sad
EMP1362,2026-06-19,1,Frustrated
EMP1362,2026-06-21,2,Sad
EMP1362,2026-06-23,1,Frustrated
EMP1362,2026-06-25,2,Sad
EMP1362,2026-06-27,3,Okay
EMP1362,2026-06-29,2,Sad
EMP1362,2026-07-01,2,Sad
EMP1362,2026-07-03,1,Frustrated
EMP1362,2026-07-05,1,Frustrated
EMP1362,2026-07-07,2,Sad
EMP1362,2026-07-09,3,Okay
EMP1362,2026-07-13,2,Sad
EMP1362,2026-07-15,2,Sad
EMP1362,2026-07-19,2,Sad
EMP1362,2026-07-21,2,Sad
EMP1362,2026-07-23,1,Frustrated
EMP1362,2026-07-25,1,Frustrated
EMP1362,2026-07-27,3,Okay
EMP1362,2026-07-29,1,Frustrated
EMP1362,2026-07-31,2,Sad
EMP1362,2026-08-02,1,Frustrated
EMP1362,2026-08-04,2,Sad
EMP1362,2026-08-06,1,Frustrated
EMP1362,2026-08-08,1,Frustrated
EMP1362,2026-08-12,3,Okay
EMP1362,2026-08-14,3,Okay
EMP1362,2026-08-16,2,Sad
EMP1362,2026-08-18,2,Sad
EMP1362,2026-08-20,2,Sad
EMP1362,2026-08-22,2,Sad
EMP1362,2026-08-24,2,Sad
EMP1362,2026-08-26,1,Frustrated
EMP1363,2026-04-28,4,Happy
EMP1363,2026-04-30,3,Okay
EMP1363,2026-05-02,3,Okay
EMP1363,2026-05-04,4,Happy
EMP1363,2026-05-06,3,Okay
EMP1363,2026-05-08,5,Excited
EMP1363,2026-05-12,4,Happy
EMP1363,2026-05-14,4,Happy
EMP1363,2026-05-16,4,Happy
EMP1363,2026-05-18,4,Happy
EMP1363,2026-05-22,4,Happy
EMP1363,2026-05-24,4,Happy
EMP1363,2026-05-26,3,Okay
EMP1363,2026-05-28,4,Happy
EMP1363,2026-05-30,4,Happy
EMP1363,2026-06-03,3,Okay
EMP1363,2026-06-05,4,Happy
EMP1363,2026-06-07,5,Excited
EMP1363,2026-06-09,3,Okay
EMP1363,2026-06-11,2,Sad
EMP1363,2026-06-13,3,Okay
EMP1363,2026-06-17,4,Happy
EMP1363,2026-06-19,4,Happy
EMP1363,2026-06-21,4,Happy
EMP1363,2026-06-23,3,Okay
EMP1363,2026-06-27,4,Happy
EMP1363,2026-06-29,3,Okay
EMP1363,2026-07-01,2,Sad
EMP1363,2026-07-03,4,Happy
EMP1363,2026-07-05,3,Okay
EMP1363,2026-07-07,4,Happy
EMP1363,2026-07-09,5,Excited
EMP1363,2026-07-11,4,Happy
EMP1363,2026-07-15,3,Okay
EMP1363,2026-07-17,3,Okay
EMP1363,2026-07-21,4,Happy
EMP1363,2026-07-23,3,Okay
EMP1363,2026-07-25,3,Okay
EMP1363,2026-07-27,3,Okay
EMP1363,2026-07-29,4,Happy
EMP1363,2026-07-31,4,Happy
EMP1363,2026-08-02,3,Okay
EMP1363,2026-08-04,3,Okay
EMP1363,2026-08-06,4,Happy
EMP1363,2026-08-08,2,Sad
EMP1363,2026-08-10,3,Okay
EMP1363,2026-08-14,3,Okay
EMP1363,2026-08-16,4,Happy
EMP1363,2026-08-18,4,Happy
EMP1363,2026-08-20,3,Okay
EMP1363,2026-08-22,4,Happy
EMP1363,2026-08-24,3,Okay
EMP1363,2026-08-26,4,Happy
EMP1364,2026-04-28,2,Sad
EMP1364,2026-04-30,3,Okay
EMP1364,2026-05-04,2,Sad
EMP1364,2026-05-06,2,Sad
EMP1364,2026-05-08,3,Okay
EMP1364,2026-05-10,3,Okay
EMP1364,2026-05-12,1,Frustrated
EMP1364,2026-05-14,2,Sad
EMP1364,2026-05-16,1,Frustrated
EMP1364,2026-05-18,2,Sad
EMP1364,2026-05-20,3,Okay
EMP1364,2026-05-22,2,Sad
EMP1364,2026-05-24,2,Sad
EMP1364,2026-05-26,3,Okay
EMP1364,2026-05-28,2,Sad
EMP1364,2026-05-30,2,Sad
EMP1364,2026-06-01,1,Frustrated
EMP1364,2026-06-05,2,Sad
EMP1364,2026-06-07,1,Frustrated
EMP1364,2026-06-09,2,Sad
EMP1364,2026-06-11,2,Sad
EMP1364,2026-06-13,2,Sad
EMP1364,2026-06-17,1,Frustrated
EMP1364,2026-06-19,2,Sad
EMP1364,2026-06-21,1,Frustrated
EMP1364,2026-06-23,2,Sad
EMP1364,2026-06-25,1,Frustrated
EMP1364,2026-06-27,2,Sad
EMP1364,2026-06-29,1,Frustrated
EMP1364,2026-07-01,2,Sad
EMP1364,2026-07-03,1,Frustrated
EMP1364,2026-07-05,1,Frustrated
EMP1364,2026-07-07,2,Sad
EMP1364,2026-07-09,2,Sad
EMP1364,2026-07-13,1,Frustrated
EMP1364,2026-07-15,1,Frustrated
EMP1364,2026-07-17,1,Frustrated
EMP1364,2026-07-19,2,Sad
EMP1364,2026-07-21,2,Sad
EMP1364,2026-07-23,2,Sad
EMP1364,2026-07-25,2,Sad
EMP1364,2026-07-27,2,Sad
EMP1364,2026-07-29,1,Frustrated
EMP1364,2026-07-31,1,Frustrated
EMP1364,2026-08-04,1,Frustrated
EMP1364,2026-08-06,2,Sad
EMP1364,2026-08-08,1,Frustrated
EMP1364,2026-08-10,1,Frustrated
EMP1364,2026-08-14,1,Frustrated
EMP1364,2026-08-16,1,Frustrated
EMP1364,2026-08-18,1,Frustrated
EMP1364,2026-08-20,1,Frustrated
EMP1364,2026-08-22,1,Frustrated
EMP1364,2026-08-24,1,Frustrated
EMP1365,2026-04-28,3,Okay
EMP1365,2026-04-30,4,Happy
EMP1365,2026-05-02,3,Okay
EMP1365,2026-05-04,3,Okay
EMP1365,2026-05-06,4,Happy
EMP1365,2026-05-08,4,Happy
EMP1365,2026-05-10,4,Happy
EMP1365,2026-05-12,3,Okay
EMP1365,2026-05-14,5,Excited
EMP1365,2026-05-16,4,Happy
EMP1365,2026-05-18,3,Okay
EMP1365,2026-05-20,5,Excited
EMP1365,2026-05-24,5,Excited
EMP1365,2026-05-26,4,Happy
EMP1365,2026-05-28,4,Happy
EMP1365,2026-05-30,3,Okay
EMP1365,2026-06-01,3,Okay
EMP1365,2026-06-03,3,Okay
EMP1365,2026-06-05,3,Okay
EMP1365,2026-06-07,5,Excited
EMP1365,2026-06-09,4,Happy
EMP1365,2026-06-11,4,Happy
EMP1365,2026-06-13,4,Happy
EMP1365,2026-06-15,3,Okay
EMP1365,2026-06-17,3,Okay
EMP1365,2026-06-19,3,Okay
EMP1365,2026-06-21,5,Excited
EMP1365,2026-06-23,3,Okay
EMP1365,2026-06-25,5,Excited
EMP1365,2026-06-27,5,Excited
EMP1365,2026-06-29,4,Happy
EMP1365,2026-07-01,4,Happy
EMP1365,2026-07-03,3,Okay
EMP1365,2026-07-05,4,Happy
EMP1365,2026-07-07,4,Happy
EMP1365,2026-07-09,4,Happy
EMP1365,2026-07-11,5,Excited
EMP1365,2026-07-13,4,Happy
EMP1365,2026-07-15,4,Happy
EMP1365,2026-07-19,4,Happy
EMP1365,2026-07-21,5,Excited
EMP1365,2026-07-23,3,Okay
EMP1365,2026-07-25,4,Happy
EMP1365,2026-07-29,4,Happy
EMP1365,2026-07-31,3,Okay
EMP1365,2026-08-02,3,Okay
EMP1365,2026-08-04,3,Okay
EMP1365,2026-08-06,2,Sad
EMP1365,2026-08-08,5,Excited
EMP1365,2026-08-10,4,Happy
EMP1365,2026-08-12,3,Okay
EMP1365,2026-08-14,2,Sad
EMP1365,2026-08-16,4,Happy
EMP1365,2026-08-18,5,Excited
EMP1365,2026-08-20,4,Happy
EMP1365,2026-08-22,2,Sad
EMP1365,2026-08-24,3,Okay
EMP1365,2026-08-26,4,Happy
EMP1366,2026-04-28,2,Sad
EMP1366,2026-04-30,3,Okay
EMP1366,2026-05-02,2,Sad
EMP1366,2026-05-06,1,Frustrated
EMP1366,2026-05-08,3,Okay
EMP1366,2026-05-10,3,Okay
EMP1366,2026-05-14,1,Frustrated
EMP1366,2026-05-16,3,Okay
EMP1366,2026-05-18,2,Sad
EMP1366,2026-05-20,2,Sad
EMP1366,2026-05-22,1,Frustrated
EMP1366,2026-05-24,1,Frustrated
EMP1366,2026-05-26,2,Sad
EMP1366,2026-05-28,2,Sad
EMP1366,2026-05-30,3,Okay
EMP1366,2026-06-03,2,Sad
EMP1366,2026-06-05,2,Sad
EMP1366,2026-06-07,2,Sad
EMP1366,2026-06-09,1,Frustrated
EMP1366,2026-06-11,2,Sad
EMP1366,2026-06-13,2,Sad
EMP1366,2026-06-15,2,Sad
EMP1366,2026-06-19,2,Sad
EMP1366,2026-06-21,1,Frustrated
EMP1366,2026-06-23,3,Okay
EMP1366,2026-06-25,1,Frustrated
EMP1366,2026-06-27,1,Frustrated
EMP1366,2026-06-29,1,Frustrated
EMP1366,2026-07-01,2,Sad
EMP1366,2026-07-03,2,Sad
EMP1366,2026-07-05,1,Frustrated
EMP1366,2026-07-07,2,Sad
EMP1366,2026-07-09,3,Okay
EMP1366,2026-07-11,3,Okay
EMP1366,2026-07-13,2,Sad
EMP1366,2026-07-15,2,Sad
EMP1366,2026-07-19,2,Sad
EMP1366,2026-07-21,1,Frustrated
EMP1366,2026-07-23,2,Sad
EMP1366,2026-07-25,2,Sad
EMP1366,2026-07-27,2,Sad
EMP1366,2026-07-29,2,Sad
EMP1366,2026-07-31,2,Sad
EMP1366,2026-08-02,2,Sad
EMP1366,2026-08-06,1,Frustrated
EMP1366,2026-08-08,1,Frustrated
EMP1366,2026-08-10,2,Sad
EMP1366,2026-08-12,2,Sad
EMP1366,2026-08-18,2,Sad
EMP1366,2026-08-22,3,Okay
EMP1366,2026-08-24,2,Sad
EMP1366,2026-08-26,1,Frustrated
EMP1367,2026-04-28,2,Sad
EMP1367,2026-04-30,2,Sad
EMP1367,2026-05-04,2,Sad
EMP1367,2026-05-06,3,Okay
EMP1367,2026-05-08,2,Sad
EMP1367,2026-05-10,2,Sad
EMP1367,2026-05-12,3,Okay
EMP1367,2026-05-14,2,Sad
EMP1367,2026-05-16,3,Okay
EMP1367,2026-05-18,2,Sad
EMP1367,2026-05-22,3,Okay
EMP1367,2026-05-30,2,Sad
EMP1367,2026-06-03,2,Sad
EMP1367,2026-06-05,3,Okay
EMP1367,2026-06-07,1,Frustrated
EMP1367,2026-06-09,2,Sad
EMP1367,2026-06-11,1,Frustrated
EMP1367,2026-06-13,3,Okay
EMP1367,2026-06-15,3,Okay
EMP1367,2026-06-17,2,Sad
EMP1367,2026-06-19,3,Okay
EMP1367,2026-06-21,2,Sad
EMP1367,2026-06-23,2,Sad
EMP1367,2026-06-25,4,Happy
EMP1367,2026-06-29,4,Happy
EMP1367,2026-07-01,2,Sad
EMP1367,2026-07-03,3,Okay
EMP1367,2026-07-05,3,Okay
EMP1367,2026-07-07,3,Okay
EMP1367,2026-07-09,3,Okay
EMP1367,2026-07-11,3,Okay
EMP1367,2026-07-13,3,Okay
EMP1367,2026-07-15,3,Okay
EMP1367,2026-07-17,3,Okay
EMP1367,2026-07-19,3,Okay
EMP1367,2026-07-21,3,Okay
EMP1367,2026-07-23,2,Sad
EMP1367,2026-07-25,3,Okay
EMP1367,2026-07-27,3,Okay
EMP1367,2026-07-29,3,Okay
EMP1367,2026-08-02,2,Sad
EMP1367,2026-08-04,2,Sad
EMP1367,2026-08-06,2,Sad
EMP1367,2026-08-08,2,Sad
EMP1367,2026-08-10,3,Okay
EMP1367,2026-08-12,3,Okay
EMP1367,2026-08-14,2,Sad
EMP1367,2026-08-16,2,Sad
EMP1367,2026-08-18,3,Okay
EMP1367,2026-08-20,4,Happy
EMP1367,2026-08-22,3,Okay
EMP1367,2026-08-24,4,Happy
EMP1367,2026-08-26,2,Sad
EMP1368,2026-04-28,4,Happy
EMP1368,2026-05-04,4,Happy
EMP1368,2026-05-10,3,Okay
EMP1368,2026-05-12,4,Happy
EMP1368,2026-05-14,2,Sad
EMP1368,2026-05-16,3,Okay
EMP1368,2026-05-18,3,Okay
EMP1368,2026-05-20,4,Happy
EMP1368,2026-05-22,5,Excited
EMP1368,2026-05-26,3,Okay
EMP1368,2026-05-28,3,Okay
EMP1368,2026-05-30,4,Happy
EMP1368,2026-06-01,3,Okay
EMP1368,2026-06-03,3,Okay
EMP1368,2026-06-05,3,Okay
EMP1368,2026-06-07,4,Happy
EMP1368,2026-06-09,4,Happy
EMP1368,2026-06-11,4,Happy
EMP1368,2026-06-15,4,Happy
EMP1368,2026-06-17,3,Okay
EMP1368,2026-06-19,4,Happy
EMP1368,2026-06-23,3,Okay
EMP1368,2026-06-25,4,Happy
EMP1368,2026-06-27,3,Okay
EMP1368,2026-06-29,5,Excited
EMP1368,2026-07-01,4,Happy
EMP1368,2026-07-03,4,Happy
EMP1368,2026-07-05,4,Happy
EMP1368,2026-07-07,3,Okay
EMP1368,2026-07-09,3,Okay
EMP1368,2026-07-11,4,Happy
EMP1368,2026-07-13,4,Happy
EMP1368,2026-07-15,4,Happy
EMP1368,2026-07-17,3,Okay
EMP1368,2026-07-19,4,Happy
EMP1368,2026-07-21,4,Happy
EMP1368,2026-07-23,3,Okay
EMP1368,2026-07-27,4,Happy
EMP1368,2026-07-29,4,Happy
EMP1368,2026-07-31,4,Happy
EMP1368,2026-08-02,4,Happy
EMP1368,2026-08-04,4,Happy
EMP1368,2026-08-06,5,Excited
EMP1368,2026-08-12,4,Happy
EMP1368,2026-08-14,4,Happy
EMP1368,2026-08-16,4,Happy
EMP1368,2026-08-18,3,Okay
EMP1368,2026-08-20,3,Okay
EMP1368,2026-08-22,3,Okay
EMP1369,2026-04-28,2,Sad
EMP1369,2026-04-30,3,Okay
EMP1369,2026-05-02,2,Sad
EMP1369,2026-05-04,2,Sad
EMP1369,2026-05-06,1,Frustrated
EMP1369,2026-05-08,1,Frustrated
EMP1369,2026-05-10,1,Frustrated
EMP1369,2026-05-12,2,Sad
EMP1369,2026-05-14,2,Sad
EMP1369,2026-05-16,1,Frustrated
EMP1369,2026-05-18,2,Sad
EMP1369,2026-05-22,2,Sad
EMP1369,2026-05-24,2,Sad
EMP1369,2026-05-26,1,Frustrated
EMP1369,2026-05-28,3,Okay
EMP1369,2026-05-30,2,Sad
EMP1369,2026-06-01,2,Sad
EMP1369,2026-06-03,1,Frustrated
EMP1369,2026-06-05,2,Sad
EMP1369,2026-06-07,2,Sad
EMP1369,2026-06-09,1,Frustrated
EMP1369,2026-06-11,2,Sad
EMP1369,2026-06-13,1,Frustrated
EMP1369,2026-06-15,2,Sad
EMP1369,2026-06-17,1,Frustrated
EMP1369,2026-06-19,2,Sad
EMP1369,2026-06-23,2,Sad
EMP1369,2026-06-27,1,Frustrated
EMP1369,2026-06-29,2,Sad
EMP1369,2026-07-03,1,Frustrated
EMP1369,2026-07-07,2,Sad
EMP1369,2026-07-09,2,Sad
EMP1369,2026-07-11,2,Sad
EMP1369,2026-07-15,1,Frustrated
EMP1369,2026-07-17,2,Sad
EMP1369,2026-07-21,1,Frustrated
EMP1369,2026-07-23,1,Frustrated
EMP1369,2026-07-25,1,Frustrated
EMP1369,2026-08-04,1,Frustrated
EMP1369,2026-08-06,1,Frustrated
EMP1369,2026-08-08,1,Frustrated
EMP1369,2026-08-10,2,Sad
EMP1369,2026-08-12,1,Frustrated
EMP1369,2026-08-14,1,Frustrated
EMP1369,2026-08-16,1,Frustrated
EMP1369,2026-08-18,1,Frustrated
EMP1369,2026-08-20,2,Sad
EMP1369,2026-08-22,2,Sad
EMP1369,2026-08-24,1,Frustrated
EMP1369,2026-08-26,1,Frustrated
EMP1370,2026-04-28,4,Happy
EMP1370,2026-05-02,5,Excited
EMP1370,2026-05-04,3,Okay
EMP1370,2026-05-06,4,Happy
EMP1370,2026-05-08,3,Okay
EMP1370,2026-05-10,3,Okay
EMP1370,2026-05-12,4,Happy
EMP1370,2026-05-14,4,Happy
EMP1370,2026-05-16,3,Okay
EMP1370,2026-05-18,3,Okay
EMP1370,2026-05-20,3,Okay
EMP1370,2026-05-22,3,Okay
EMP1370,2026-05-24,5,Excited
EMP1370,2026-05-26,3,Okay
EMP1370,2026-05-30,4,Happy
EMP1370,2026-06-01,4,Happy
EMP1370,2026-06-03,3,Okay
EMP1370,2026-06-05,3,Okay
EMP1370,2026-06-09,3,Okay
EMP1370,2026-06-11,3,Okay
EMP1370,2026-06-13,4,Happy
EMP1370,2026-06-15,3,Okay
EMP1370,2026-06-17,4,Happy
EMP1370,2026-06-19,4,Happy
EMP1370,2026-06-21,3,Okay
EMP1370,2026-06-23,4,Happy
EMP1370,2026-06-25,4,Happy
EMP1370,2026-07-01,4,Happy
EMP1370,2026-07-03,3,Okay
EMP1370,2026-07-05,2,Sad
EMP1370,2026-07-07,4,Happy
EMP1370,2026-07-11,3,Okay
EMP1370,2026-07-13,4,Happy
EMP1370,2026-07-15,4,Happy
EMP1370,2026-07-17,2,Sad
EMP1370,2026-07-19,4,Happy
EMP1370,2026-07-21,4,Happy
EMP1370,2026-07-23,4,Happy
EMP1370,2026-07-25,5,Excited
EMP1370,2026-07-27,3,Okay
EMP1370,2026-07-29,4,Happy
EMP1370,2026-07-31,5,Excited
EMP1370,2026-08-02,2,Sad
EMP1370,2026-08-04,3,Okay
EMP1370,2026-08-06,4,Happy
EMP1370,2026-08-08,3,Okay
EMP1370,2026-08-10,2,Sad
EMP1370,2026-08-12,4,Happy
EMP1370,2026-08-14,4,Happy
EMP1370,2026-08-16,3,Okay
EMP1370,2026-08-18,4,Happy
EMP1370,2026-08-20,4,Happy
EMP1370,2026-08-24,4,Happy
EMP1371,2026-04-30,2,Sad
EMP1371,2026-05-02,3,Okay
EMP1371,2026-05-04,4,Happy
EMP1371,2026-05-08,4,Happy
EMP1371,2026-05-10,4,Happy
EMP1371,2026-05-12,2,Sad
EMP1371,2026-05-14,3,Okay
EMP1371,2026-05-16,3,Okay
EMP1371,2026-05-18,3,Okay
EMP1371,2026-05-20,3,Okay
EMP1371,2026-05-22,5,Excited
EMP1371,2026-05-24,4,Happy
EMP1371,2026-05-26,3,Okay
EMP1371,2026-05-30,3,Okay
EMP1371,2026-06-03,3,Okay
EMP1371,2026-06-05,2,Sad
EMP1371,2026-06-09,4,Happy
EMP1371,2026-06-11,4,Happy
EMP1371,2026-06-13,4,Happy
EMP1371,2026-06-15,4,Happy
EMP1371,2026-06-17,3,Okay
EMP1371,2026-06-19,2,Sad
EMP1371,2026-06-23,4,Happy
EMP1371,2026-06-25,3,Okay
EMP1371,2026-06-27,2,Sad
EMP1371,2026-06-29,4,Happy
EMP1371,2026-07-03,3,Okay
EMP1371,2026-07-07,5,Excited
EMP1371,2026-07-09,3,Okay
EMP1371,2026-07-11,4,Happy
EMP1371,2026-07-13,2,Sad
EMP1371,2026-07-17,3,Okay
EMP1371,2026-07-19,2,Sad
EMP1371,2026-07-21,4,Happy
EMP1371,2026-07-23,4,Happy
EMP1371,2026-07-25,2,Sad
EMP1371,2026-07-29,4,Happy
EMP1371,2026-07-31,4,Happy
EMP1371,2026-08-02,3,Okay
EMP1371,2026-08-04,3,Okay
EMP1371,2026-08-06,3,Okay
EMP1371,2026-08-08,4,Happy
EMP1371,2026-08-10,3,Okay
EMP1371,2026-08-12,3,Okay
EMP1371,2026-08-14,5,Excited
EMP1371,2026-08-16,3,Okay
EMP1371,2026-08-18,4,Happy
EMP1371,2026-08-20,4,Happy
EMP1371,2026-08-22,3,Okay
EMP1371,2026-08-24,2,Sad
EMP1371,2026-08-26,4,Happy
EMP1372,2026-04-28,3,Okay
EMP1372,2026-04-30,3,Okay
EMP1372,2026-05-02,3,Okay
EMP1372,2026-05-04,3,Okay
EMP1372,2026-05-06,2,Sad
EMP1372,2026-05-08,2,Sad
EMP1372,2026-05-14,2,Sad
EMP1372,2026-05-16,3,Okay
EMP1372,2026-05-18,3,Okay
EMP1372,2026-05-20,1,Frustrated
EMP1372,2026-05-22,2,Sad
EMP1372,2026-05-24,3,Okay
EMP1372,2026-05-26,3,Okay
EMP1372,2026-05-28,3,Okay
EMP1372,2026-05-30,2,Sad
EMP1372,2026-06-01,2,Sad
EMP1372,2026-06-03,2,Sad
EMP1372,2026-06-05,2,Sad
EMP1372,2026-06-07,3,Okay
EMP1372,2026-06-09,2,Sad
EMP1372,2026-06-11,2,Sad
EMP1372,2026-06-15,2,Sad
EMP1372,2026-06-17,2,Sad
EMP1372,2026-06-19,3,Okay
EMP1372,2026-06-23,3,Okay
EMP1372,2026-06-25,1,Frustrated
EMP1372,2026-06-27,2,Sad
EMP1372,2026-06-29,3,Okay
EMP1372,2026-07-01,2,Sad
EMP1372,2026-07-03,2,Sad
EMP1372,2026-07-05,2,Sad
EMP1372,2026-07-07,2,Sad
EMP1372,2026-07-09,2,Sad
EMP1372,2026-07-13,2,Sad
EMP1372,2026-07-15,2,Sad
EMP1372,2026-07-17,2,Sad
EMP1372,2026-07-21,2,Sad
EMP1372,2026-07-25,2,Sad
EMP1372,2026-07-27,2,Sad
EMP1372,2026-07-29,1,Frustrated
EMP1372,2026-07-31,2,Sad
EMP1372,2026-08-02,1,Frustrated
EMP1372,2026-08-06,2,Sad
EMP1372,2026-08-08,2,Sad
EMP1372,2026-08-12,1,Frustrated
EMP1372,2026-08-14,1,Frustrated
EMP1372,2026-08-18,1,Frustrated
EMP1372,2026-08-20,1,Frustrated
EMP1372,2026-08-22,2,Sad
EMP1372,2026-08-24,3,Okay
EMP1372,2026-08-26,2,Sad
EMP1373,2026-04-28,3,Okay
EMP1373,2026-04-30,5,Excited
EMP1373,2026-05-02,3,Okay
EMP1373,2026-05-04,4,Happy
EMP1373,2026-05-06,4,Happy
EMP1373,2026-05-08,2,Sad
EMP1373,2026-05-10,4,Happy
EMP1373,2026-05-12,5,Excited
EMP1373,2026-05-14,3,Okay
EMP1373,2026-05-16,4,Happy
EMP1373,2026-05-18,4,Happy
EMP1373,2026-05-22,3,Okay
EMP1373,2026-05-24,4,Happy
EMP1373,2026-05-26,3,Okay
EMP1373,2026-05-28,3,Okay
EMP1373,2026-05-30,4,Happy
EMP1373,2026-06-01,4,Happy
EMP1373,2026-06-03,5,Excited
EMP1373,2026-06-05,3,Okay
EMP1373,2026-06-07,3,Okay
EMP1373,2026-06-09,4,Happy
EMP1373,2026-06-11,2,Sad
EMP1373,2026-06-13,3,Okay
EMP1373,2026-06-15,3,Okay
EMP1373,2026-06-17,5,Excited
EMP1373,2026-06-19,4,Happy
EMP1373,2026-06-21,3,Okay
EMP1373,2026-06-23,4,Happy
EMP1373,2026-06-25,5,Excited
EMP1373,2026-06-27,2,Sad
EMP1373,2026-06-29,3,Okay
EMP1373,2026-07-01,4,Happy
EMP1373,2026-07-05,3,Okay
EMP1373,2026-07-07,3,Okay
EMP1373,2026-07-09,4,Happy
EMP1373,2026-07-11,3,Okay
EMP1373,2026-07-13,3,Okay
EMP1373,2026-07-15,5,Excited
EMP1373,2026-07-17,4,Happy
EMP1373,2026-07-19,4,Happy
EMP1373,2026-07-21,4,Happy
EMP1373,2026-07-23,3,Okay
EMP1373,2026-07-25,4,Happy
EMP1373,2026-07-29,4,Happy
EMP1373,2026-07-31,3,Okay
EMP1373,2026-08-02,3,Okay
EMP1373,2026-08-04,3,Okay
EMP1373,2026-08-06,3,Okay
EMP1373,2026-08-10,3,Okay
EMP1373,2026-08-12,4,Happy
EMP1373,2026-08-14,3,Okay
EMP1373,2026-08-16,4,Happy
EMP1373,2026-08-18,3,Okay
EMP1373,2026-08-20,4,Happy
EMP1373,2026-08-26,4,Happy
EMP1374,2026-04-28,3,Okay
EMP1374,2026-04-30,3,Okay
EMP1374,2026-05-02,2,Sad
EMP1374,2026-05-06,2,Sad
EMP1374,2026-05-08,2,Sad
EMP1374,2026-05-10,2,Sad
EMP1374,2026-05-12,3,Okay
EMP1374,2026-05-14,2,Sad
EMP1374,2026-05-16,4,Happy
EMP1374,2026-05-18,2,Sad
EMP1374,2026-05-20,3,Okay
EMP1374,2026-05-22,3,Okay
EMP1374,2026-05-24,2,Sad
EMP1374,2026-05-26,3,Okay
EMP1374,2026-05-28,4,Happy
EMP1374,2026-05-30,3,Okay
EMP1374,2026-06-01,3,Okay
EMP1374,2026-06-03,2,Sad
EMP1374,2026-06-05,4,Happy
EMP1374,2026-06-07,3,Okay
EMP1374,2026-06-09,3,Okay
EMP1374,2026-06-11,3,Okay
EMP1374,2026-06-13,1,Frustrated
EMP1374,2026-06-15,3,Okay
EMP1374,2026-06-17,2,Sad
EMP1374,2026-06-19,2,Sad
EMP1374,2026-06-21,3,Okay
EMP1374,2026-06-23,2,Sad
EMP1374,2026-06-25,2,Sad
EMP1374,2026-06-27,1,Frustrated
EMP1374,2026-06-29,3,Okay
EMP1374,2026-07-01,3,Okay
EMP1374,2026-07-03,2,Sad
EMP1374,2026-07-05,3,Okay
EMP1374,2026-07-07,2,Sad
EMP1374,2026-07-11,3,Okay
EMP1374,2026-07-13,3,Okay
EMP1374,2026-07-15,3,Okay
EMP1374,2026-07-17,2,Sad
EMP1374,2026-07-19,2,Sad
EMP1374,2026-07-21,3,Okay
EMP1374,2026-07-23,2,Sad
EMP1374,2026-07-25,3,Okay
EMP1374,2026-07-29,2,Sad
EMP1374,2026-07-31,3,Okay
EMP1374,2026-08-02,2,Sad
EMP1374,2026-08-04,2,Sad
EMP1374,2026-08-06,3,Okay
EMP1374,2026-08-08,3,Okay
EMP1374,2026-08-10,3,Okay
EMP1374,2026-08-12,2,Sad
EMP1374,2026-08-14,3,Okay
EMP1374,2026-08-16,3,Okay
EMP1374,2026-08-18,2,Sad
EMP1374,2026-08-20,2,Sad
EMP1374,2026-08-22,3,Okay
EMP1374,2026-08-24,3,Okay
EMP1374,2026-08-26,2,Sad
EMP1375,2026-04-28,5,Excited
EMP1375,2026-04-30,4,Happy
EMP1375,2026-05-02,4,Happy
EMP1375,2026-05-04,3,Okay
EMP1375,2026-05-06,5,Excited
EMP1375,2026-05-08,2,Sad
EMP1375,2026-05-10,3,Okay
EMP1375,2026-05-14,4,Happy
EMP1375,2026-05-16,4,Happy
EMP1375,2026-05-18,3,Okay
EMP1375,2026-05-20,5,Excited
EMP1375,2026-05-22,4,Happy
EMP1375,2026-05-24,3,Okay
EMP1375,2026-05-26,3,Okay
EMP1375,2026-05-28,3,Okay
EMP1375,2026-05-30,4,Happy
EMP1375,2026-06-01,2,Sad
EMP1375,2026-06-03,4,Happy
EMP1375,2026-06-05,3,Okay
EMP1375,2026-06-07,4,Happy
EMP1375,2026-06-09,4,Happy
EMP1375,2026-06-11,3,Okay
EMP1375,2026-06-15,4,Happy
EMP1375,2026-06-17,3,Okay
EMP1375,2026-06-19,3,Okay
EMP1375,2026-06-21,3,Okay
EMP1375,2026-06-23,4,Happy
EMP1375,2026-06-25,4,Happy
EMP1375,2026-06-27,3,Okay
EMP1375,2026-06-29,3,Okay
EMP1375,2026-07-03,4,Happy
EMP1375,2026-07-05,4,Happy
EMP1375,2026-07-07,3,Okay
EMP1375,2026-07-09,3,Okay
EMP1375,2026-07-11,5,Excited
EMP1375,2026-07-13,4,Happy
EMP1375,2026-07-15,3,Okay
EMP1375,2026-07-17,4,Happy
EMP1375,2026-07-21,4,Happy
EMP1375,2026-07-23,4,Happy
EMP1375,2026-07-25,3,Okay
EMP1375,2026-07-27,4,Happy
EMP1375,2026-07-31,4,Happy
EMP1375,2026-08-04,2,Sad
EMP1375,2026-08-06,3,Okay
EMP1375,2026-08-08,4,Happy
EMP1375,2026-08-12,3,Okay
EMP1375,2026-08-14,3,Okay
EMP1375,2026-08-16,3,Okay
EMP1375,2026-08-18,4,Happy
EMP1375,2026-08-20,4,Happy
EMP1375,2026-08-24,4,Happy
EMP1375,2026-08-26,3,Okay
EMP1376,2026-04-28,4,Happy
EMP1376,2026-04-30,4,Happy
EMP1376,2026-05-04,4,Happy
EMP1376,2026-05-08,3,Okay
EMP1376,2026-05-10,2,Sad
EMP1376,2026-05-12,3,Okay
EMP1376,2026-05-14,4,Happy
EMP1376,2026-05-16,4,Happy
EMP1376,2026-05-18,3,Okay
EMP1376,2026-05-20,3,Okay
EMP1376,2026-05-22,2,Sad
EMP1376,2026-05-24,3,Okay
EMP1376,2026-05-26,4,Happy
EMP1376,2026-05-28,3,Okay
EMP1376,2026-06-01,3,Okay
EMP1376,2026-06-03,3,Okay
EMP1376,2026-06-05,4,Happy
EMP1376,2026-06-07,2,Sad
EMP1376,2026-06-09,4,Happy
EMP1376,2026-06-11,4,Happy
EMP1376,2026-06-13,3,Okay
EMP1376,2026-06-17,3,Okay
EMP1376,2026-06-19,3,Okay
EMP1376,2026-06-21,3,Okay
EMP1376,2026-06-23,3,Okay
EMP1376,2026-06-25,3,Okay
EMP1376,2026-06-27,3,Okay
EMP1376,2026-06-29,3,Okay
EMP1376,2026-07-01,4,Happy
EMP1376,2026-07-03,4,Happy
EMP1376,2026-07-05,4,Happy
EMP1376,2026-07-09,4,Happy
EMP1376,2026-07-11,3,Okay
EMP1376,2026-07-13,3,Okay
EMP1376,2026-07-15,4,Happy
EMP1376,2026-07-17,4,Happy
EMP1376,2026-07-19,4,Happy
EMP1376,2026-07-21,2,Sad
EMP1376,2026-07-23,5,Excited
EMP1376,2026-07-25,4,Happy
EMP1376,2026-07-27,5,Excited
EMP1376,2026-07-29,4,Happy
EMP1376,2026-07-31,4,Happy
EMP1376,2026-08-02,4,Happy
EMP1376,2026-08-04,3,Okay
EMP1376,2026-08-06,4,Happy
EMP1376,2026-08-08,3,Okay
EMP1376,2026-08-10,4,Happy
EMP1376,2026-08-12,4,Happy
EMP1376,2026-08-14,4,Happy
EMP1376,2026-08-16,4,Happy
EMP1376,2026-08-20,2,Sad
EMP1376,2026-08-22,4,Happy
EMP1376,2026-08-24,3,Okay
EMP1376,2026-08-26,4,Happy
EMP1377,2026-04-28,3,Okay
EMP1377,2026-04-30,3,Okay
EMP1377,2026-05-02,4,Happy
EMP1377,2026-05-04,3,Okay
EMP1377,2026-05-06,3,Okay
EMP1377,2026-05-08,5,Excited
EMP1377,2026-05-10,2,Sad
EMP1377,2026-05-12,2,Sad
EMP1377,2026-05-14,4,Happy
EMP1377,2026-05-16,3,Okay
EMP1377,2026-05-18,4,Happy
EMP1377,2026-05-20,4,Happy
EMP1377,2026-05-22,3,Okay
EMP1377,2026-05-26,3,Okay
EMP1377,2026-05-28,3,Okay
EMP1377,2026-05-30,4,Happy
EMP1377,2026-06-01,3,Okay
EMP1377,2026-06-03,3,Okay
EMP1377,2026-06-05,2,Sad
EMP1377,2026-06-07,4,Happy
EMP1377,2026-06-11,4,Happy
EMP1377,2026-06-15,3,Okay
EMP1377,2026-06-17,3,Okay
EMP1377,2026-06-19,4,Happy
EMP1377,2026-06-21,4,Happy
EMP1377,2026-06-25,4,Happy
EMP1377,2026-06-27,1,Frustrated
EMP1377,2026-06-29,4,Happy
EMP1377,2026-07-01,3,Okay
EMP1377,2026-07-03,3,Okay
EMP1377,2026-07-05,4,Happy
EMP1377,2026-07-13,2,Sad
EMP1377,2026-07-15,2,Sad
EMP1377,2026-07-17,5,Excited
EMP1377,2026-07-19,4,Happy
EMP1377,2026-07-21,3,Okay
EMP1377,2026-07-23,3,Okay
EMP1377,2026-07-27,4,Happy
EMP1377,2026-07-31,4,Happy
EMP1377,2026-08-02,3,Okay
EMP1377,2026-08-04,5,Excited
EMP1377,2026-08-06,4,Happy
EMP1377,2026-08-08,3,Okay
EMP1377,2026-08-12,4,Happy
EMP1377,2026-08-14,4,Happy
EMP1377,2026-08-22,3,Okay
EMP1377,2026-08-24,3,Okay
EMP1377,2026-08-26,4,Happy
EMP1378,2026-04-30,4,Happy
EMP1378,2026-05-02,4,Happy
EMP1378,2026-05-04,4,Happy
EMP1378,2026-05-06,3,Okay
EMP1378,2026-05-08,4,Happy
EMP1378,2026-05-10,3,Okay
EMP1378,2026-05-12,3,Okay
EMP1378,2026-05-14,4,Happy
EMP1378,2026-05-16,4,Happy
EMP1378,2026-05-18,4,Happy
EMP1378,2026-05-20,4,Happy
EMP1378,2026-05-22,4,Happy
EMP1378,2026-05-26,4,Happy
EMP1378,2026-05-28,4,Happy
EMP1378,2026-05-30,2,Sad
EMP1378,2026-06-01,5,Excited
EMP1378,2026-06-03,4,Happy
EMP1378,2026-06-05,4,Happy
EMP1378,2026-06-07,3,Okay
EMP1378,2026-06-09,4,Happy
EMP1378,2026-06-11,4,Happy
EMP1378,2026-06-13,3,Okay
EMP1378,2026-06-15,3,Okay
EMP1378,2026-06-17,2,Sad
EMP1378,2026-06-19,4,Happy
EMP1378,2026-06-21,3,Okay
EMP1378,2026-06-23,3,Okay
EMP1378,2026-06-27,4,Happy
EMP1378,2026-06-29,4,Happy
EMP1378,2026-07-01,2,Sad
EMP1378,2026-07-05,3,Okay
EMP1378,2026-07-07,4,Happy
EMP1378,2026-07-09,3,Okay
EMP1378,2026-07-11,3,Okay
EMP1378,2026-07-13,3,Okay
EMP1378,2026-07-15,5,Excited
EMP1378,2026-07-17,3,Okay
EMP1378,2026-07-19,4,Happy
EMP1378,2026-07-21,3,Okay
EMP1378,2026-07-23,2,Sad
EMP1378,2026-07-27,5,Excited
EMP1378,2026-07-29,4,Happy
EMP1378,2026-07-31,3,Okay
EMP1378,2026-08-02,3,Okay
EMP1378,2026-08-04,3,Okay
EMP1378,2026-08-06,5,Excited
EMP1378,2026-08-08,4,Happy
EMP1378,2026-08-10,2,Sad
EMP1378,2026-08-12,4,Happy
EMP1378,2026-08-14,4,Happy
EMP1378,2026-08-16,3,Okay
EMP1378,2026-08-18,3,Okay
EMP1378,2026-08-20,4,Happy
EMP1378,2026-08-22,5,Excited
EMP1378,2026-08-24,3,Okay
EMP1378,2026-08-26,3,Okay
EMP1379,2026-04-28,4,Happy
EMP1379,2026-04-30,3,Okay
EMP1379,2026-05-02,3,Okay
EMP1379,2026-05-04,3,Okay
EMP1379,2026-05-06,4,Happy
EMP1379,2026-05-08,4,Happy
EMP1379,2026-05-10,3,Okay
EMP1379,2026-05-12,5,Excited
EMP1379,2026-05-14,5,Excited
EMP1379,2026-05-16,2,Sad
EMP1379,2026-05-18,3,Okay
EMP1379,2026-05-20,3,Okay
EMP1379,2026-05-22,3,Okay
EMP1379,2026-05-24,4,Happy
EMP1379,2026-05-26,4,Happy
EMP1379,2026-05-28,4,Happy
EMP1379,2026-06-01,3,Okay
EMP1379,2026-06-03,2,Sad
EMP1379,2026-06-05,4,Happy
EMP1379,2026-06-07,4,Happy
EMP1379,2026-06-09,4,Happy
EMP1379,2026-06-11,3,Okay
EMP1379,2026-06-13,4,Happy
EMP1379,2026-06-15,3,Okay
EMP1379,2026-06-17,3,Okay
EMP1379,2026-06-19,3,Okay
EMP1379,2026-06-23,4,Happy
EMP1379,2026-06-25,4,Happy
EMP1379,2026-06-27,3,Okay
EMP1379,2026-06-29,4,Happy
EMP1379,2026-07-01,5,Excited
EMP1379,2026-07-03,3,Okay
EMP1379,2026-07-05,3,Okay
EMP1379,2026-07-07,4,Happy
EMP1379,2026-07-09,4,Happy
EMP1379,2026-07-11,3,Okay
EMP1379,2026-07-13,3,Okay
EMP1379,2026-07-15,5,Excited
EMP1379,2026-07-17,4,Happy
EMP1379,2026-07-19,5,Excited
EMP1379,2026-07-23,4,Happy
EMP1379,2026-07-25,4,Happy
EMP1379,2026-07-27,3,Okay
EMP1379,2026-07-29,4,Happy
EMP1379,2026-07-31,4,Happy
EMP1379,2026-08-02,3,Okay
EMP1379,2026-08-04,4,Happy
EMP1379,2026-08-06,3,Okay
EMP1379,2026-08-08,3,Okay
EMP1379,2026-08-10,3,Okay
EMP1379,2026-08-12,4,Happy
EMP1379,2026-08-16,4,Happy
EMP1379,2026-08-18,4,Happy
EMP1379,2026-08-20,3,Okay
EMP1379,2026-08-22,3,Okay
EMP1379,2026-08-24,5,Excited
EMP1379,2026-08-26,3,Okay
EMP1380,2026-04-28,4,Happy
EMP1380,2026-04-30,3,Okay
EMP1380,2026-05-04,4,Happy
EMP1380,2026-05-06,3,Okay
EMP1380,2026-05-08,4,Happy
EMP1380,2026-05-10,4,Happy
EMP1380,2026-05-12,3,Okay
EMP1380,2026-05-14,3,Okay
EMP1380,2026-05-16,4,Happy
EMP1380,2026-05-18,3,Okay
EMP1380,2026-05-20,3,Okay
EMP1380,2026-05-22,3,Okay
EMP1380,2026-05-24,3,Okay
EMP1380,2026-05-26,2,Sad
EMP1380,2026-05-30,3,Okay
EMP1380,2026-06-01,3,Okay
EMP1380,2026-06-03,3,Okay
EMP1380,2026-06-05,4,Happy
EMP1380,2026-06-07,5,Excited
EMP1380,2026-06-09,3,Okay
EMP1380,2026-06-11,5,Excited
EMP1380,2026-06-13,3,Okay
EMP1380,2026-06-15,4,Happy
EMP1380,2026-06-17,3,Okay
EMP1380,2026-06-19,4,Happy
EMP1380,2026-06-21,4,Happy
EMP1380,2026-06-23,3,Okay
EMP1380,2026-06-27,4,Happy
EMP1380,2026-06-29,3,Okay
EMP1380,2026-07-01,3,Okay
EMP1380,2026-07-03,5,Excited
EMP1380,2026-07-05,4,Happy
EMP1380,2026-07-07,4,Happy
EMP1380,2026-07-09,4,Happy
EMP1380,2026-07-11,4,Happy
EMP1380,2026-07-13,3,Okay
EMP1380,2026-07-17,3,Okay
EMP1380,2026-07-19,3,Okay
EMP1380,2026-07-21,4,Happy
EMP1380,2026-07-23,4,Happy
EMP1380,2026-07-27,4,Happy
EMP1380,2026-07-29,5,Excited
EMP1380,2026-07-31,5,Excited
EMP1380,2026-08-02,4,Happy
EMP1380,2026-08-04,3,Okay
EMP1380,2026-08-06,4,Happy
EMP1380,2026-08-08,4,Happy
EMP1380,2026-08-10,4,Happy
EMP1380,2026-08-12,3,Okay
EMP1380,2026-08-14,4,Happy
EMP1380,2026-08-16,3,Okay
EMP1380,2026-08-22,5,Excited
EMP1380,2026-08-26,2,Sad
EMP1381,2026-04-28,5,Excited
EMP1381,2026-05-02,5,Excited
EMP1381,2026-05-04,3,Okay
EMP1381,2026-05-06,4,Happy
EMP1381,2026-05-08,5,Excited
EMP1381,2026-05-10,3,Okay
EMP1381,2026-05-12,4,Happy
EMP1381,2026-05-14,3,Okay
EMP1381,2026-05-16,3,Okay
EMP1381,2026-05-18,5,Excited
EMP1381,2026-05-20,3,Okay
EMP1381,2026-05-22,4,Happy
EMP1381,2026-05-24,4,Happy
EMP1381,2026-05-26,4,Happy
EMP1381,2026-06-03,3,Okay
EMP1381,2026-06-05,3,Okay
EMP1381,2026-06-07,3,Okay
EMP1381,2026-06-09,4,Happy
EMP1381,2026-06-11,4,Happy
EMP1381,2026-06-13,3,Okay
EMP1381,2026-06-15,4,Happy
EMP1381,2026-06-17,5,Excited
EMP1381,2026-06-19,3,Okay
EMP1381,2026-06-21,3,Okay
EMP1381,2026-06-25,3,Okay
EMP1381,2026-06-27,3,Okay
EMP1381,2026-06-29,3,Okay
EMP1381,2026-07-03,3,Okay
EMP1381,2026-07-05,3,Okay
EMP1381,2026-07-07,4,Happy
EMP1381,2026-07-09,3,Okay
EMP1381,2026-07-11,5,Excited
EMP1381,2026-07-13,5,Excited
EMP1381,2026-07-15,4,Happy
EMP1381,2026-07-17,2,Sad
EMP1381,2026-07-19,3,Okay
EMP1381,2026-07-25,2,Sad
EMP1381,2026-07-27,3,Okay
EMP1381,2026-07-31,3,Okay
EMP1381,2026-08-04,4,Happy
EMP1381,2026-08-06,3,Okay
EMP1381,2026-08-08,2,Sad
EMP1381,2026-08-10,3,Okay
EMP1381,2026-08-12,4,Happy
EMP1381,2026-08-14,4,Happy
EMP1381,2026-08-16,3,Okay
EMP1381,2026-08-18,3,Okay
EMP1381,2026-08-20,4,Happy
EMP1381,2026-08-22,4,Happy
EMP1381,2026-08-24,3,Okay
EMP1381,2026-08-26,4,Happy
EMP1382,2026-04-28,3,Okay
EMP1382,2026-04-30,2,Sad
EMP1382,2026-05-02,4,Happy
EMP1382,2026-05-04,4,Happy
EMP1382,2026-05-06,4,Happy
EMP1382,2026-05-08,3,Okay
EMP1382,2026-05-10,3,Okay
EMP1382,2026-05-12,3,Okay
EMP1382,2026-05-14,4,Happy
EMP1382,2026-05-16,3,Okay
EMP1382,2026-05-18,5,Excited
EMP1382,2026-05-20,5,Excited
EMP1382,2026-05-22,2,Sad
EMP1382,2026-05-24,4,Happy
EMP1382,2026-05-26,3,Okay
EMP1382,2026-05-28,4,Happy
EMP1382,2026-06-01,3,Okay
EMP1382,2026-06-03,4,Happy
EMP1382,2026-06-05,4,Happy
EMP1382,2026-06-07,5,Excited
EMP1382,2026-06-09,4,Happy
EMP1382,2026-06-11,3,Okay
EMP1382,2026-06-13,3,Okay
EMP1382,2026-06-15,4,Happy
EMP1382,2026-06-17,3,Okay
EMP1382,2026-06-19,3,Okay
EMP1382,2026-06-23,4,Happy
EMP1382,2026-06-25,4,Happy
EMP1382,2026-06-27,2,Sad
EMP1382,2026-06-29,4,Happy
EMP1382,2026-07-03,4,Happy
EMP1382,2026-07-05,5,Excited
EMP1382,2026-07-07,3,Okay
EMP1382,2026-07-09,3,Okay
EMP1382,2026-07-11,4,Happy
EMP1382,2026-07-13,4,Happy
EMP1382,2026-07-15,4,Happy
EMP1382,2026-07-17,4,Happy
EMP1382,2026-07-19,3,Okay
EMP1382,2026-07-21,4,Happy
EMP1382,2026-07-23,4,Happy
EMP1382,2026-07-25,2,Sad
EMP1382,2026-07-27,4,Happy
EMP1382,2026-07-29,4,Happy
EMP1382,2026-07-31,3,Okay
EMP1382,2026-08-02,3,Okay
EMP1382,2026-08-06,4,Happy
EMP1382,2026-08-08,4,Happy
EMP1382,2026-08-10,3,Okay
EMP1382,2026-08-16,3,Okay
EMP1382,2026-08-18,3,Okay
EMP1382,2026-08-20,3,Okay
EMP1382,2026-08-22,4,Happy
EMP1382,2026-08-26,3,Okay
EMP1383,2026-04-30,4,Happy
EMP1383,2026-05-02,5,Excited
EMP1383,2026-05-04,3,Okay
EMP1383,2026-05-06,4,Happy
EMP1383,2026-05-08,4,Happy
EMP1383,2026-05-10,4,Happy
EMP1383,2026-05-12,5,Excited
EMP1383,2026-05-14,4,Happy
EMP1383,2026-05-16,3,Okay
EMP1383,2026-05-18,3,Okay
EMP1383,2026-05-20,5,Excited
EMP1383,2026-05-22,5,Excited
EMP1383,2026-05-24,4,Happy
EMP1383,2026-05-26,5,Excited
EMP1383,2026-05-28,4,Happy
EMP1383,2026-05-30,3,Okay
EMP1383,2026-06-01,4,Happy
EMP1383,2026-06-03,4,Happy
EMP1383,2026-06-05,4,Happy
EMP1383,2026-06-09,3,Okay
EMP1383,2026-06-11,4,Happy
EMP1383,2026-06-13,3,Okay
EMP1383,2026-06-15,4,Happy
EMP1383,2026-06-17,4,Happy
EMP1383,2026-06-21,4,Happy
EMP1383,2026-06-23,3,Okay
EMP1383,2026-06-25,4,Happy
EMP1383,2026-06-27,4,Happy
EMP1383,2026-06-29,3,Okay
EMP1383,2026-07-01,3,Okay
EMP1383,2026-07-03,2,Sad
EMP1383,2026-07-05,4,Happy
EMP1383,2026-07-07,3,Okay
EMP1383,2026-07-09,4,Happy
EMP1383,2026-07-11,3,Okay
EMP1383,2026-07-15,3,Okay
EMP1383,2026-07-19,3,Okay
EMP1383,2026-07-21,3,Okay
EMP1383,2026-07-23,4,Happy
EMP1383,2026-07-25,4,Happy
EMP1383,2026-07-27,3,Okay
EMP1383,2026-07-29,4,Happy
EMP1383,2026-07-31,4,Happy
EMP1383,2026-08-02,4,Happy
EMP1383,2026-08-04,2,Sad
EMP1383,2026-08-06,4,Happy
EMP1383,2026-08-08,3,Okay
EMP1383,2026-08-10,4,Happy
EMP1383,2026-08-12,3,Okay
EMP1383,2026-08-14,4,Happy
EMP1383,2026-08-16,2,Sad
EMP1383,2026-08-18,4,Happy
EMP1383,2026-08-22,4,Happy
EMP1383,2026-08-24,4,Happy
EMP1383,2026-08-26,4,Happy
EMP1384,2026-04-28,3,Okay
EMP1384,2026-04-30,2,Sad
EMP1384,2026-05-04,1,Frustrated
EMP1384,2026-05-06,2,Sad
EMP1384,2026-05-08,2,Sad
EMP1384,2026-05-10,2,Sad
EMP1384,2026-05-12,1,Frustrated
EMP1384,2026-05-14,1,Frustrated
EMP1384,2026-05-16,2,Sad
EMP1384,2026-05-20,1,Frustrated
EMP1384,2026-05-22,2,Sad
EMP1384,2026-05-24,2,Sad
EMP1384,2026-05-26,2,Sad
EMP1384,2026-05-28,2,Sad
EMP1384,2026-06-01,1,Frustrated
EMP1384,2026-06-03,1,Frustrated
EMP1384,2026-06-05,1,Frustrated
EMP1384,2026-06-07,2,Sad
EMP1384,2026-06-09,2,Sad
EMP1384,2026-06-11,2,Sad
EMP1384,2026-06-13,1,Frustrated
EMP1384,2026-06-15,2,Sad
EMP1384,2026-06-17,1,Frustrated
EMP1384,2026-06-21,2,Sad
EMP1384,2026-06-23,1,Frustrated
EMP1384,2026-06-25,3,Okay
EMP1384,2026-06-27,2,Sad
EMP1384,2026-06-29,1,Frustrated
EMP1384,2026-07-01,1,Frustrated
EMP1384,2026-07-03,1,Frustrated
EMP1384,2026-07-05,2,Sad
EMP1384,2026-07-09,4,Happy
EMP1384,2026-07-11,3,Okay
EMP1384,2026-07-13,2,Sad
EMP1384,2026-07-15,1,Frustrated
EMP1384,2026-07-17,1,Frustrated
EMP1384,2026-07-19,1,Frustrated
EMP1384,2026-07-21,1,Frustrated
EMP1384,2026-07-23,1,Frustrated
EMP1384,2026-07-25,2,Sad
EMP1384,2026-07-27,2,Sad
EMP1384,2026-07-29,1,Frustrated
EMP1384,2026-08-02,1,Frustrated
EMP1384,2026-08-04,2,Sad
EMP1384,2026-08-06,1,Frustrated
EMP1384,2026-08-08,1,Frustrated
EMP1384,2026-08-10,1,Frustrated
EMP1384,2026-08-12,1,Frustrated
EMP1384,2026-08-14,1,Frustrated
EMP1384,2026-08-16,2,Sad
EMP1384,2026-08-18,2,Sad
EMP1384,2026-08-22,1,Frustrated
EMP1384,2026-08-24,1,Frustrated
EMP1384,2026-08-26,1,Frustrated
EMP1385,2026-04-28,2,Sad
EMP1385,2026-04-30,3,Okay
EMP1385,2026-05-02,3,Okay
EMP1385,2026-05-04,4,Happy
EMP1385,2026-05-06,1,Frustrated
EMP1385,2026-05-08,1,Frustrated
EMP1385,2026-05-10,3,Okay
EMP1385,2026-05-12,3,Okay
EMP1385,2026-05-14,2,Sad
EMP1385,2026-05-16,1,Frustrated
EMP1385,2026-05-18,3,Okay
EMP1385,2026-05-20,2,Sad
EMP1385,2026-05-22,3,Okay
EMP1385,2026-05-24,3,Okay
EMP1385,2026-05-26,3,Okay
EMP1385,2026-05-28,1,Frustrated
EMP1385,2026-05-30,3,Okay
EMP1385,2026-06-01,4,Happy
EMP1385,2026-06-03,4,Happy
EMP1385,2026-06-05,3,Okay
EMP1385,2026-06-09,2,Sad
EMP1385,2026-06-11,4,Happy
EMP1385,2026-06-13,4,Happy
EMP1385,2026-06-15,3,Okay
EMP1385,2026-06-21,3,Okay
EMP1385,2026-06-23,2,Sad
EMP1385,2026-06-25,3,Okay
EMP1385,2026-06-27,2,Sad
EMP1385,2026-06-29,1,Frustrated
EMP1385,2026-07-01,2,Sad
EMP1385,2026-07-03,3,Okay
EMP1385,2026-07-05,3,Okay
EMP1385,2026-07-07,4,Happy
EMP1385,2026-07-09,3,Okay
EMP1385,2026-07-11,3,Okay
EMP1385,2026-07-13,2,Sad
EMP1385,2026-07-15,3,Okay
EMP1385,2026-07-17,2,Sad
EMP1385,2026-07-19,2,Sad
EMP1385,2026-07-21,3,Okay
EMP1385,2026-07-23,3,Okay
EMP1385,2026-07-25,2,Sad
EMP1385,2026-07-27,3,Okay
EMP1385,2026-07-29,4,Happy
EMP1385,2026-07-31,3,Okay
EMP1385,2026-08-04,3,Okay
EMP1385,2026-08-06,3,Okay
EMP1385,2026-08-08,2,Sad
EMP1385,2026-08-10,1,Frustrated
EMP1385,2026-08-12,2,Sad
EMP1385,2026-08-14,1,Frustrated
EMP1385,2026-08-20,2,Sad
EMP1385,2026-08-24,2,Sad
EMP1385,2026-08-26,2,Sad
EMP1386,2026-04-28,3,Okay
EMP1386,2026-04-30,5,Excited
EMP1386,2026-05-02,3,Okay
EMP1386,2026-05-04,2,Sad
EMP1386,2026-05-06,5,Excited
EMP1386,2026-05-08,4,Happy
EMP1386,2026-05-10,4,Happy
EMP1386,2026-05-12,3,Okay
EMP1386,2026-05-16,3,Okay
EMP1386,2026-05-18,4,Happy
EMP1386,2026-05-20,3,Okay
EMP1386,2026-05-22,3,Okay
EMP1386,2026-05-24,4,Happy
EMP1386,2026-05-26,3,Okay
EMP1386,2026-05-30,3,Okay
EMP1386,2026-06-01,3,Okay
EMP1386,2026-06-03,4,Happy
EMP1386,2026-06-05,3,Okay
EMP1386,2026-06-07,4,Happy
EMP1386,2026-06-09,4,Happy
EMP1386,2026-06-11,4,Happy
EMP1386,2026-06-13,2,Sad
EMP1386,2026-06-15,4,Happy
EMP1386,2026-06-17,4,Happy
EMP1386,2026-06-19,2,Sad
EMP1386,2026-06-21,4,Happy
EMP1386,2026-06-25,3,Okay
EMP1386,2026-06-27,3,Okay
EMP1386,2026-06-29,3,Okay
EMP1386,2026-07-03,4,Happy
EMP1386,2026-07-05,3,Okay
EMP1386,2026-07-07,5,Excited
EMP1386,2026-07-09,4,Happy
EMP1386,2026-07-13,2,Sad
EMP1386,2026-07-15,4,Happy
EMP1386,2026-07-17,4,Happy
EMP1386,2026-07-19,3,Okay
EMP1386,2026-07-21,5,Excited
EMP1386,2026-07-23,3,Okay
EMP1386,2026-07-25,4,Happy
EMP1386,2026-07-27,3,Okay
EMP1386,2026-07-29,3,Okay
EMP1386,2026-07-31,2,Sad
EMP1386,2026-08-02,4,Happy
EMP1386,2026-08-04,2,Sad
EMP1386,2026-08-06,4,Happy
EMP1386,2026-08-08,3,Okay
EMP1386,2026-08-10,3,Okay
EMP1386,2026-08-12,5,Excited
EMP1386,2026-08-14,3,Okay
EMP1386,2026-08-16,3,Okay
EMP1386,2026-08-18,3,Okay
EMP1386,2026-08-20,3,Okay
EMP1386,2026-08-22,4,Happy
EMP1386,2026-08-24,5,Excited
EMP1386,2026-08-26,2,Sad
EMP1387,2026-04-28,4,Happy
EMP1387,2026-04-30,4,Happy
EMP1387,2026-05-02,4,Happy
EMP1387,2026-05-04,3,Okay
EMP1387,2026-05-06,4,Happy
EMP1387,2026-05-08,5,Excited
EMP1387,2026-05-10,4,Happy
EMP1387,2026-05-12,5,Excited
EMP1387,2026-05-14,3,Okay
EMP1387,2026-05-16,3,Okay
EMP1387,2026-05-18,4,Happy
EMP1387,2026-05-20,3,Okay
EMP1387,2026-05-22,4,Happy
EMP1387,2026-05-24,3,Okay
EMP1387,2026-05-26,4,Happy
EMP1387,2026-05-28,3,Okay
EMP1387,2026-05-30,3,Okay
EMP1387,2026-06-01,4,Happy
EMP1387,2026-06-03,4,Happy
EMP1387,2026-06-05,3,Okay
EMP1387,2026-06-07,3,Okay
EMP1387,2026-06-09,4,Happy
EMP1387,2026-06-11,3,Okay
EMP1387,2026-06-13,4,Happy
EMP1387,2026-06-17,4,Happy
EMP1387,2026-06-19,3,Okay
EMP1387,2026-06-21,4,Happy
EMP1387,2026-06-23,4,Happy
EMP1387,2026-06-25,3,Okay
EMP1387,2026-06-27,3,Okay
EMP1387,2026-06-29,5,Excited
EMP1387,2026-07-01,4,Happy
EMP1387,2026-07-03,4,Happy
EMP1387,2026-07-05,4,Happy
EMP1387,2026-07-07,4,Happy
EMP1387,2026-07-09,5,Excited
EMP1387,2026-07-11,5,Excited
EMP1387,2026-07-15,4,Happy
EMP1387,2026-07-17,3,Okay
EMP1387,2026-07-21,3,Okay
EMP1387,2026-07-23,4,Happy
EMP1387,2026-07-25,3,Okay
EMP1387,2026-07-27,2,Sad
EMP1387,2026-07-31,4,Happy
EMP1387,2026-08-02,4,Happy
EMP1387,2026-08-04,3,Okay
EMP1387,2026-08-06,4,Happy
EMP1387,2026-08-08,3,Okay
EMP1387,2026-08-10,5,Excited
EMP1387,2026-08-12,5,Excited
EMP1387,2026-08-14,4,Happy
EMP1387,2026-08-16,4,Happy
EMP1387,2026-08-18,4,Happy
EMP1387,2026-08-20,4,Happy
EMP1387,2026-08-22,4,Happy
EMP1387,2026-08-24,3,Okay
EMP1387,2026-08-26,3,Okay
EMP1388,2026-04-30,4,Happy
EMP1388,2026-05-02,3,Okay
EMP1388,2026-05-04,4,Happy
EMP1388,2026-05-06,4,Happy
EMP1388,2026-05-08,4,Happy
EMP1388,2026-05-10,3,Okay
EMP1388,2026-05-12,4,Happy
EMP1388,2026-05-14,4,Happy
EMP1388,2026-05-16,3,Okay
EMP1388,2026-05-18,3,Okay
EMP1388,2026-05-20,3,Okay
EMP1388,2026-05-22,3,Okay
EMP1388,2026-05-24,4,Happy
EMP1388,2026-05-26,4,Happy
EMP1388,2026-05-28,5,Excited
EMP1388,2026-05-30,4,Happy
EMP1388,2026-06-01,4,Happy
EMP1388,2026-06-05,3,Okay
EMP1388,2026-06-07,3,Okay
EMP1388,2026-06-09,4,Happy
EMP1388,2026-06-11,3,Okay
EMP1388,2026-06-13,5,Excited
EMP1388,2026-06-15,5,Excited
EMP1388,2026-06-17,3,Okay
EMP1388,2026-06-21,4,Happy
EMP1388,2026-06-23,4,Happy
EMP1388,2026-06-25,4,Happy
EMP1388,2026-06-27,5,Excited
EMP1388,2026-07-03,4,Happy
EMP1388,2026-07-05,4,Happy
EMP1388,2026-07-07,3,Okay
EMP1388,2026-07-11,4,Happy
EMP1388,2026-07-13,3,Okay
EMP1388,2026-07-15,4,Happy
EMP1388,2026-07-17,4,Happy
EMP1388,2026-07-19,2,Sad
EMP1388,2026-07-21,3,Okay
EMP1388,2026-07-23,3,Okay
EMP1388,2026-07-25,4,Happy
EMP1388,2026-07-27,3,Okay
EMP1388,2026-07-29,3,Okay
EMP1388,2026-07-31,4,Happy
EMP1388,2026-08-02,5,Excited
EMP1388,2026-08-04,3,Okay
EMP1388,2026-08-06,5,Excited
EMP1388,2026-08-08,4,Happy
EMP1388,2026-08-10,4,Happy
EMP1388,2026-08-12,5,Excited
EMP1388,2026-08-14,3,Okay
EMP1388,2026-08-16,4,Happy
EMP1388,2026-08-18,3,Okay
EMP1388,2026-08-20,3,Okay
EMP1388,2026-08-24,4,Happy
EMP1388,2026-08-26,3,Okay
EMP1389,2026-04-28,2,Sad
EMP1389,2026-04-30,4,Happy
EMP1389,2026-05-02,4,Happy
EMP1389,2026-05-04,4,Happy
EMP1389,2026-05-06,4,Happy
EMP1389,2026-05-08,3,Okay
EMP1389,2026-05-10,4,Happy
EMP1389,2026-05-12,4,Happy
EMP1389,2026-05-14,4,Happy
EMP1389,2026-05-16,5,Excited
EMP1389,2026-05-18,4,Happy
EMP1389,2026-05-20,5,Excited
EMP1389,2026-05-22,4,Happy
EMP1389,2026-05-26,3,Okay
EMP1389,2026-05-30,3,Okay
EMP1389,2026-06-01,4,Happy
EMP1389,2026-06-03,2,Sad
EMP1389,2026-06-05,4,Happy
EMP1389,2026-06-07,3,Okay
EMP1389,2026-06-09,4,Happy
EMP1389,2026-06-11,4,Happy
EMP1389,2026-06-17,4,Happy
EMP1389,2026-06-19,4,Happy
EMP1389,2026-06-23,3,Okay
EMP1389,2026-06-25,5,Excited
EMP1389,2026-06-27,4,Happy
EMP1389,2026-06-29,4,Happy
EMP1389,2026-07-01,4,Happy
EMP1389,2026-07-05,4,Happy
EMP1389,2026-07-07,3,Okay
EMP1389,2026-07-09,4,Happy
EMP1389,2026-07-11,3,Okay
EMP1389,2026-07-13,3,Okay
EMP1389,2026-07-15,4,Happy
EMP1389,2026-07-17,4,Happy
EMP1389,2026-07-19,4,Happy
EMP1389,2026-07-21,4,Happy
EMP1389,2026-07-23,4,Happy
EMP1389,2026-07-25,4,Happy
EMP1389,2026-07-27,4,Happy
EMP1389,2026-07-29,3,Okay
EMP1389,2026-07-31,4,Happy
EMP1389,2026-08-02,3,Okay
EMP1389,2026-08-04,3,Okay
EMP1389,2026-08-06,3,Okay
EMP1389,2026-08-08,4,Happy
EMP1389,2026-08-12,5,Excited
EMP1389,2026-08-14,4,Happy
EMP1389,2026-08-16,4,Happy
EMP1389,2026-08-18,4,Happy
EMP1389,2026-08-20,3,Okay
EMP1389,2026-08-22,4,Happy
EMP1389,2026-08-24,4,Happy
EMP1389,2026-08-26,5,Excited
EMP1390,2026-04-28,3,Okay
EMP1390,2026-05-02,3,Okay
EMP1390,2026-05-04,4,Happy
EMP1390,2026-05-08,4,Happy
EMP1390,2026-05-10,4,Happy
EMP1390,2026-05-12,4,Happy
EMP1390,2026-05-14,5,Excited
EMP1390,2026-05-16,4,Happy
EMP1390,2026-05-18,4,Happy
EMP1390,2026-05-20,4,Happy
EMP1390,2026-05-24,5,Excited
EMP1390,2026-05-26,5,Excited
EMP1390,2026-05-28,4,Happy
EMP1390,2026-05-30,3,Okay
EMP1390,2026-06-01,4,Happy
EMP1390,2026-06-03,2,Sad
EMP1390,2026-06-05,3,Okay
EMP1390,2026-06-07,3,Okay
EMP1390,2026-06-09,3,Okay
EMP1390,2026-06-11,4,Happy
EMP1390,2026-06-13,3,Okay
EMP1390,2026-06-15,3,Okay
EMP1390,2026-06-17,4,Happy
EMP1390,2026-06-19,3,Okay
EMP1390,2026-06-21,5,Excited
EMP1390,2026-06-23,4,Happy
EMP1390,2026-06-25,3,Okay
EMP1390,2026-06-27,4,Happy
EMP1390,2026-06-29,3,Okay
EMP1390,2026-07-01,3,Okay
EMP1390,2026-07-03,4,Happy
EMP1390,2026-07-05,3,Okay
EMP1390,2026-07-07,4,Happy
EMP1390,2026-07-09,5,Excited
EMP1390,2026-07-11,2,Sad
EMP1390,2026-07-13,5,Excited
EMP1390,2026-07-15,2,Sad
EMP1390,2026-07-17,2,Sad
EMP1390,2026-07-19,2,Sad
EMP1390,2026-07-21,3,Okay
EMP1390,2026-07-23,3,Okay
EMP1390,2026-07-25,2,Sad
EMP1390,2026-07-27,3,Okay
EMP1390,2026-07-29,4,Happy
EMP1390,2026-07-31,3,Okay
EMP1390,2026-08-02,4,Happy
EMP1390,2026-08-04,4,Happy
EMP1390,2026-08-06,5,Excited
EMP1390,2026-08-08,4,Happy
EMP1390,2026-08-10,4,Happy
EMP1390,2026-08-12,4,Happy
EMP1390,2026-08-14,4,Happy
EMP1390,2026-08-16,3,Okay
EMP1390,2026-08-22,3,Okay
EMP1390,2026-08-24,3,Okay
EMP1390,2026-08-26,4,Happy
EMP1391,2026-04-28,4,Happy
EMP1391,2026-05-02,5,Excited
EMP1391,2026-05-04,4,Happy
EMP1391,2026-05-06,3,Okay
EMP1391,2026-05-08,5,Excited
EMP1391,2026-05-10,3,Okay
EMP1391,2026-05-12,3,Okay
EMP1391,2026-05-14,4,Happy
EMP1391,2026-05-18,2,Sad
EMP1391,2026-05-20,4,Happy
EMP1391,2026-05-24,4,Happy
EMP1391,2026-05-26,3,Okay
EMP1391,2026-05-28,4,Happy
EMP1391,2026-05-30,3,Okay
EMP1391,2026-06-01,4,Happy
EMP1391,2026-06-03,3,Okay
EMP1391,2026-06-05,3,Okay
EMP1391,2026-06-07,2,Sad
EMP1391,2026-06-09,3,Okay
EMP1391,2026-06-13,4,Happy
EMP1391,2026-06-15,3,Okay
EMP1391,2026-06-17,5,Excited
EMP1391,2026-06-19,4,Happy
EMP1391,2026-06-23,4,Happy
EMP1391,2026-06-25,4,Happy
EMP1391,2026-06-27,4,Happy
EMP1391,2026-06-29,4,Happy
EMP1391,2026-07-01,4,Happy
EMP1391,2026-07-03,4,Happy
EMP1391,2026-07-05,4,Happy
EMP1391,2026-07-07,3,Okay
EMP1391,2026-07-09,2,Sad
EMP1391,2026-07-11,4,Happy
EMP1391,2026-07-13,4,Happy
EMP1391,2026-07-15,4,Happy
EMP1391,2026-07-17,3,Okay
EMP1391,2026-07-21,3,Okay
EMP1391,2026-07-23,4,Happy
EMP1391,2026-07-25,4,Happy
EMP1391,2026-07-29,4,Happy
EMP1391,2026-07-31,3,Okay
EMP1391,2026-08-02,4,Happy
EMP1391,2026-08-06,5,Excited
EMP1391,2026-08-08,4,Happy
EMP1391,2026-08-10,4,Happy
EMP1391,2026-08-12,4,Happy
EMP1391,2026-08-14,5,Excited
EMP1391,2026-08-16,5,Excited
EMP1391,2026-08-18,3,Okay
EMP1391,2026-08-20,4,Happy
EMP1391,2026-08-22,4,Happy
EMP1391,2026-08-24,5,Excited
EMP1392,2026-04-28,2,Sad
EMP1392,2026-04-30,1,Frustrated
EMP1392,2026-05-02,3,Okay
EMP1392,2026-05-04,3,Okay
EMP1392,2026-05-06,3,Okay
EMP1392,2026-05-08,3,Okay
EMP1392,2026-05-10,3,Okay
EMP1392,2026-05-12,3,Okay
EMP1392,2026-05-14,2,Sad
EMP1392,2026-05-16,1,Frustrated
EMP1392,2026-05-20,2,Sad
EMP1392,2026-05-22,2,Sad
EMP1392,2026-05-24,2,Sad
EMP1392,2026-05-26,3,Okay
EMP1392,2026-05-30,2,Sad
EMP1392,2026-06-01,3,Okay
EMP1392,2026-06-03,3,Okay
EMP1392,2026-06-05,1,Frustrated
EMP1392,2026-06-07,2,Sad
EMP1392,2026-06-09,2,Sad
EMP1392,2026-06-11,2,Sad
EMP1392,2026-06-13,3,Okay
EMP1392,2026-06-15,3,Okay
EMP1392,2026-06-17,2,Sad
EMP1392,2026-06-19,2,Sad
EMP1392,2026-06-21,2,Sad
EMP1392,2026-06-23,3,Okay
EMP1392,2026-06-25,2,Sad
EMP1392,2026-06-27,2,Sad
EMP1392,2026-06-29,2,Sad
EMP1392,2026-07-03,2,Sad
EMP1392,2026-07-05,2,Sad
EMP1392,2026-07-07,3,Okay
EMP1392,2026-07-09,3,Okay
EMP1392,2026-07-11,1,Frustrated
EMP1392,2026-07-13,2,Sad
EMP1392,2026-07-15,1,Frustrated
EMP1392,2026-07-19,1,Frustrated
EMP1392,2026-07-21,2,Sad
EMP1392,2026-07-23,2,Sad
EMP1392,2026-07-25,2,Sad
EMP1392,2026-07-27,1,Frustrated
EMP1392,2026-07-29,1,Frustrated
EMP1392,2026-08-02,3,Okay
EMP1392,2026-08-04,2,Sad
EMP1392,2026-08-06,2,Sad
EMP1392,2026-08-08,3,Okay
EMP1392,2026-08-10,1,Frustrated
EMP1392,2026-08-14,1,Frustrated
EMP1392,2026-08-16,2,Sad
EMP1392,2026-08-18,1,Frustrated
EMP1392,2026-08-20,1,Frustrated
EMP1392,2026-08-22,2,Sad
EMP1392,2026-08-24,2,Sad
EMP1392,2026-08-26,1,Frustrated
EMP1393,2026-04-28,5,Excited
EMP1393,2026-04-30,5,Excited
EMP1393,2026-05-02,5,Excited
EMP1393,2026-05-04,5,Excited
EMP1393,2026-05-06,5,Excited
EMP1393,2026-05-08,5,Excited
EMP1393,2026-05-10,4,Happy
EMP1393,2026-05-12,5,Excited
EMP1393,2026-05-16,5,Excited
EMP1393,2026-05-18,5,Excited
EMP1393,2026-05-20,5,Excited
EMP1393,2026-05-22,5,Excited
EMP1393,2026-05-24,5,Excited
EMP1393,2026-05-26,5,Excited
EMP1393,2026-05-28,5,Excited
EMP1393,2026-05-30,5,Excited
EMP1393,2026-06-01,5,Excited
EMP1393,2026-06-03,4,Happy
EMP1393,2026-06-07,4,Happy
EMP1393,2026-06-09,5,Excited
EMP1393,2026-06-11,5,Excited
EMP1393,2026-06-13,5,Excited
EMP1393,2026-06-15,4,Happy
EMP1393,2026-06-17,4,Happy
EMP1393,2026-06-19,4,Happy
EMP1393,2026-06-21,4,Happy
EMP1393,2026-06-23,4,Happy
EMP1393,2026-06-25,4,Happy
EMP1393,2026-06-27,5,Excited
EMP1393,2026-06-29,4,Happy
EMP1393,2026-07-01,4,Happy
EMP1393,2026-07-03,4,Happy
EMP1393,2026-07-05,5,Excited
EMP1393,2026-07-07,5,Excited
EMP1393,2026-07-11,4,Happy
EMP1393,2026-07-13,4,Happy
EMP1393,2026-07-15,5,Excited
EMP1393,2026-07-17,4,Happy
EMP1393,2026-07-19,5,Excited
EMP1393,2026-07-21,4,Happy
EMP1393,2026-07-23,4,Happy
EMP1393,2026-07-25,4,Happy
EMP1393,2026-07-27,5,Excited
EMP1393,2026-07-29,5,Excited
EMP1393,2026-07-31,5,Excited
EMP1393,2026-08-04,4,Happy
EMP1393,2026-08-06,4,Happy
EMP1393,2026-08-10,5,Excited
EMP1393,2026-08-12,5,Excited
EMP1393,2026-08-14,4,Happy
EMP1393,2026-08-16,4,Happy
EMP1393,2026-08-20,5,Excited
EMP1393,2026-08-22,5,Excited
EMP1393,2026-08-24,5,Excited
EMP1393,2026-08-26,4,Happy
EMP1394,2026-04-28,3,Okay
EMP1394,2026-05-02,3,Okay
EMP1394,2026-05-04,3,Okay
EMP1394,2026-05-08,3,Okay
EMP1394,2026-05-10,2,Sad
EMP1394,2026-05-12,3,Okay
EMP1394,2026-05-14,2,Sad
EMP1394,2026-05-16,3,Okay
EMP1394,2026-05-18,2,Sad
EMP1394,2026-05-20,2,Sad
EMP1394,2026-05-22,3,Okay
EMP1394,2026-05-24,2,Sad
EMP1394,2026-05-26,2,Sad
EMP1394,2026-05-28,2,Sad
EMP1394,2026-05-30,2,Sad
EMP1394,2026-06-01,3,Okay
EMP1394,2026-06-03,3,Okay
EMP1394,2026-06-09,3,Okay
EMP1394,2026-06-11,3,Okay
EMP1394,2026-06-13,2,Sad
EMP1394,2026-06-15,2,Sad
EMP1394,2026-06-17,3,Okay
EMP1394,2026-06-19,3,Okay
EMP1394,2026-06-21,3,Okay
EMP1394,2026-06-23,2,Sad
EMP1394,2026-06-27,3,Okay
EMP1394,2026-06-29,3,Okay
EMP1394,2026-07-01,3,Okay
EMP1394,2026-07-03,2,Sad
EMP1394,2026-07-05,2,Sad
EMP1394,2026-07-07,4,Happy
EMP1394,2026-07-09,2,Sad
EMP1394,2026-07-11,4,Happy
EMP1394,2026-07-13,2,Sad
EMP1394,2026-07-15,3,Okay
EMP1394,2026-07-17,3,Okay
EMP1394,2026-07-21,3,Okay
EMP1394,2026-07-23,2,Sad
EMP1394,2026-07-25,3,Okay
EMP1394,2026-07-27,2,Sad
EMP1394,2026-07-29,1,Frustrated
EMP1394,2026-07-31,2,Sad
EMP1394,2026-08-02,4,Happy
EMP1394,2026-08-04,3,Okay
EMP1394,2026-08-06,4,Happy
EMP1394,2026-08-08,3,Okay
EMP1394,2026-08-10,2,Sad
EMP1394,2026-08-12,2,Sad
EMP1394,2026-08-16,2,Sad
EMP1394,2026-08-18,2,Sad
EMP1394,2026-08-20,2,Sad
EMP1394,2026-08-22,2,Sad
EMP1394,2026-08-24,1,Frustrated
EMP1394,2026-08-26,3,Okay
EMP1395,2026-04-30,5,Excited
EMP1395,2026-05-04,4,Happy
EMP1395,2026-05-08,4,Happy
EMP1395,2026-05-10,4,Happy
EMP1395,2026-05-14,5,Excited
EMP1395,2026-05-16,4,Happy
EMP1395,2026-05-18,3,Okay
EMP1395,2026-05-20,3,Okay
EMP1395,2026-05-22,4,Happy
EMP1395,2026-05-24,4,Happy
EMP1395,2026-05-26,4,Happy
EMP1395,2026-05-28,3,Okay
EMP1395,2026-05-30,3,Okay
EMP1395,2026-06-01,4,Happy
EMP1395,2026-06-07,3,Okay
EMP1395,2026-06-09,3,Okay
EMP1395,2026-06-11,4,Happy
EMP1395,2026-06-13,4,Happy
EMP1395,2026-06-15,3,Okay
EMP1395,2026-06-17,5,Excited
EMP1395,2026-06-19,3,Okay
EMP1395,2026-06-21,4,Happy
EMP1395,2026-06-23,4,Happy
EMP1395,2026-06-25,3,Okay
EMP1395,2026-06-27,4,Happy
EMP1395,2026-06-29,4,Happy
EMP1395,2026-07-03,4,Happy
EMP1395,2026-07-05,5,Excited
EMP1395,2026-07-09,3,Okay
EMP1395,2026-07-11,4,Happy
EMP1395,2026-07-13,4,Happy
EMP1395,2026-07-15,3,Okay
EMP1395,2026-07-17,3,Okay
EMP1395,2026-07-19,3,Okay
EMP1395,2026-07-21,3,Okay
EMP1395,2026-07-23,4,Happy
EMP1395,2026-07-25,5,Excited
EMP1395,2026-07-29,3,Okay
EMP1395,2026-07-31,4,Happy
EMP1395,2026-08-02,4,Happy
EMP1395,2026-08-04,3,Okay
EMP1395,2026-08-06,3,Okay
EMP1395,2026-08-08,3,Okay
EMP1395,2026-08-12,4,Happy
EMP1395,2026-08-16,4,Happy
EMP1395,2026-08-18,3,Okay
EMP1395,2026-08-20,3,Okay
EMP1395,2026-08-24,4,Happy
EMP1395,2026-08-26,5,Excited
EMP1396,2026-04-30,2,Sad
EMP1396,2026-05-02,2,Sad
EMP1396,2026-05-04,3,Okay
EMP1396,2026-05-10,3,Okay
EMP1396,2026-05-12,3,Okay
EMP1396,2026-05-14,3,Okay
EMP1396,2026-05-16,2,Sad
EMP1396,2026-05-18,3,Okay
EMP1396,2026-05-20,2,Sad
EMP1396,2026-05-22,1,Frustrated
EMP1396,2026-05-24,2,Sad
EMP1396,2026-05-26,2,Sad
EMP1396,2026-05-30,1,Frustrated
EMP1396,2026-06-01,1,Frustrated
EMP1396,2026-06-03,2,Sad
EMP1396,2026-06-05,2,Sad
EMP1396,2026-06-09,2,Sad
EMP1396,2026-06-11,1,Frustrated
EMP1396,2026-06-13,2,Sad
EMP1396,2026-06-15,2,Sad
EMP1396,2026-06-17,2,Sad
EMP1396,2026-06-19,1,Frustrated
EMP1396,2026-06-21,1,Frustrated
EMP1396,2026-06-23,2,Sad
EMP1396,2026-06-25,1,Frustrated
EMP1396,2026-06-29,1,Frustrated
EMP1396,2026-07-01,2,Sad
EMP1396,2026-07-03,1,Frustrated
EMP1396,2026-07-07,1,Frustrated
EMP1396,2026-07-09,1,Frustrated
EMP1396,2026-07-11,2,Sad
EMP1396,2026-07-13,2,Sad
EMP1396,2026-07-15,2,Sad
EMP1396,2026-07-19,1,Frustrated
EMP1396,2026-07-21,1,Frustrated
EMP1396,2026-07-23,1,Frustrated
EMP1396,2026-07-25,1,Frustrated
EMP1396,2026-07-27,1,Frustrated
EMP1396,2026-08-02,1,Frustrated
EMP1396,2026-08-04,2,Sad
EMP1396,2026-08-06,1,Frustrated
EMP1396,2026-08-08,2,Sad
EMP1396,2026-08-10,1,Frustrated
EMP1396,2026-08-12,2,Sad
EMP1396,2026-08-14,1,Frustrated
EMP1396,2026-08-16,2,Sad
EMP1396,2026-08-18,1,Frustrated
EMP1396,2026-08-20,1,Frustrated
EMP1396,2026-08-22,1,Frustrated
EMP1396,2026-08-24,1,Frustrated
EMP1397,2026-04-28,3,Okay
EMP1397,2026-04-30,2,Sad
EMP1397,2026-05-02,2,Sad
EMP1397,2026-05-06,2,Sad
EMP1397,2026-05-08,3,Okay
EMP1397,2026-05-10,3,Okay
EMP1397,2026-05-12,1,Frustrated
EMP1397,2026-05-14,2,Sad
EMP1397,2026-05-16,3,Okay
EMP1397,2026-05-18,1,Frustrated
EMP1397,2026-05-22,3,Okay
EMP1397,2026-05-24,3,Okay
EMP1397,2026-05-28,3,Okay
EMP1397,2026-06-01,3,Okay
EMP1397,2026-06-03,3,Okay
EMP1397,2026-06-05,3,Okay
EMP1397,2026-06-07,2,Sad
EMP1397,2026-06-13,3,Okay
EMP1397,2026-06-15,2,Sad
EMP1397,2026-06-19,1,Frustrated
EMP1397,2026-06-21,3,Okay
EMP1397,2026-06-23,3,Okay
EMP1397,2026-06-27,3,Okay
EMP1397,2026-06-29,4,Happy
EMP1397,2026-07-01,3,Okay
EMP1397,2026-07-07,3,Okay
EMP1397,2026-07-13,2,Sad
EMP1397,2026-07-15,3,Okay
EMP1397,2026-07-17,2,Sad
EMP1397,2026-07-19,2,Sad
EMP1397,2026-07-21,3,Okay
EMP1397,2026-07-23,1,Frustrated
EMP1397,2026-07-25,3,Okay
EMP1397,2026-07-29,2,Sad
EMP1397,2026-07-31,3,Okay
EMP1397,2026-08-02,2,Sad
EMP1397,2026-08-06,3,Okay
EMP1397,2026-08-08,3,Okay
EMP1397,2026-08-10,2,Sad
EMP1397,2026-08-12,2,Sad
EMP1397,2026-08-16,3,Okay
EMP1397,2026-08-18,2,Sad
EMP1397,2026-08-20,2,Sad
EMP1397,2026-08-22,2,Sad
EMP1397,2026-08-24,3,Okay
EMP1398,2026-04-28,3,Okay
EMP1398,2026-04-30,2,Sad
EMP1398,2026-05-02,1,Frustrated
EMP1398,2026-05-04,3,Okay
EMP1398,2026-05-06,3,Okay
EMP1398,2026-05-08,2,Sad
EMP1398,2026-05-10,2,Sad
EMP1398,2026-05-12,3,Okay
EMP1398,2026-05-14,2,Sad
EMP1398,2026-05-16,2,Sad
EMP1398,2026-05-20,2,Sad
EMP1398,2026-05-22,2,Sad
EMP1398,2026-05-24,3,Okay
EMP1398,2026-05-26,3,Okay
EMP1398,2026-05-28,2,Sad
EMP1398,2026-06-01,4,Happy
EMP1398,2026-06-03,3,Okay
EMP1398,2026-06-05,2,Sad
EMP1398,2026-06-07,3,Okay
EMP1398,2026-06-09,2,Sad
EMP1398,2026-06-13,3,Okay
EMP1398,2026-06-15,3,Okay
EMP1398,2026-06-17,2,Sad
EMP1398,2026-06-19,3,Okay
EMP1398,2026-06-21,3,Okay
EMP1398,2026-06-23,3,Okay
EMP1398,2026-06-25,3,Okay
EMP1398,2026-06-27,2,Sad
EMP1398,2026-07-01,3,Okay
EMP1398,2026-07-03,2,Sad
EMP1398,2026-07-09,3,Okay
EMP1398,2026-07-11,3,Okay
EMP1398,2026-07-13,3,Okay
EMP1398,2026-07-15,3,Okay
EMP1398,2026-07-17,2,Sad
EMP1398,2026-07-19,3,Okay
EMP1398,2026-07-21,3,Okay
EMP1398,2026-07-23,2,Sad
EMP1398,2026-07-25,3,Okay
EMP1398,2026-07-27,2,Sad
EMP1398,2026-07-29,2,Sad
EMP1398,2026-07-31,3,Okay
EMP1398,2026-08-02,3,Okay
EMP1398,2026-08-04,3,Okay
EMP1398,2026-08-06,3,Okay
EMP1398,2026-08-08,3,Okay
EMP1398,2026-08-12,2,Sad
EMP1398,2026-08-14,3,Okay
EMP1398,2026-08-16,4,Happy
EMP1398,2026-08-18,3,Okay
EMP1398,2026-08-22,3,Okay
EMP1398,2026-08-26,2,Sad
EMP1399,2026-04-28,2,Sad
EMP1399,2026-04-30,2,Sad
EMP1399,2026-05-02,3,Okay
EMP1399,2026-05-04,1,Frustrated
EMP1399,2026-05-06,3,Okay
EMP1399,2026-05-08,2,Sad
EMP1399,2026-05-10,2,Sad
EMP1399,2026-05-12,2,Sad
EMP1399,2026-05-14,2,Sad
EMP1399,2026-05-16,3,Okay
EMP1399,2026-05-18,2,Sad
EMP1399,2026-05-20,1,Frustrated
EMP1399,2026-05-22,2,Sad
EMP1399,2026-05-24,2,Sad
EMP1399,2026-05-26,3,Okay
EMP1399,2026-05-28,2,Sad
EMP1399,2026-05-30,2,Sad
EMP1399,2026-06-01,1,Frustrated
EMP1399,2026-06-03,2,Sad
EMP1399,2026-06-05,2,Sad
EMP1399,2026-06-09,3,Okay
EMP1399,2026-06-11,3,Okay
EMP1399,2026-06-17,4,Happy
EMP1399,2026-06-19,1,Frustrated
EMP1399,2026-06-21,1,Frustrated
EMP1399,2026-06-23,3,Okay
EMP1399,2026-06-25,1,Frustrated
EMP1399,2026-06-27,2,Sad
EMP1399,2026-06-29,2,Sad
EMP1399,2026-07-01,1,Frustrated
EMP1399,2026-07-03,1,Frustrated
EMP1399,2026-07-05,2,Sad
EMP1399,2026-07-07,2,Sad
EMP1399,2026-07-09,2,Sad
EMP1399,2026-07-11,2,Sad
EMP1399,2026-07-13,2,Sad
EMP1399,2026-07-15,2,Sad
EMP1399,2026-07-17,2,Sad
EMP1399,2026-07-19,1,Frustrated
EMP1399,2026-07-21,1,Frustrated
EMP1399,2026-07-23,2,Sad
EMP1399,2026-07-25,1,Frustrated
EMP1399,2026-07-27,2,Sad
EMP1399,2026-07-29,2,Sad
EMP1399,2026-07-31,1,Frustrated
EMP1399,2026-08-02,1,Frustrated
EMP1399,2026-08-04,1,Frustrated
EMP1399,2026-08-06,2,Sad
EMP1399,2026-08-08,1,Frustrated
EMP1399,2026-08-12,2,Sad
EMP1399,2026-08-14,1,Frustrated
EMP1399,2026-08-16,2,Sad
EMP1399,2026-08-18,1,Frustrated
EMP1399,2026-08-20,1,Frustrated
EMP1399,2026-08-22,1,Frustrated
EMP1399,2026-08-24,2,Sad
EMP1399,2026-08-26,2,Sad
EMP1400,2026-04-28,5,Excited
EMP1400,2026-05-02,5,Excited
EMP1400,2026-05-04,4,Happy
EMP1400,2026-05-06,5,Excited
EMP1400,2026-05-08,5,Excited
EMP1400,2026-05-10,5,Excited
EMP1400,2026-05-12,5,Excited
EMP1400,2026-05-14,4,Happy
EMP1400,2026-05-16,4,Happy
EMP1400,2026-05-18,4,Happy
EMP1400,2026-05-20,4,Happy
EMP1400,2026-05-22,5,Excited
EMP1400,2026-05-24,4,Happy
EMP1400,2026-05-26,4,Happy
EMP1400,2026-05-28,5,Excited
EMP1400,2026-05-30,4,Happy
EMP1400,2026-06-01,4,Happy
EMP1400,2026-06-03,5,Excited
EMP1400,2026-06-05,4,Happy
EMP1400,2026-06-07,5,Excited
EMP1400,2026-06-09,5,Excited
EMP1400,2026-06-11,5,Excited
EMP1400,2026-06-15,5,Excited
EMP1400,2026-06-17,5,Excited
EMP1400,2026-06-19,4,Happy
EMP1400,2026-06-21,4,Happy
EMP1400,2026-06-23,4,Happy
EMP1400,2026-06-27,5,Excited
EMP1400,2026-06-29,4,Happy
EMP1400,2026-07-01,4,Happy
EMP1400,2026-07-03,5,Excited
EMP1400,2026-07-05,4,Happy
EMP1400,2026-07-07,4,Happy
EMP1400,2026-07-09,4,Happy
EMP1400,2026-07-11,5,Excited
EMP1400,2026-07-13,4,Happy
EMP1400,2026-07-15,5,Excited
EMP1400,2026-07-17,5,Excited
EMP1400,2026-07-19,5,Excited
EMP1400,2026-07-21,4,Happy
EMP1400,2026-07-23,5,Excited
EMP1400,2026-07-25,5,Excited
EMP1400,2026-07-27,5,Excited
EMP1400,2026-07-29,4,Happy
EMP1400,2026-07-31,5,Excited
EMP1400,2026-08-02,4,Happy
EMP1400,2026-08-04,5,Excited
EMP1400,2026-08-06,5,Excited
EMP1400,2026-08-08,5,Excited
EMP1400,2026-08-12,5,Excited
EMP1400,2026-08-14,4,Happy
EMP1400,2026-08-16,4,Happy
EMP1400,2026-08-20,5,Excited
EMP1400,2026-08-22,5,Excited
EMP1400,2026-08-24,4,Happy
EMP1400,2026-08-26,5,Excited
EMP1401,2026-04-28,3,Okay
EMP1401,2026-04-30,4,Happy
EMP1401,2026-05-02,2,Sad
EMP1401,2026-05-04,3,Okay
EMP1401,2026-05-06,2,Sad
EMP1401,2026-05-08,3,Okay
EMP1401,2026-05-10,1,Frustrated
EMP1401,2026-05-12,2,Sad
EMP1401,2026-05-16,2,Sad
EMP1401,2026-05-18,2,Sad
EMP1401,2026-05-20,3,Okay
EMP1401,2026-05-22,2,Sad
EMP1401,2026-05-24,2,Sad
EMP1401,2026-05-26,2,Sad
EMP1401,2026-05-28,3,Okay
EMP1401,2026-05-30,3,Okay
EMP1401,2026-06-01,2,Sad
EMP1401,2026-06-03,2,Sad
EMP1401,2026-06-05,3,Okay
EMP1401,2026-06-07,2,Sad
EMP1401,2026-06-09,3,Okay
EMP1401,2026-06-11,2,Sad
EMP1401,2026-06-13,3,Okay
EMP1401,2026-06-15,3,Okay
EMP1401,2026-06-17,3,Okay
EMP1401,2026-06-21,2,Sad
EMP1401,2026-06-23,2,Sad
EMP1401,2026-06-29,4,Happy
EMP1401,2026-07-01,4,Happy
EMP1401,2026-07-03,3,Okay
EMP1401,2026-07-05,3,Okay
EMP1401,2026-07-07,3,Okay
EMP1401,2026-07-09,3,Okay
EMP1401,2026-07-11,2,Sad
EMP1401,2026-07-13,4,Happy
EMP1401,2026-07-15,2,Sad
EMP1401,2026-07-17,3,Okay
EMP1401,2026-07-21,3,Okay
EMP1401,2026-07-23,4,Happy
EMP1401,2026-07-25,3,Okay
EMP1401,2026-07-29,3,Okay
EMP1401,2026-07-31,3,Okay
EMP1401,2026-08-02,2,Sad
EMP1401,2026-08-04,4,Happy
EMP1401,2026-08-06,4,Happy
EMP1401,2026-08-08,3,Okay
EMP1401,2026-08-10,3,Okay
EMP1401,2026-08-12,2,Sad
EMP1401,2026-08-14,4,Happy
EMP1401,2026-08-16,2,Sad
EMP1401,2026-08-18,2,Sad
EMP1401,2026-08-20,4,Happy
EMP1401,2026-08-22,2,Sad
EMP1401,2026-08-24,2,Sad
EMP1401,2026-08-26,2,Sad
EMP1402,2026-04-28,4,Happy
EMP1402,2026-05-02,4,Happy
EMP1402,2026-05-04,2,Sad
EMP1402,2026-05-06,4,Happy
EMP1402,2026-05-08,3,Okay
EMP1402,2026-05-10,4,Happy
EMP1402,2026-05-12,5,Excited
EMP1402,2026-05-16,4,Happy
EMP1402,2026-05-18,5,Excited
EMP1402,2026-05-20,5,Excited
EMP1402,2026-05-24,4,Happy
EMP1402,2026-05-26,3,Okay
EMP1402,2026-05-28,3,Okay
EMP1402,2026-06-01,3,Okay
EMP1402,2026-06-03,4,Happy
EMP1402,2026-06-05,4,Happy
EMP1402,2026-06-07,4,Happy
EMP1402,2026-06-09,2,Sad
EMP1402,2026-06-11,4,Happy
EMP1402,2026-06-13,3,Okay
EMP1402,2026-06-15,3,Okay
EMP1402,2026-06-17,5,Excited
EMP1402,2026-06-23,4,Happy
EMP1402,2026-06-25,4,Happy
EMP1402,2026-06-27,3,Okay
EMP1402,2026-06-29,4,Happy
EMP1402,2026-07-01,4,Happy
EMP1402,2026-07-03,4,Happy
EMP1402,2026-07-05,4,Happy
EMP1402,2026-07-09,4,Happy
EMP1402,2026-07-11,4,Happy
EMP1402,2026-07-13,4,Happy
EMP1402,2026-07-15,5,Excited
EMP1402,2026-07-17,2,Sad
EMP1402,2026-07-19,4,Happy
EMP1402,2026-07-21,4,Happy
EMP1402,2026-07-23,3,Okay
EMP1402,2026-07-25,4,Happy
EMP1402,2026-07-27,4,Happy
EMP1402,2026-07-29,3,Okay
EMP1402,2026-07-31,4,Happy
EMP1402,2026-08-02,4,Happy
EMP1402,2026-08-04,3,Okay
EMP1402,2026-08-06,4,Happy
EMP1402,2026-08-08,5,Excited
EMP1402,2026-08-10,4,Happy
EMP1402,2026-08-12,3,Okay
EMP1402,2026-08-14,3,Okay
EMP1402,2026-08-16,2,Sad
EMP1402,2026-08-18,4,Happy
EMP1402,2026-08-22,4,Happy
EMP1402,2026-08-24,4,Happy
EMP1402,2026-08-26,3,Okay
EMP1403,2026-04-28,3,Okay
EMP1403,2026-04-30,3,Okay
EMP1403,2026-05-02,3,Okay
EMP1403,2026-05-04,1,Frustrated
EMP1403,2026-05-06,3,Okay
EMP1403,2026-05-08,3,Okay
EMP1403,2026-05-10,1,Frustrated
EMP1403,2026-05-12,2,Sad
EMP1403,2026-05-14,2,Sad
EMP1403,2026-05-16,3,Okay
EMP1403,2026-05-18,2,Sad
EMP1403,2026-05-20,2,Sad
EMP1403,2026-05-22,3,Okay
EMP1403,2026-05-24,2,Sad
EMP1403,2026-05-26,2,Sad
EMP1403,2026-05-28,2,Sad
EMP1403,2026-05-30,1,Frustrated
EMP1403,2026-06-01,3,Okay
EMP1403,2026-06-03,2,Sad
EMP1403,2026-06-05,1,Frustrated
EMP1403,2026-06-07,2,Sad
EMP1403,2026-06-09,3,Okay
EMP1403,2026-06-11,1,Frustrated
EMP1403,2026-06-13,3,Okay
EMP1403,2026-06-15,2,Sad
EMP1403,2026-06-19,2,Sad
EMP1403,2026-06-21,1,Frustrated
EMP1403,2026-06-23,1,Frustrated
EMP1403,2026-06-25,2,Sad
EMP1403,2026-06-27,2,Sad
EMP1403,2026-06-29,1,Frustrated
EMP1403,2026-07-01,1,Frustrated
EMP1403,2026-07-03,2,Sad
EMP1403,2026-07-05,1,Frustrated
EMP1403,2026-07-07,2,Sad
EMP1403,2026-07-09,1,Frustrated
EMP1403,2026-07-11,2,Sad
EMP1403,2026-07-13,2,Sad
EMP1403,2026-07-15,1,Frustrated
EMP1403,2026-07-17,2,Sad
EMP1403,2026-07-19,2,Sad
EMP1403,2026-07-21,2,Sad
EMP1403,2026-07-27,2,Sad
EMP1403,2026-07-29,3,Okay
EMP1403,2026-07-31,2,Sad
EMP1403,2026-08-02,1,Frustrated
EMP1403,2026-08-06,2,Sad
EMP1403,2026-08-08,2,Sad
EMP1403,2026-08-10,1,Frustrated
EMP1403,2026-08-12,1,Frustrated
EMP1403,2026-08-14,2,Sad
EMP1403,2026-08-16,1,Frustrated
EMP1403,2026-08-18,2,Sad
EMP1403,2026-08-20,1,Frustrated
EMP1403,2026-08-22,2,Sad
EMP1403,2026-08-24,1,Frustrated
EMP1404,2026-04-28,4,Happy
EMP1404,2026-04-30,5,Excited
EMP1404,2026-05-02,5,Excited
EMP1404,2026-05-04,4,Happy
EMP1404,2026-05-06,5,Excited
EMP1404,2026-05-08,5,Excited
EMP1404,2026-05-10,5,Excited
EMP1404,2026-05-12,5,Excited
EMP1404,2026-05-14,5,Excited
EMP1404,2026-05-16,4,Happy
EMP1404,2026-05-18,5,Excited
EMP1404,2026-05-20,5,Excited
EMP1404,2026-05-24,5,Excited
EMP1404,2026-05-26,5,Excited
EMP1404,2026-05-28,4,Happy
EMP1404,2026-05-30,5,Excited
EMP1404,2026-06-01,4,Happy
EMP1404,2026-06-03,5,Excited
EMP1404,2026-06-05,5,Excited
EMP1404,2026-06-07,5,Excited
EMP1404,2026-06-09,4,Happy
EMP1404,2026-06-11,5,Excited
EMP1404,2026-06-15,5,Excited
EMP1404,2026-06-17,4,Happy
EMP1404,2026-06-19,4,Happy
EMP1404,2026-06-21,5,Excited
EMP1404,2026-06-23,4,Happy
EMP1404,2026-06-25,4,Happy
EMP1404,2026-06-27,5,Excited
EMP1404,2026-06-29,4,Happy
EMP1404,2026-07-01,5,Excited
EMP1404,2026-07-03,5,Excited
EMP1404,2026-07-07,4,Happy
EMP1404,2026-07-09,4,Happy
EMP1404,2026-07-11,4,Happy
EMP1404,2026-07-13,4,Happy
EMP1404,2026-07-15,5,Excited
EMP1404,2026-07-21,5,Excited
EMP1404,2026-07-25,4,Happy
EMP1404,2026-07-27,4,Happy
EMP1404,2026-07-29,5,Excited
EMP1404,2026-07-31,5,Excited
EMP1404,2026-08-02,4,Happy
EMP1404,2026-08-08,5,Excited
EMP1404,2026-08-12,4,Happy
EMP1404,2026-08-16,5,Excited
EMP1404,2026-08-18,4,Happy
EMP1404,2026-08-20,5,Excited
EMP1404,2026-08-22,5,Excited
EMP1404,2026-08-24,4,Happy
EMP1404,2026-08-26,5,Excited
EMP1405,2026-04-28,3,Okay
EMP1405,2026-04-30,3,Okay
EMP1405,2026-05-02,5,Excited
EMP1405,2026-05-04,3,Okay
EMP1405,2026-05-06,3,Okay
EMP1405,2026-05-08,4,Happy
EMP1405,2026-05-10,3,Okay
EMP1405,2026-05-12,3,Okay
EMP1405,2026-05-14,3,Okay
EMP1405,2026-05-16,4,Happy
EMP1405,2026-05-22,3,Okay
EMP1405,2026-05-24,3,Okay
EMP1405,2026-05-26,3,Okay
EMP1405,2026-05-28,3,Okay
EMP1405,2026-05-30,4,Happy
EMP1405,2026-06-01,3,Okay
EMP1405,2026-06-03,2,Sad
EMP1405,2026-06-07,3,Okay
EMP1405,2026-06-09,4,Happy
EMP1405,2026-06-11,5,Excited
EMP1405,2026-06-13,3,Okay
EMP1405,2026-06-15,4,Happy
EMP1405,2026-06-17,3,Okay
EMP1405,2026-06-19,5,Excited
EMP1405,2026-06-21,4,Happy
EMP1405,2026-06-23,5,Excited
EMP1405,2026-06-27,4,Happy
EMP1405,2026-06-29,4,Happy
EMP1405,2026-07-01,3,Okay
EMP1405,2026-07-03,4,Happy
EMP1405,2026-07-07,2,Sad
EMP1405,2026-07-09,4,Happy
EMP1405,2026-07-13,4,Happy
EMP1405,2026-07-15,5,Excited
EMP1405,2026-07-17,4,Happy
EMP1405,2026-07-19,4,Happy
EMP1405,2026-07-21,3,Okay
EMP1405,2026-07-23,3,Okay
EMP1405,2026-07-25,3,Okay
EMP1405,2026-07-27,5,Excited
EMP1405,2026-07-29,3,Okay
EMP1405,2026-07-31,4,Happy
EMP1405,2026-08-02,2,Sad
EMP1405,2026-08-04,3,Okay
EMP1405,2026-08-06,4,Happy
EMP1405,2026-08-08,4,Happy
EMP1405,2026-08-12,4,Happy
EMP1405,2026-08-14,4,Happy
EMP1405,2026-08-16,3,Okay
EMP1405,2026-08-18,3,Okay
EMP1405,2026-08-20,4,Happy
EMP1405,2026-08-22,4,Happy
EMP1405,2026-08-24,3,Okay
EMP1405,2026-08-26,4,Happy
EMP1406,2026-04-28,2,Sad
EMP1406,2026-04-30,2,Sad
EMP1406,2026-05-02,3,Okay
EMP1406,2026-05-04,2,Sad
EMP1406,2026-05-06,2,Sad
EMP1406,2026-05-08,2,Sad
EMP1406,2026-05-12,3,Okay
EMP1406,2026-05-14,2,Sad
EMP1406,2026-05-16,2,Sad
EMP1406,2026-05-18,2,Sad
EMP1406,2026-05-20,3,Okay
EMP1406,2026-05-22,3,Okay
EMP1406,2026-05-26,2,Sad
EMP1406,2026-05-28,2,Sad
EMP1406,2026-06-03,3,Okay
EMP1406,2026-06-05,3,Okay
EMP1406,2026-06-07,3,Okay
EMP1406,2026-06-11,2,Sad
EMP1406,2026-06-13,2,Sad
EMP1406,2026-06-15,3,Okay
EMP1406,2026-06-17,2,Sad
EMP1406,2026-06-19,3,Okay
EMP1406,2026-06-21,2,Sad
EMP1406,2026-06-25,2,Sad
EMP1406,2026-06-27,2,Sad
EMP1406,2026-06-29,3,Okay
EMP1406,2026-07-01,2,Sad
EMP1406,2026-07-03,3,Okay
EMP1406,2026-07-05,1,Frustrated
EMP1406,2026-07-07,1,Frustrated
EMP1406,2026-07-09,3,Okay
EMP1406,2026-07-13,2,Sad
EMP1406,2026-07-15,2,Sad
EMP1406,2026-07-17,2,Sad
EMP1406,2026-07-19,2,Sad
EMP1406,2026-07-21,1,Frustrated
EMP1406,2026-07-23,1,Frustrated
EMP1406,2026-07-25,2,Sad
EMP1406,2026-07-27,1,Frustrated
EMP1406,2026-07-31,2,Sad
EMP1406,2026-08-02,3,Okay
EMP1406,2026-08-04,1,Frustrated
EMP1406,2026-08-06,2,Sad
EMP1406,2026-08-08,1,Frustrated
EMP1406,2026-08-10,1,Frustrated
EMP1406,2026-08-12,2,Sad
EMP1406,2026-08-14,2,Sad
EMP1406,2026-08-16,3,Okay
EMP1406,2026-08-18,1,Frustrated
EMP1406,2026-08-20,1,Frustrated
EMP1406,2026-08-26,2,Sad
EMP1407,2026-04-30,3,Okay
EMP1407,2026-05-02,3,Okay
EMP1407,2026-05-04,3,Okay
EMP1407,2026-05-06,4,Happy
EMP1407,2026-05-08,4,Happy
EMP1407,2026-05-10,4,Happy
EMP1407,2026-05-12,4,Happy
EMP1407,2026-05-14,3,Okay
EMP1407,2026-05-16,4,Happy
EMP1407,2026-05-18,3,Okay
EMP1407,2026-05-20,2,Sad
EMP1407,2026-05-22,4,Happy
EMP1407,2026-05-24,3,Okay
EMP1407,2026-05-26,4,Happy
EMP1407,2026-05-28,3,Okay
EMP1407,2026-05-30,3,Okay
EMP1407,2026-06-01,3,Okay
EMP1407,2026-06-03,3,Okay
EMP1407,2026-06-05,3,Okay
EMP1407,2026-06-07,3,Okay
EMP1407,2026-06-09,4,Happy
EMP1407,2026-06-11,4,Happy
EMP1407,2026-06-13,4,Happy
EMP1407,2026-06-15,3,Okay
EMP1407,2026-06-17,3,Okay
EMP1407,2026-06-19,3,Okay
EMP1407,2026-06-21,2,Sad
EMP1407,2026-06-23,4,Happy
EMP1407,2026-06-25,4,Happy
EMP1407,2026-06-27,3,Okay
EMP1407,2026-06-29,3,Okay
EMP1407,2026-07-01,3,Okay
EMP1407,2026-07-03,4,Happy
EMP1407,2026-07-05,4,Happy
EMP1407,2026-07-07,3,Okay
EMP1407,2026-07-11,2,Sad
EMP1407,2026-07-13,3,Okay
EMP1407,2026-07-15,3,Okay
EMP1407,2026-07-19,3,Okay
EMP1407,2026-07-21,3,Okay
EMP1407,2026-07-25,5,Excited
EMP1407,2026-07-27,3,Okay
EMP1407,2026-07-29,5,Excited
EMP1407,2026-07-31,3,Okay
EMP1407,2026-08-02,4,Happy
EMP1407,2026-08-04,3,Okay
EMP1407,2026-08-06,5,Excited
EMP1407,2026-08-08,4,Happy
EMP1407,2026-08-10,4,Happy
EMP1407,2026-08-12,4,Happy
EMP1407,2026-08-14,4,Happy
EMP1407,2026-08-16,3,Okay
EMP1407,2026-08-20,3,Okay
EMP1407,2026-08-24,2,Sad
EMP1407,2026-08-26,5,Excited
EMP1408,2026-04-28,2,Sad
EMP1408,2026-04-30,1,Frustrated
EMP1408,2026-05-02,2,Sad
EMP1408,2026-05-04,1,Frustrated
EMP1408,2026-05-06,2,Sad
EMP1408,2026-05-08,2,Sad
EMP1408,2026-05-10,3,Okay
EMP1408,2026-05-12,1,Frustrated
EMP1408,2026-05-14,2,Sad
EMP1408,2026-05-16,3,Okay
EMP1408,2026-05-18,1,Frustrated
EMP1408,2026-05-20,2,Sad
EMP1408,2026-05-22,2,Sad
EMP1408,2026-05-24,1,Frustrated
EMP1408,2026-05-26,1,Frustrated
EMP1408,2026-05-28,2,Sad
EMP1408,2026-05-30,1,Frustrated
EMP1408,2026-06-01,3,Okay
EMP1408,2026-06-03,2,Sad
EMP1408,2026-06-05,2,Sad
EMP1408,2026-06-07,2,Sad
EMP1408,2026-06-09,2,Sad
EMP1408,2026-06-11,1,Frustrated
EMP1408,2026-06-13,1,Frustrated
EMP1408,2026-06-15,2,Sad
EMP1408,2026-06-17,2,Sad
EMP1408,2026-06-19,2,Sad
EMP1408,2026-06-21,2,Sad
EMP1408,2026-06-23,2,Sad
EMP1408,2026-06-25,2,Sad
EMP1408,2026-06-27,2,Sad
EMP1408,2026-06-29,2,Sad
EMP1408,2026-07-01,1,Frustrated
EMP1408,2026-07-03,1,Frustrated
EMP1408,2026-07-05,2,Sad
EMP1408,2026-07-07,2,Sad
EMP1408,2026-07-09,2,Sad
EMP1408,2026-07-11,1,Frustrated
EMP1408,2026-07-13,2,Sad
EMP1408,2026-07-15,1,Frustrated
EMP1408,2026-07-19,1,Frustrated
EMP1408,2026-07-23,1,Frustrated
EMP1408,2026-07-27,1,Frustrated
EMP1408,2026-07-29,1,Frustrated
EMP1408,2026-07-31,1,Frustrated
EMP1408,2026-08-02,1,Frustrated
EMP1408,2026-08-04,1,Frustrated
EMP1408,2026-08-06,1,Frustrated
EMP1408,2026-08-08,1,Frustrated
EMP1408,2026-08-10,1,Frustrated
EMP1408,2026-08-12,2,Sad
EMP1408,2026-08-14,1,Frustrated
EMP1408,2026-08-16,1,Frustrated
EMP1408,2026-08-18,2,Sad
EMP1408,2026-08-22,2,Sad
EMP1408,2026-08-26,1,Frustrated
EMP1409,2026-04-28,3,Okay
EMP1409,2026-04-30,1,Frustrated
EMP1409,2026-05-02,3,Okay
EMP1409,2026-05-04,2,Sad
EMP1409,2026-05-06,1,Frustrated
EMP1409,2026-05-08,1,Frustrated
EMP1409,2026-05-10,2,Sad
EMP1409,2026-05-14,2,Sad
EMP1409,2026-05-16,1,Frustrated
EMP1409,2026-05-18,2,Sad
EMP1409,2026-05-20,2,Sad
EMP1409,2026-05-22,2,Sad
EMP1409,2026-05-24,3,Okay
EMP1409,2026-05-26,2,Sad
EMP1409,2026-05-28,1,Frustrated
EMP1409,2026-05-30,2,Sad
EMP1409,2026-06-01,1,Frustrated
EMP1409,2026-06-03,1,Frustrated
EMP1409,2026-06-05,2,Sad
EMP1409,2026-06-07,1,Frustrated
EMP1409,2026-06-09,1,Frustrated
EMP1409,2026-06-11,2,Sad
EMP1409,2026-06-13,1,Frustrated
EMP1409,2026-06-15,1,Frustrated
EMP1409,2026-06-17,1,Frustrated
EMP1409,2026-06-19,1,Frustrated
EMP1409,2026-06-21,2,Sad
EMP1409,2026-06-23,2,Sad
EMP1409,2026-06-25,1,Frustrated
EMP1409,2026-06-27,2,Sad
EMP1409,2026-07-01,1,Frustrated
EMP1409,2026-07-03,1,Frustrated
EMP1409,2026-07-05,1,Frustrated
EMP1409,2026-07-07,1,Frustrated
EMP1409,2026-07-09,2,Sad
EMP1409,2026-07-11,1,Frustrated
EMP1409,2026-07-13,2,Sad
EMP1409,2026-07-15,1,Frustrated
EMP1409,2026-07-17,1,Frustrated
EMP1409,2026-07-19,2,Sad
EMP1409,2026-07-23,1,Frustrated
EMP1409,2026-07-25,1,Frustrated
EMP1409,2026-07-27,2,Sad
EMP1409,2026-07-29,1,Frustrated
EMP1409,2026-07-31,2,Sad
EMP1409,2026-08-06,1,Frustrated
EMP1409,2026-08-08,2,Sad
EMP1409,2026-08-10,2,Sad
EMP1409,2026-08-12,2,Sad
EMP1409,2026-08-14,2,Sad
EMP1409,2026-08-16,2,Sad
EMP1409,2026-08-18,1,Frustrated
EMP1409,2026-08-20,1,Frustrated
EMP1409,2026-08-22,2,Sad
EMP1409,2026-08-24,1,Frustrated
EMP1409,2026-08-26,1,Frustrated
EMP1410,2026-04-28,3,Okay
EMP1410,2026-04-30,3,Okay
EMP1410,2026-05-02,4,Happy
EMP1410,2026-05-04,3,Okay
EMP1410,2026-05-06,3,Okay
EMP1410,2026-05-08,4,Happy
EMP1410,2026-05-10,3,Okay
EMP1410,2026-05-12,4,Happy
EMP1410,2026-05-14,3,Okay
EMP1410,2026-05-16,4,Happy
EMP1410,2026-05-18,3,Okay
EMP1410,2026-05-20,4,Happy
EMP1410,2026-05-22,2,Sad
EMP1410,2026-05-24,4,Happy
EMP1410,2026-05-26,4,Happy
EMP1410,2026-05-28,2,Sad
EMP1410,2026-05-30,2,Sad
EMP1410,2026-06-01,3,Okay
EMP1410,2026-06-03,4,Happy
EMP1410,2026-06-05,3,Okay
EMP1410,2026-06-07,3,Okay
EMP1410,2026-06-09,4,Happy
EMP1410,2026-06-11,5,Excited
EMP1410,2026-06-13,3,Okay
EMP1410,2026-06-15,4,Happy
EMP1410,2026-06-17,4,Happy
EMP1410,2026-06-19,4,Happy
EMP1410,2026-06-21,2,Sad
EMP1410,2026-06-23,2,Sad
EMP1410,2026-06-25,3,Okay
EMP1410,2026-06-27,3,Okay
EMP1410,2026-06-29,4,Happy
EMP1410,2026-07-01,3,Okay
EMP1410,2026-07-03,2,Sad
EMP1410,2026-07-05,3,Okay
EMP1410,2026-07-07,2,Sad
EMP1410,2026-07-09,3,Okay
EMP1410,2026-07-15,4,Happy
EMP1410,2026-07-17,5,Excited
EMP1410,2026-07-19,4,Happy
EMP1410,2026-07-21,3,Okay
EMP1410,2026-07-23,5,Excited
EMP1410,2026-07-25,5,Excited
EMP1410,2026-07-27,3,Okay
EMP1410,2026-07-29,4,Happy
EMP1410,2026-07-31,4,Happy
EMP1410,2026-08-02,4,Happy
EMP1410,2026-08-04,4,Happy
EMP1410,2026-08-06,4,Happy
EMP1410,2026-08-10,3,Okay
EMP1410,2026-08-14,3,Okay
EMP1410,2026-08-16,4,Happy
EMP1410,2026-08-18,4,Happy
EMP1410,2026-08-20,3,Okay
EMP1410,2026-08-22,4,Happy
EMP1410,2026-08-24,4,Happy
EMP1410,2026-08-26,4,Happy
EMP1411,2026-04-28,3,Okay
EMP1411,2026-04-30,3,Okay
EMP1411,2026-05-02,2,Sad
EMP1411,2026-05-04,2,Sad
EMP1411,2026-05-06,3,Okay
EMP1411,2026-05-08,3,Okay
EMP1411,2026-05-10,2,Sad
EMP1411,2026-05-12,2,Sad
EMP1411,2026-05-14,2,Sad
EMP1411,2026-05-16,3,Okay
EMP1411,2026-05-20,2,Sad
EMP1411,2026-05-24,4,Happy
EMP1411,2026-05-26,2,Sad
EMP1411,2026-05-28,1,Frustrated
EMP1411,2026-06-01,2,Sad
EMP1411,2026-06-03,2,Sad
EMP1411,2026-06-05,2,Sad
EMP1411,2026-06-07,3,Okay
EMP1411,2026-06-11,2,Sad
EMP1411,2026-06-15,1,Frustrated
EMP1411,2026-06-17,2,Sad
EMP1411,2026-06-19,2,Sad
EMP1411,2026-06-21,1,Frustrated
EMP1411,2026-06-23,2,Sad
EMP1411,2026-06-25,3,Okay
EMP1411,2026-06-27,2,Sad
EMP1411,2026-07-01,2,Sad
EMP1411,2026-07-03,3,Okay
EMP1411,2026-07-05,3,Okay
EMP1411,2026-07-07,1,Frustrated
EMP1411,2026-07-09,2,Sad
EMP1411,2026-07-13,2,Sad
EMP1411,2026-07-15,3,Okay
EMP1411,2026-07-17,2,Sad
EMP1411,2026-07-19,3,Okay
EMP1411,2026-07-23,2,Sad
EMP1411,2026-07-25,2,Sad
EMP1411,2026-07-27,2,Sad
EMP1411,2026-07-29,2,Sad
EMP1411,2026-07-31,3,Okay
EMP1411,2026-08-02,2,Sad
EMP1411,2026-08-04,3,Okay
EMP1411,2026-08-06,1,Frustrated
EMP1411,2026-08-08,2,Sad
EMP1411,2026-08-10,2,Sad
EMP1411,2026-08-12,2,Sad
EMP1411,2026-08-16,2,Sad
EMP1411,2026-08-18,2,Sad
EMP1411,2026-08-20,1,Frustrated
EMP1411,2026-08-22,1,Frustrated
EMP1411,2026-08-24,1,Frustrated
EMP1411,2026-08-26,2,Sad
EMP1412,2026-04-28,4,Happy
EMP1412,2026-04-30,4,Happy
EMP1412,2026-05-02,4,Happy
EMP1412,2026-05-04,3,Okay
EMP1412,2026-05-06,4,Happy
EMP1412,2026-05-08,3,Okay
EMP1412,2026-05-10,4,Happy
EMP1412,2026-05-12,3,Okay
EMP1412,2026-05-14,3,Okay
EMP1412,2026-05-16,3,Okay
EMP1412,2026-05-18,3,Okay
EMP1412,2026-05-20,3,Okay
EMP1412,2026-05-22,5,Excited
EMP1412,2026-05-24,3,Okay
EMP1412,2026-05-26,3,Okay
EMP1412,2026-05-28,3,Okay
EMP1412,2026-05-30,3,Okay
EMP1412,2026-06-01,3,Okay
EMP1412,2026-06-03,3,Okay
EMP1412,2026-06-05,4,Happy
EMP1412,2026-06-09,3,Okay
EMP1412,2026-06-11,3,Okay
EMP1412,2026-06-13,3,Okay
EMP1412,2026-06-15,3,Okay
EMP1412,2026-06-17,3,Okay
EMP1412,2026-06-19,4,Happy
EMP1412,2026-06-21,4,Happy
EMP1412,2026-06-23,3,Okay
EMP1412,2026-06-25,5,Excited
EMP1412,2026-06-27,4,Happy
EMP1412,2026-06-29,4,Happy
EMP1412,2026-07-01,5,Excited
EMP1412,2026-07-03,3,Okay
EMP1412,2026-07-05,4,Happy
EMP1412,2026-07-07,4,Happy
EMP1412,2026-07-09,4,Happy
EMP1412,2026-07-11,3,Okay
EMP1412,2026-07-13,3,Okay
EMP1412,2026-07-15,4,Happy
EMP1412,2026-07-17,4,Happy
EMP1412,2026-07-19,5,Excited
EMP1412,2026-07-21,3,Okay
EMP1412,2026-07-23,4,Happy
EMP1412,2026-07-29,3,Okay
EMP1412,2026-07-31,4,Happy
EMP1412,2026-08-02,5,Excited
EMP1412,2026-08-08,3,Okay
EMP1412,2026-08-12,3,Okay
EMP1412,2026-08-14,5,Excited
EMP1412,2026-08-18,4,Happy
EMP1412,2026-08-20,3,Okay
EMP1412,2026-08-22,3,Okay
EMP1412,2026-08-24,4,Happy
EMP1412,2026-08-26,2,Sad
EMP1413,2026-04-28,3,Okay
EMP1413,2026-04-30,3,Okay
EMP1413,2026-05-02,5,Excited
EMP1413,2026-05-06,4,Happy
EMP1413,2026-05-08,3,Okay
EMP1413,2026-05-10,4,Happy
EMP1413,2026-05-12,3,Okay
EMP1413,2026-05-14,4,Happy
EMP1413,2026-05-16,4,Happy
EMP1413,2026-05-18,5,Excited
EMP1413,2026-05-20,3,Okay
EMP1413,2026-05-22,4,Happy
EMP1413,2026-05-24,4,Happy
EMP1413,2026-05-26,3,Okay
EMP1413,2026-05-28,4,Happy
EMP1413,2026-05-30,4,Happy
EMP1413,2026-06-01,3,Okay
EMP1413,2026-06-03,2,Sad
EMP1413,2026-06-05,4,Happy
EMP1413,2026-06-07,3,Okay
EMP1413,2026-06-11,4,Happy
EMP1413,2026-06-15,4,Happy
EMP1413,2026-06-17,4,Happy
EMP1413,2026-06-19,4,Happy
EMP1413,2026-06-21,3,Okay
EMP1413,2026-06-25,4,Happy
EMP1413,2026-06-27,3,Okay
EMP1413,2026-06-29,3,Okay
EMP1413,2026-07-01,4,Happy
EMP1413,2026-07-05,3,Okay
EMP1413,2026-07-07,4,Happy
EMP1413,2026-07-09,4,Happy
EMP1413,2026-07-11,4,Happy
EMP1413,2026-07-13,4,Happy
EMP1413,2026-07-15,3,Okay
EMP1413,2026-07-17,5,Excited
EMP1413,2026-07-19,4,Happy
EMP1413,2026-07-21,4,Happy
EMP1413,2026-07-23,3,Okay
EMP1413,2026-07-25,4,Happy
EMP1413,2026-07-27,3,Okay
EMP1413,2026-07-29,3,Okay
EMP1413,2026-07-31,4,Happy
EMP1413,2026-08-02,4,Happy
EMP1413,2026-08-04,4,Happy
EMP1413,2026-08-06,4,Happy
EMP1413,2026-08-08,5,Excited
EMP1413,2026-08-10,3,Okay
EMP1413,2026-08-12,4,Happy
EMP1413,2026-08-14,3,Okay
EMP1413,2026-08-16,4,Happy
EMP1413,2026-08-18,3,Okay
EMP1413,2026-08-20,5,Excited
EMP1413,2026-08-22,5,Excited
EMP1413,2026-08-24,3,Okay
EMP1413,2026-08-26,4,Happy
EMP1414,2026-04-28,4,Happy
EMP1414,2026-04-30,4,Happy
EMP1414,2026-05-02,4,Happy
EMP1414,2026-05-04,4,Happy
EMP1414,2026-05-06,3,Okay
EMP1414,2026-05-08,3,Okay
EMP1414,2026-05-10,4,Happy
EMP1414,2026-05-16,4,Happy
EMP1414,2026-05-18,4,Happy
EMP1414,2026-05-20,3,Okay
EMP1414,2026-05-22,5,Excited
EMP1414,2026-05-28,5,Excited
EMP1414,2026-05-30,3,Okay
EMP1414,2026-06-01,4,Happy
EMP1414,2026-06-03,4,Happy
EMP1414,2026-06-05,3,Okay
EMP1414,2026-06-07,5,Excited
EMP1414,2026-06-09,5,Excited
EMP1414,2026-06-11,3,Okay
EMP1414,2026-06-13,4,Happy
EMP1414,2026-06-15,4,Happy
EMP1414,2026-06-17,4,Happy
EMP1414,2026-06-19,5,Excited
EMP1414,2026-06-23,3,Okay
EMP1414,2026-06-25,4,Happy
EMP1414,2026-06-27,4,Happy
EMP1414,2026-07-03,3,Okay
EMP1414,2026-07-05,4,Happy
EMP1414,2026-07-07,3,Okay
EMP1414,2026-07-09,4,Happy
EMP1414,2026-07-11,4,Happy
EMP1414,2026-07-13,3,Okay
EMP1414,2026-07-15,3,Okay
EMP1414,2026-07-17,3,Okay
EMP1414,2026-07-19,4,Happy
EMP1414,2026-07-21,5,Excited
EMP1414,2026-07-23,4,Happy
EMP1414,2026-07-25,3,Okay
EMP1414,2026-07-27,5,Excited
EMP1414,2026-07-29,3,Okay
EMP1414,2026-07-31,3,Okay
EMP1414,2026-08-02,5,Excited
EMP1414,2026-08-04,4,Happy
EMP1414,2026-08-06,4,Happy
EMP1414,2026-08-08,4,Happy
EMP1414,2026-08-10,4,Happy
EMP1414,2026-08-12,4,Happy
EMP1414,2026-08-14,4,Happy
EMP1414,2026-08-16,5,Excited
EMP1414,2026-08-18,3,Okay
EMP1414,2026-08-20,2,Sad
EMP1414,2026-08-22,3,Okay
EMP1414,2026-08-24,3,Okay
EMP1414,2026-08-26,4,Happy
EMP1415,2026-04-28,2,Sad
EMP1415,2026-04-30,3,Okay
EMP1415,2026-05-02,3,Okay
EMP1415,2026-05-04,2,Sad
EMP1415,2026-05-06,2,Sad
EMP1415,2026-05-08,3,Okay
EMP1415,2026-05-10,2,Sad
EMP1415,2026-05-12,3,Okay
EMP1415,2026-05-14,3,Okay
EMP1415,2026-05-16,2,Sad
EMP1415,2026-05-18,3,Okay
EMP1415,2026-05-20,2,Sad
EMP1415,2026-05-22,3,Okay
EMP1415,2026-05-24,3,Okay
EMP1415,2026-05-26,2,Sad
EMP1415,2026-05-28,2,Sad
EMP1415,2026-05-30,3,Okay
EMP1415,2026-06-01,2,Sad
EMP1415,2026-06-03,4,Happy
EMP1415,2026-06-09,2,Sad
EMP1415,2026-06-11,2,Sad
EMP1415,2026-06-13,3,Okay
EMP1415,2026-06-15,2,Sad
EMP1415,2026-06-17,3,Okay
EMP1415,2026-06-19,2,Sad
EMP1415,2026-06-21,2,Sad
EMP1415,2026-06-27,2,Sad
EMP1415,2026-07-01,2,Sad
EMP1415,2026-07-03,1,Frustrated
EMP1415,2026-07-05,3,Okay
EMP1415,2026-07-07,4,Happy
EMP1415,2026-07-11,2,Sad
EMP1415,2026-07-13,2,Sad
EMP1415,2026-07-15,3,Okay
EMP1415,2026-07-19,2,Sad
EMP1415,2026-07-23,3,Okay
EMP1415,2026-07-25,3,Okay
EMP1415,2026-07-27,3,Okay
EMP1415,2026-07-29,3,Okay
EMP1415,2026-07-31,2,Sad
EMP1415,2026-08-02,3,Okay
EMP1415,2026-08-04,3,Okay
EMP1415,2026-08-06,2,Sad
EMP1415,2026-08-10,3,Okay
EMP1415,2026-08-12,3,Okay
EMP1415,2026-08-14,1,Frustrated
EMP1415,2026-08-16,2,Sad
EMP1415,2026-08-20,3,Okay
EMP1415,2026-08-22,3,Okay
EMP1415,2026-08-26,3,Okay
EMP1416,2026-04-28,3,Okay
EMP1416,2026-04-30,3,Okay
EMP1416,2026-05-02,2,Sad
EMP1416,2026-05-04,2,Sad
EMP1416,2026-05-06,2,Sad
EMP1416,2026-05-08,2,Sad
EMP1416,2026-05-10,3,Okay
EMP1416,2026-05-12,1,Frustrated
EMP1416,2026-05-14,2,Sad
EMP1416,2026-05-16,3,Okay
EMP1416,2026-05-18,1,Frustrated
EMP1416,2026-05-20,2,Sad
EMP1416,2026-05-22,3,Okay
EMP1416,2026-05-24,1,Frustrated
EMP1416,2026-05-28,3,Okay
EMP1416,2026-05-30,1,Frustrated
EMP1416,2026-06-01,1,Frustrated
EMP1416,2026-06-03,3,Okay
EMP1416,2026-06-05,2,Sad
EMP1416,2026-06-07,2,Sad
EMP1416,2026-06-09,2,Sad
EMP1416,2026-06-11,3,Okay
EMP1416,2026-06-13,2,Sad
EMP1416,2026-06-15,3,Okay
EMP1416,2026-06-17,2,Sad
EMP1416,2026-06-19,2,Sad
EMP1416,2026-06-21,3,Okay
EMP1416,2026-06-25,2,Sad
EMP1416,2026-06-27,4,Happy
EMP1416,2026-06-29,1,Frustrated
EMP1416,2026-07-01,1,Frustrated
EMP1416,2026-07-03,1,Frustrated
EMP1416,2026-07-05,1,Frustrated
EMP1416,2026-07-07,2,Sad
EMP1416,2026-07-09,2,Sad
EMP1416,2026-07-11,3,Okay
EMP1416,2026-07-13,1,Frustrated
EMP1416,2026-07-19,1,Frustrated
EMP1416,2026-07-21,1,Frustrated
EMP1416,2026-07-27,2,Sad
EMP1416,2026-07-29,1,Frustrated
EMP1416,2026-07-31,2,Sad
EMP1416,2026-08-02,2,Sad
EMP1416,2026-08-04,1,Frustrated
EMP1416,2026-08-06,1,Frustrated
EMP1416,2026-08-08,1,Frustrated
EMP1416,2026-08-10,1,Frustrated
EMP1416,2026-08-12,2,Sad
EMP1416,2026-08-14,2,Sad
EMP1416,2026-08-16,2,Sad
EMP1416,2026-08-18,3,Okay
EMP1416,2026-08-20,2,Sad
EMP1416,2026-08-22,1,Frustrated
EMP1416,2026-08-24,2,Sad
EMP1416,2026-08-26,1,Frustrated
EMP1417,2026-04-28,5,Excited
EMP1417,2026-04-30,4,Happy
EMP1417,2026-05-02,5,Excited
EMP1417,2026-05-04,3,Okay
EMP1417,2026-05-06,4,Happy
EMP1417,2026-05-10,5,Excited
EMP1417,2026-05-12,5,Excited
EMP1417,2026-05-14,4,Happy
EMP1417,2026-05-16,4,Happy
EMP1417,2026-05-18,5,Excited
EMP1417,2026-05-20,5,Excited
EMP1417,2026-05-22,4,Happy
EMP1417,2026-05-24,5,Excited
EMP1417,2026-05-26,4,Happy
EMP1417,2026-05-28,5,Excited
EMP1417,2026-05-30,5,Excited
EMP1417,2026-06-01,5,Excited
EMP1417,2026-06-05,4,Happy
EMP1417,2026-06-07,5,Excited
EMP1417,2026-06-09,5,Excited
EMP1417,2026-06-11,5,Excited
EMP1417,2026-06-13,5,Excited
EMP1417,2026-06-17,5,Excited
EMP1417,2026-06-19,5,Excited
EMP1417,2026-06-21,4,Happy
EMP1417,2026-06-23,5,Excited
EMP1417,2026-06-25,5,Excited
EMP1417,2026-06-27,4,Happy
EMP1417,2026-06-29,5,Excited
EMP1417,2026-07-01,5,Excited
EMP1417,2026-07-03,4,Happy
EMP1417,2026-07-07,4,Happy
EMP1417,2026-07-09,5,Excited
EMP1417,2026-07-11,5,Excited
EMP1417,2026-07-13,5,Excited
EMP1417,2026-07-15,5,Excited
EMP1417,2026-07-17,4,Happy
EMP1417,2026-07-19,5,Excited
EMP1417,2026-07-21,5,Excited
EMP1417,2026-07-23,5,Excited
EMP1417,2026-07-25,5,Excited
EMP1417,2026-07-27,5,Excited
EMP1417,2026-07-29,5,Excited
EMP1417,2026-07-31,5,Excited
EMP1417,2026-08-02,4,Happy
EMP1417,2026-08-04,4,Happy
EMP1417,2026-08-06,5,Excited
EMP1417,2026-08-08,5,Excited
EMP1417,2026-08-10,4,Happy
EMP1417,2026-08-14,5,Excited
EMP1417,2026-08-16,5,Excited
EMP1417,2026-08-18,4,Happy
EMP1417,2026-08-20,5,Excited
EMP1417,2026-08-22,5,Excited
EMP1417,2026-08-24,5,Excited
EMP1418,2026-04-28,3,Okay
EMP1418,2026-04-30,3,Okay
EMP1418,2026-05-02,3,Okay
EMP1418,2026-05-04,4,Happy
EMP1418,2026-05-06,5,Excited
EMP1418,2026-05-08,5,Excited
EMP1418,2026-05-10,3,Okay
EMP1418,2026-05-12,3,Okay
EMP1418,2026-05-14,4,Happy
EMP1418,2026-05-18,3,Okay
EMP1418,2026-05-20,2,Sad
EMP1418,2026-05-22,4,Happy
EMP1418,2026-05-24,3,Okay
EMP1418,2026-05-26,4,Happy
EMP1418,2026-05-28,3,Okay
EMP1418,2026-05-30,4,Happy
EMP1418,2026-06-01,3,Okay
EMP1418,2026-06-03,3,Okay
EMP1418,2026-06-05,3,Okay
EMP1418,2026-06-07,3,Okay
EMP1418,2026-06-09,3,Okay
EMP1418,2026-06-11,3,Okay
EMP1418,2026-06-13,3,Okay
EMP1418,2026-06-15,3,Okay
EMP1418,2026-06-19,3,Okay
EMP1418,2026-06-21,5,Excited
EMP1418,2026-06-25,3,Okay
EMP1418,2026-06-27,3,Okay
EMP1418,2026-06-29,4,Happy
EMP1418,2026-07-01,4,Happy
EMP1418,2026-07-03,4,Happy
EMP1418,2026-07-05,4,Happy
EMP1418,2026-07-07,2,Sad
EMP1418,2026-07-09,3,Okay
EMP1418,2026-07-11,4,Happy
EMP1418,2026-07-13,5,Excited
EMP1418,2026-07-15,4,Happy
EMP1418,2026-07-17,4,Happy
EMP1418,2026-07-19,4,Happy
EMP1418,2026-07-21,4,Happy
EMP1418,2026-07-23,4,Happy
EMP1418,2026-07-25,3,Okay
EMP1418,2026-07-27,3,Okay
EMP1418,2026-07-29,3,Okay
EMP1418,2026-07-31,4,Happy
EMP1418,2026-08-02,4,Happy
EMP1418,2026-08-04,4,Happy
EMP1418,2026-08-06,3,Okay
EMP1418,2026-08-08,4,Happy
EMP1418,2026-08-12,4,Happy
EMP1418,2026-08-14,4,Happy
EMP1418,2026-08-16,3,Okay
EMP1418,2026-08-18,4,Happy
EMP1418,2026-08-20,3,Okay
EMP1418,2026-08-22,4,Happy
EMP1418,2026-08-24,3,Okay
EMP1418,2026-08-26,4,Happy
EMP1419,2026-04-28,2,Sad
EMP1419,2026-04-30,1,Frustrated
EMP1419,2026-05-02,2,Sad
EMP1419,2026-05-04,1,Frustrated
EMP1419,2026-05-06,2,Sad
EMP1419,2026-05-08,2,Sad
EMP1419,2026-05-10,3,Okay
EMP1419,2026-05-12,1,Frustrated
EMP1419,2026-05-14,2,Sad
EMP1419,2026-05-16,2,Sad
EMP1419,2026-05-18,2,Sad
EMP1419,2026-05-20,2,Sad
EMP1419,2026-05-24,3,Okay
EMP1419,2026-05-26,2,Sad
EMP1419,2026-05-30,2,Sad
EMP1419,2026-06-01,2,Sad
EMP1419,2026-06-03,1,Frustrated
EMP1419,2026-06-05,2,Sad
EMP1419,2026-06-07,2,Sad
EMP1419,2026-06-13,3,Okay
EMP1419,2026-06-15,1,Frustrated
EMP1419,2026-06-17,2,Sad
EMP1419,2026-06-19,3,Okay
EMP1419,2026-06-21,1,Frustrated
EMP1419,2026-06-23,1,Frustrated
EMP1419,2026-06-25,2,Sad
EMP1419,2026-06-27,2,Sad
EMP1419,2026-06-29,1,Frustrated
EMP1419,2026-07-01,2,Sad
EMP1419,2026-07-03,2,Sad
EMP1419,2026-07-05,1,Frustrated
EMP1419,2026-07-07,2,Sad
EMP1419,2026-07-09,1,Frustrated
EMP1419,2026-07-11,2,Sad
EMP1419,2026-07-13,1,Frustrated
EMP1419,2026-07-15,2,Sad
EMP1419,2026-07-17,2,Sad
EMP1419,2026-07-19,1,Frustrated
EMP1419,2026-07-21,1,Frustrated
EMP1419,2026-07-23,2,Sad
EMP1419,2026-07-25,2,Sad
EMP1419,2026-07-27,1,Frustrated
EMP1419,2026-07-29,2,Sad
EMP1419,2026-07-31,1,Frustrated
EMP1419,2026-08-02,1,Frustrated
EMP1419,2026-08-04,1,Frustrated
EMP1419,2026-08-06,2,Sad
EMP1419,2026-08-10,1,Frustrated
EMP1419,2026-08-12,1,Frustrated
EMP1419,2026-08-16,2,Sad
EMP1419,2026-08-18,1,Frustrated
EMP1419,2026-08-20,1,Frustrated
EMP1419,2026-08-22,1,Frustrated
EMP1419,2026-08-24,2,Sad
EMP1419,2026-08-26,1,Frustrated
EMP1420,2026-04-30,2,Sad
EMP1420,2026-05-02,2,Sad
EMP1420,2026-05-04,1,Frustrated
EMP1420,2026-05-06,2,Sad
EMP1420,2026-05-08,3,Okay
EMP1420,2026-05-10,2,Sad
EMP1420,2026-05-12,1,Frustrated
EMP1420,2026-05-14,2,Sad
EMP1420,2026-05-16,2,Sad
EMP1420,2026-05-18,2,Sad
EMP1420,2026-05-20,1,Frustrated
EMP1420,2026-05-22,2,Sad
EMP1420,2026-05-24,2,Sad
EMP1420,2026-05-26,1,Frustrated
EMP1420,2026-06-01,1,Frustrated
EMP1420,2026-06-03,1,Frustrated
EMP1420,2026-06-05,2,Sad
EMP1420,2026-06-07,3,Okay
EMP1420,2026-06-09,2,Sad
EMP1420,2026-06-11,3,Okay
EMP1420,2026-06-13,2,Sad
EMP1420,2026-06-15,2,Sad
EMP1420,2026-06-17,1,Frustrated
EMP1420,2026-06-19,2,Sad
EMP1420,2026-06-21,1,Frustrated
EMP1420,2026-06-23,1,Frustrated
EMP1420,2026-06-25,1,Frustrated
EMP1420,2026-06-29,2,Sad
EMP1420,2026-07-01,1,Frustrated
EMP1420,2026-07-03,1,Frustrated
EMP1420,2026-07-05,3,Okay
EMP1420,2026-07-07,2,Sad
EMP1420,2026-07-09,1,Frustrated
EMP1420,2026-07-11,1,Frustrated
EMP1420,2026-07-13,2,Sad
EMP1420,2026-07-15,1,Frustrated
EMP1420,2026-07-17,2,Sad
EMP1420,2026-07-19,2,Sad
EMP1420,2026-07-21,1,Frustrated
EMP1420,2026-07-23,2,Sad
EMP1420,2026-07-27,1,Frustrated
EMP1420,2026-07-29,2,Sad
EMP1420,2026-07-31,1,Frustrated
EMP1420,2026-08-02,1,Frustrated
EMP1420,2026-08-04,2,Sad
EMP1420,2026-08-06,1,Frustrated
EMP1420,2026-08-08,2,Sad
EMP1420,2026-08-10,2,Sad
EMP1420,2026-08-12,1,Frustrated
EMP1420,2026-08-14,1,Frustrated
EMP1420,2026-08-18,1,Frustrated
EMP1420,2026-08-20,1,Frustrated
EMP1420,2026-08-22,1,Frustrated
EMP1420,2026-08-24,1,Frustrated
EMP1421,2026-04-28,4,Happy
EMP1421,2026-04-30,4,Happy
EMP1421,2026-05-02,5,Excited
EMP1421,2026-05-04,4,Happy
EMP1421,2026-05-06,5,Excited
EMP1421,2026-05-08,4,Happy
EMP1421,2026-05-10,5,Excited
EMP1421,2026-05-12,4,Happy
EMP1421,2026-05-14,4,Happy
EMP1421,2026-05-16,4,Happy
EMP1421,2026-05-18,5,Excited
EMP1421,2026-05-20,3,Okay
EMP1421,2026-05-22,3,Okay
EMP1421,2026-05-24,4,Happy
EMP1421,2026-05-26,3,Okay
EMP1421,2026-05-28,5,Excited
EMP1421,2026-05-30,4,Happy
EMP1421,2026-06-01,4,Happy
EMP1421,2026-06-03,4,Happy
EMP1421,2026-06-05,4,Happy
EMP1421,2026-06-07,3,Okay
EMP1421,2026-06-09,3,Okay
EMP1421,2026-06-11,2,Sad
EMP1421,2026-06-13,3,Okay
EMP1421,2026-06-15,3,Okay
EMP1421,2026-06-17,3,Okay
EMP1421,2026-06-19,4,Happy
EMP1421,2026-06-21,3,Okay
EMP1421,2026-06-23,3,Okay
EMP1421,2026-06-25,4,Happy
EMP1421,2026-06-27,5,Excited
EMP1421,2026-06-29,3,Okay
EMP1421,2026-07-01,4,Happy
EMP1421,2026-07-03,4,Happy
EMP1421,2026-07-05,4,Happy
EMP1421,2026-07-07,4,Happy
EMP1421,2026-07-09,3,Okay
EMP1421,2026-07-11,4,Happy
EMP1421,2026-07-13,4,Happy
EMP1421,2026-07-15,4,Happy
EMP1421,2026-07-17,5,Excited
EMP1421,2026-07-19,2,Sad
EMP1421,2026-07-21,3,Okay
EMP1421,2026-07-23,3,Okay
EMP1421,2026-07-25,3,Okay
EMP1421,2026-07-27,4,Happy
EMP1421,2026-07-29,4,Happy
EMP1421,2026-07-31,5,Excited
EMP1421,2026-08-02,5,Excited
EMP1421,2026-08-04,4,Happy
EMP1421,2026-08-06,4,Happy
EMP1421,2026-08-08,4,Happy
EMP1421,2026-08-12,3,Okay
EMP1421,2026-08-14,4,Happy
EMP1421,2026-08-16,3,Okay
EMP1421,2026-08-18,4,Happy
EMP1421,2026-08-20,4,Happy
EMP1421,2026-08-22,3,Okay
EMP1421,2026-08-24,3,Okay
EMP1421,2026-08-26,4,Happy
EMP1422,2026-04-28,2,Sad
EMP1422,2026-04-30,2,Sad
EMP1422,2026-05-02,3,Okay
EMP1422,2026-05-04,3,Okay
EMP1422,2026-05-06,3,Okay
EMP1422,2026-05-08,3,Okay
EMP1422,2026-05-10,2,Sad
EMP1422,2026-05-12,2,Sad
EMP1422,2026-05-14,2,Sad
EMP1422,2026-05-16,1,Frustrated
EMP1422,2026-05-18,2,Sad
EMP1422,2026-05-20,1,Frustrated
EMP1422,2026-05-22,2,Sad
EMP1422,2026-05-24,2,Sad
EMP1422,2026-05-28,2,Sad
EMP1422,2026-06-01,3,Okay
EMP1422,2026-06-03,2,Sad
EMP1422,2026-06-05,3,Okay
EMP1422,2026-06-07,2,Sad
EMP1422,2026-06-09,2,Sad
EMP1422,2026-06-11,2,Sad
EMP1422,2026-06-13,2,Sad
EMP1422,2026-06-15,2,Sad
EMP1422,2026-06-17,2,Sad
EMP1422,2026-06-19,2,Sad
EMP1422,2026-06-21,3,Okay
EMP1422,2026-06-23,1,Frustrated
EMP1422,2026-06-25,2,Sad
EMP1422,2026-06-27,2,Sad
EMP1422,2026-06-29,1,Frustrated
EMP1422,2026-07-01,1,Frustrated
EMP1422,2026-07-03,2,Sad
EMP1422,2026-07-05,3,Okay
EMP1422,2026-07-07,2,Sad
EMP1422,2026-07-09,2,Sad
EMP1422,2026-07-11,2,Sad
EMP1422,2026-07-13,2,Sad
EMP1422,2026-07-15,2,Sad
EMP1422,2026-07-17,2,Sad
EMP1422,2026-07-19,3,Okay
EMP1422,2026-07-21,2,Sad
EMP1422,2026-07-25,2,Sad
EMP1422,2026-07-27,2,Sad
EMP1422,2026-07-29,1,Frustrated
EMP1422,2026-07-31,2,Sad
EMP1422,2026-08-02,1,Frustrated
EMP1422,2026-08-04,2,Sad
EMP1422,2026-08-06,1,Frustrated
EMP1422,2026-08-08,1,Frustrated
EMP1422,2026-08-10,2,Sad
EMP1422,2026-08-12,1,Frustrated
EMP1422,2026-08-14,1,Frustrated
EMP1422,2026-08-16,1,Frustrated
EMP1422,2026-08-18,2,Sad
EMP1422,2026-08-20,2,Sad
EMP1422,2026-08-24,2,Sad
EMP1422,2026-08-26,1,Frustrated
EMP1423,2026-04-28,3,Okay
EMP1423,2026-04-30,3,Okay
EMP1423,2026-05-02,3,Okay
EMP1423,2026-05-04,2,Sad
EMP1423,2026-05-08,3,Okay
EMP1423,2026-05-10,4,Happy
EMP1423,2026-05-12,1,Frustrated
EMP1423,2026-05-14,3,Okay
EMP1423,2026-05-18,1,Frustrated
EMP1423,2026-05-22,3,Okay
EMP1423,2026-05-24,4,Happy
EMP1423,2026-05-26,2,Sad
EMP1423,2026-05-28,2,Sad
EMP1423,2026-05-30,1,Frustrated
EMP1423,2026-06-01,2,Sad
EMP1423,2026-06-03,1,Frustrated
EMP1423,2026-06-05,2,Sad
EMP1423,2026-06-09,3,Okay
EMP1423,2026-06-11,3,Okay
EMP1423,2026-06-13,2,Sad
EMP1423,2026-06-17,2,Sad
EMP1423,2026-06-19,1,Frustrated
EMP1423,2026-06-21,3,Okay
EMP1423,2026-06-23,2,Sad
EMP1423,2026-06-25,2,Sad
EMP1423,2026-06-27,2,Sad
EMP1423,2026-06-29,3,Okay
EMP1423,2026-07-01,1,Frustrated
EMP1423,2026-07-07,3,Okay
EMP1423,2026-07-09,3,Okay
EMP1423,2026-07-11,1,Frustrated
EMP1423,2026-07-13,3,Okay
EMP1423,2026-07-15,2,Sad
EMP1423,2026-07-17,1,Frustrated
EMP1423,2026-07-21,2,Sad
EMP1423,2026-07-23,1,Frustrated
EMP1423,2026-07-25,1,Frustrated
EMP1423,2026-07-27,2,Sad
EMP1423,2026-07-29,2,Sad
EMP1423,2026-07-31,3,Okay
EMP1423,2026-08-04,2,Sad
EMP1423,2026-08-06,3,Okay
EMP1423,2026-08-08,3,Okay
EMP1423,2026-08-10,2,Sad
EMP1423,2026-08-12,3,Okay
EMP1423,2026-08-14,3,Okay
EMP1423,2026-08-16,2,Sad
EMP1423,2026-08-18,3,Okay
EMP1423,2026-08-20,2,Sad
EMP1423,2026-08-22,2,Sad
EMP1423,2026-08-24,2,Sad
EMP1423,2026-08-26,2,Sad
EMP1424,2026-04-28,4,Happy
EMP1424,2026-04-30,3,Okay
EMP1424,2026-05-02,3,Okay
EMP1424,2026-05-06,3,Okay
EMP1424,2026-05-08,4,Happy
EMP1424,2026-05-10,2,Sad
EMP1424,2026-05-12,4,Happy
EMP1424,2026-05-14,2,Sad
EMP1424,2026-05-16,2,Sad
EMP1424,2026-05-18,3,Okay
EMP1424,2026-05-20,2,Sad
EMP1424,2026-05-24,3,Okay
EMP1424,2026-05-26,4,Happy
EMP1424,2026-05-30,1,Frustrated
EMP1424,2026-06-01,1,Frustrated
EMP1424,2026-06-03,3,Okay
EMP1424,2026-06-05,2,Sad
EMP1424,2026-06-09,4,Happy
EMP1424,2026-06-11,2,Sad
EMP1424,2026-06-13,1,Frustrated
EMP1424,2026-06-15,3,Okay
EMP1424,2026-06-17,4,Happy
EMP1424,2026-06-19,4,Happy
EMP1424,2026-06-21,2,Sad
EMP1424,2026-06-23,3,Okay
EMP1424,2026-06-25,3,Okay
EMP1424,2026-06-27,3,Okay
EMP1424,2026-06-29,2,Sad
EMP1424,2026-07-01,2,Sad
EMP1424,2026-07-03,4,Happy
EMP1424,2026-07-05,4,Happy
EMP1424,2026-07-07,2,Sad
EMP1424,2026-07-09,2,Sad
EMP1424,2026-07-13,2,Sad
EMP1424,2026-07-15,1,Frustrated
EMP1424,2026-07-17,2,Sad
EMP1424,2026-07-19,2,Sad
EMP1424,2026-07-21,3,Okay
EMP1424,2026-07-23,2,Sad
EMP1424,2026-07-25,2,Sad
EMP1424,2026-07-27,2,Sad
EMP1424,2026-07-29,1,Frustrated
EMP1424,2026-07-31,3,Okay
EMP1424,2026-08-02,2,Sad
EMP1424,2026-08-04,3,Okay
EMP1424,2026-08-06,2,Sad
EMP1424,2026-08-08,2,Sad
EMP1424,2026-08-10,2,Sad
EMP1424,2026-08-12,4,Happy
EMP1424,2026-08-14,3,Okay
EMP1424,2026-08-16,3,Okay
EMP1424,2026-08-20,3,Okay
EMP1424,2026-08-22,2,Sad
EMP1424,2026-08-24,2,Sad
EMP1425,2026-04-28,2,Sad
EMP1425,2026-04-30,3,Okay
EMP1425,2026-05-02,3,Okay
EMP1425,2026-05-04,3,Okay
EMP1425,2026-05-06,2,Sad
EMP1425,2026-05-08,2,Sad
EMP1425,2026-05-10,2,Sad
EMP1425,2026-05-12,3,Okay
EMP1425,2026-05-14,2,Sad
EMP1425,2026-05-18,3,Okay
EMP1425,2026-05-20,2,Sad
EMP1425,2026-05-22,2,Sad
EMP1425,2026-05-24,2,Sad
EMP1425,2026-05-26,2,Sad
EMP1425,2026-06-01,1,Frustrated
EMP1425,2026-06-03,2,Sad
EMP1425,2026-06-05,2,Sad
EMP1425,2026-06-09,3,Okay
EMP1425,2026-06-11,3,Okay
EMP1425,2026-06-13,2,Sad
EMP1425,2026-06-15,2,Sad
EMP1425,2026-06-17,2,Sad
EMP1425,2026-06-19,1,Frustrated
EMP1425,2026-06-23,2,Sad
EMP1425,2026-06-25,1,Frustrated
EMP1425,2026-06-27,2,Sad
EMP1425,2026-06-29,2,Sad
EMP1425,2026-07-01,2,Sad
EMP1425,2026-07-03,2,Sad
EMP1425,2026-07-05,2,Sad
EMP1425,2026-07-07,2,Sad
EMP1425,2026-07-09,2,Sad
EMP1425,2026-07-11,2,Sad
EMP1425,2026-07-13,2,Sad
EMP1425,2026-07-15,2,Sad
EMP1425,2026-07-17,2,Sad
EMP1425,2026-07-19,2,Sad
EMP1425,2026-07-21,1,Frustrated
EMP1425,2026-07-23,2,Sad
EMP1425,2026-07-25,2,Sad
EMP1425,2026-07-27,2,Sad
EMP1425,2026-07-29,2,Sad
EMP1425,2026-07-31,2,Sad
EMP1425,2026-08-02,2,Sad
EMP1425,2026-08-06,1,Frustrated
EMP1425,2026-08-10,1,Frustrated
EMP1425,2026-08-12,1,Frustrated
EMP1425,2026-08-16,1,Frustrated
EMP1425,2026-08-20,2,Sad
EMP1425,2026-08-22,2,Sad
EMP1425,2026-08-24,2,Sad
EMP1425,2026-08-26,2,Sad
EMP1426,2026-04-28,5,Excited
EMP1426,2026-04-30,5,Excited
EMP1426,2026-05-02,3,Okay
EMP1426,2026-05-04,3,Okay
EMP1426,2026-05-06,3,Okay
EMP1426,2026-05-08,3,Okay
EMP1426,2026-05-10,4,Happy
EMP1426,2026-05-12,4,Happy
EMP1426,2026-05-14,4,Happy
EMP1426,2026-05-18,3,Okay
EMP1426,2026-05-22,4,Happy
EMP1426,2026-05-24,2,Sad
EMP1426,2026-05-26,4,Happy
EMP1426,2026-05-28,4,Happy
EMP1426,2026-05-30,3,Okay
EMP1426,2026-06-01,5,Excited
EMP1426,2026-06-05,4,Happy
EMP1426,2026-06-07,2,Sad
EMP1426,2026-06-11,4,Happy
EMP1426,2026-06-13,4,Happy
EMP1426,2026-06-15,2,Sad
EMP1426,2026-06-17,3,Okay
EMP1426,2026-06-19,3,Okay
EMP1426,2026-06-21,3,Okay
EMP1426,2026-06-23,4,Happy
EMP1426,2026-06-25,3,Okay
EMP1426,2026-06-27,4,Happy
EMP1426,2026-06-29,4,Happy
EMP1426,2026-07-01,5,Excited
EMP1426,2026-07-03,4,Happy
EMP1426,2026-07-05,5,Excited
EMP1426,2026-07-07,3,Okay
EMP1426,2026-07-09,3,Okay
EMP1426,2026-07-11,4,Happy
EMP1426,2026-07-13,4,Happy
EMP1426,2026-07-15,3,Okay
EMP1426,2026-07-17,4,Happy
EMP1426,2026-07-19,4,Happy
EMP1426,2026-07-23,4,Happy
EMP1426,2026-07-25,4,Happy
EMP1426,2026-07-27,3,Okay
EMP1426,2026-07-29,4,Happy
EMP1426,2026-07-31,4,Happy
EMP1426,2026-08-02,3,Okay
EMP1426,2026-08-04,2,Sad
EMP1426,2026-08-06,4,Happy
EMP1426,2026-08-08,3,Okay
EMP1426,2026-08-10,4,Happy
EMP1426,2026-08-12,3,Okay
EMP1426,2026-08-14,4,Happy
EMP1426,2026-08-16,3,Okay
EMP1426,2026-08-18,3,Okay
EMP1426,2026-08-22,4,Happy
EMP1426,2026-08-24,2,Sad
EMP1426,2026-08-26,4,Happy
EMP1427,2026-04-28,4,Happy
EMP1427,2026-04-30,4,Happy
EMP1427,2026-05-02,2,Sad
EMP1427,2026-05-04,4,Happy
EMP1427,2026-05-06,4,Happy
EMP1427,2026-05-10,3,Okay
EMP1427,2026-05-12,3,Okay
EMP1427,2026-05-14,4,Happy
EMP1427,2026-05-16,2,Sad
EMP1427,2026-05-22,2,Sad
EMP1427,2026-05-24,3,Okay
EMP1427,2026-05-26,4,Happy
EMP1427,2026-05-28,4,Happy
EMP1427,2026-05-30,5,Excited
EMP1427,2026-06-05,4,Happy
EMP1427,2026-06-07,4,Happy
EMP1427,2026-06-09,4,Happy
EMP1427,2026-06-11,3,Okay
EMP1427,2026-06-13,5,Excited
EMP1427,2026-06-15,5,Excited
EMP1427,2026-06-17,4,Happy
EMP1427,2026-06-19,3,Okay
EMP1427,2026-06-21,3,Okay
EMP1427,2026-06-23,3,Okay
EMP1427,2026-06-25,4,Happy
EMP1427,2026-06-29,4,Happy
EMP1427,2026-07-01,3,Okay
EMP1427,2026-07-03,4,Happy
EMP1427,2026-07-05,4,Happy
EMP1427,2026-07-07,5,Excited
EMP1427,2026-07-09,4,Happy
EMP1427,2026-07-11,3,Okay
EMP1427,2026-07-13,4,Happy
EMP1427,2026-07-17,4,Happy
EMP1427,2026-07-19,4,Happy
EMP1427,2026-07-21,3,Okay
EMP1427,2026-07-23,4,Happy
EMP1427,2026-07-25,3,Okay
EMP1427,2026-07-27,4,Happy
EMP1427,2026-07-29,3,Okay
EMP1427,2026-07-31,3,Okay
EMP1427,2026-08-02,4,Happy
EMP1427,2026-08-04,4,Happy
EMP1427,2026-08-08,3,Okay
EMP1427,2026-08-10,3,Okay
EMP1427,2026-08-12,4,Happy
EMP1427,2026-08-14,5,Excited
EMP1427,2026-08-16,4,Happy
EMP1427,2026-08-18,4,Happy
EMP1427,2026-08-20,4,Happy
EMP1427,2026-08-22,3,Okay
EMP1427,2026-08-24,4,Happy
EMP1427,2026-08-26,3,Okay
EMP1428,2026-04-28,5,Excited
EMP1428,2026-04-30,4,Happy
EMP1428,2026-05-02,4,Happy
EMP1428,2026-05-04,4,Happy
EMP1428,2026-05-08,4,Happy
EMP1428,2026-05-10,5,Excited
EMP1428,2026-05-12,5,Excited
EMP1428,2026-05-14,4,Happy
EMP1428,2026-05-16,5,Excited
EMP1428,2026-05-18,4,Happy
EMP1428,2026-05-20,5,Excited
EMP1428,2026-05-22,5,Excited
EMP1428,2026-05-24,4,Happy
EMP1428,2026-05-26,5,Excited
EMP1428,2026-05-28,5,Excited
EMP1428,2026-06-01,4,Happy
EMP1428,2026-06-03,5,Excited
EMP1428,2026-06-05,4,Happy
EMP1428,2026-06-07,5,Excited
EMP1428,2026-06-09,5,Excited
EMP1428,2026-06-11,5,Excited
EMP1428,2026-06-13,5,Excited
EMP1428,2026-06-15,5,Excited
EMP1428,2026-06-17,4,Happy
EMP1428,2026-06-19,5,Excited
EMP1428,2026-06-21,4,Happy
EMP1428,2026-06-23,4,Happy
EMP1428,2026-06-25,5,Excited
EMP1428,2026-06-27,5,Excited
EMP1428,2026-06-29,4,Happy
EMP1428,2026-07-01,5,Excited
EMP1428,2026-07-03,5,Excited
EMP1428,2026-07-05,4,Happy
EMP1428,2026-07-07,5,Excited
EMP1428,2026-07-09,5,Excited
EMP1428,2026-07-11,4,Happy
EMP1428,2026-07-13,5,Excited
EMP1428,2026-07-15,4,Happy
EMP1428,2026-07-17,4,Happy
EMP1428,2026-07-19,5,Excited
EMP1428,2026-07-21,4,Happy
EMP1428,2026-07-23,4,Happy
EMP1428,2026-07-25,5,Excited
EMP1428,2026-07-27,4,Happy
EMP1428,2026-08-02,5,Excited
EMP1428,2026-08-04,5,Excited
EMP1428,2026-08-06,5,Excited
EMP1428,2026-08-12,5,Excited
EMP1428,2026-08-16,5,Excited
EMP1428,2026-08-20,4,Happy
EMP1428,2026-08-22,5,Excited
EMP1428,2026-08-24,5,Excited
EMP1428,2026-08-26,5,Excited
EMP1429,2026-04-28,1,Frustrated
EMP1429,2026-04-30,3,Okay
EMP1429,2026-05-02,3,Okay
EMP1429,2026-05-04,3,Okay
EMP1429,2026-05-06,3,Okay
EMP1429,2026-05-08,1,Frustrated
EMP1429,2026-05-10,3,Okay
EMP1429,2026-05-12,2,Sad
EMP1429,2026-05-14,2,Sad
EMP1429,2026-05-18,2,Sad
EMP1429,2026-05-20,3,Okay
EMP1429,2026-05-22,3,Okay
EMP1429,2026-05-24,2,Sad
EMP1429,2026-05-26,3,Okay
EMP1429,2026-05-28,2,Sad
EMP1429,2026-06-01,2,Sad
EMP1429,2026-06-05,2,Sad
EMP1429,2026-06-07,2,Sad
EMP1429,2026-06-09,1,Frustrated
EMP1429,2026-06-11,2,Sad
EMP1429,2026-06-13,1,Frustrated
EMP1429,2026-06-15,1,Frustrated
EMP1429,2026-06-17,2,Sad
EMP1429,2026-06-19,1,Frustrated
EMP1429,2026-06-21,3,Okay
EMP1429,2026-06-23,1,Frustrated
EMP1429,2026-06-25,3,Okay
EMP1429,2026-06-27,3,Okay
EMP1429,2026-06-29,2,Sad
EMP1429,2026-07-01,2,Sad
EMP1429,2026-07-03,2,Sad
EMP1429,2026-07-05,3,Okay
EMP1429,2026-07-11,2,Sad
EMP1429,2026-07-13,2,Sad
EMP1429,2026-07-15,2,Sad
EMP1429,2026-07-19,2,Sad
EMP1429,2026-07-21,2,Sad
EMP1429,2026-07-23,2,Sad
EMP1429,2026-07-25,2,Sad
EMP1429,2026-07-27,2,Sad
EMP1429,2026-07-29,2,Sad
EMP1429,2026-07-31,2,Sad
EMP1429,2026-08-02,3,Okay
EMP1429,2026-08-04,3,Okay
EMP1429,2026-08-06,2,Sad
EMP1429,2026-08-08,2,Sad
EMP1429,2026-08-10,1,Frustrated
EMP1429,2026-08-12,1,Frustrated
EMP1429,2026-08-14,2,Sad
EMP1429,2026-08-16,1,Frustrated
EMP1429,2026-08-18,3,Okay
EMP1429,2026-08-20,2,Sad
EMP1429,2026-08-22,3,Okay
EMP1429,2026-08-24,2,Sad
EMP1429,2026-08-26,1,Frustrated
EMP1430,2026-04-30,2,Sad
EMP1430,2026-05-02,3,Okay
EMP1430,2026-05-04,2,Sad
EMP1430,2026-05-06,2,Sad
EMP1430,2026-05-08,4,Happy
EMP1430,2026-05-10,1,Frustrated
EMP1430,2026-05-12,2,Sad
EMP1430,2026-05-14,3,Okay
EMP1430,2026-05-16,4,Happy
EMP1430,2026-05-18,1,Frustrated
EMP1430,2026-05-20,1,Frustrated
EMP1430,2026-05-22,2,Sad
EMP1430,2026-05-24,3,Okay
EMP1430,2026-05-26,2,Sad
EMP1430,2026-05-28,2,Sad
EMP1430,2026-05-30,1,Frustrated
EMP1430,2026-06-01,3,Okay
EMP1430,2026-06-03,2,Sad
EMP1430,2026-06-05,2,Sad
EMP1430,2026-06-07,2,Sad
EMP1430,2026-06-09,4,Happy
EMP1430,2026-06-11,3,Okay
EMP1430,2026-06-13,4,Happy
EMP1430,2026-06-15,2,Sad
EMP1430,2026-06-17,3,Okay
EMP1430,2026-06-19,1,Frustrated
EMP1430,2026-06-21,2,Sad
EMP1430,2026-06-23,2,Sad
EMP1430,2026-06-25,2,Sad
EMP1430,2026-06-27,2,Sad
EMP1430,2026-06-29,2,Sad
EMP1430,2026-07-01,2,Sad
EMP1430,2026-07-03,2,Sad
EMP1430,2026-07-05,2,Sad
EMP1430,2026-07-07,3,Okay
EMP1430,2026-07-11,2,Sad
EMP1430,2026-07-13,2,Sad
EMP1430,2026-07-15,3,Okay
EMP1430,2026-07-17,4,Happy
EMP1430,2026-07-19,3,Okay
EMP1430,2026-07-21,3,Okay
EMP1430,2026-07-23,2,Sad
EMP1430,2026-07-25,3,Okay
EMP1430,2026-07-27,2,Sad
EMP1430,2026-07-31,3,Okay
EMP1430,2026-08-02,4,Happy
EMP1430,2026-08-04,3,Okay
EMP1430,2026-08-06,2,Sad
EMP1430,2026-08-08,3,Okay
EMP1430,2026-08-10,4,Happy
EMP1430,2026-08-12,2,Sad
EMP1430,2026-08-14,3,Okay
EMP1430,2026-08-16,3,Okay
EMP1430,2026-08-18,1,Frustrated
EMP1430,2026-08-20,2,Sad
EMP1430,2026-08-22,3,Okay
EMP1430,2026-08-24,3,Okay
EMP1430,2026-08-26,2,Sad
EMP1431,2026-04-28,3,Okay
EMP1431,2026-05-02,4,Happy
EMP1431,2026-05-04,4,Happy
EMP1431,2026-05-06,5,Excited
EMP1431,2026-05-10,4,Happy
EMP1431,2026-05-12,4,Happy
EMP1431,2026-05-14,5,Excited
EMP1431,2026-05-16,4,Happy
EMP1431,2026-05-18,5,Excited
EMP1431,2026-05-20,3,Okay
EMP1431,2026-05-22,3,Okay
EMP1431,2026-05-24,4,Happy
EMP1431,2026-05-26,4,Happy
EMP1431,2026-05-28,5,Excited
EMP1431,2026-05-30,4,Happy
EMP1431,2026-06-01,4,Happy
EMP1431,2026-06-03,3,Okay
EMP1431,2026-06-07,4,Happy
EMP1431,2026-06-09,3,Okay
EMP1431,2026-06-11,4,Happy
EMP1431,2026-06-13,5,Excited
EMP1431,2026-06-15,4,Happy
EMP1431,2026-06-21,4,Happy
EMP1431,2026-06-23,3,Okay
EMP1431,2026-06-25,4,Happy
EMP1431,2026-06-27,4,Happy
EMP1431,2026-06-29,4,Happy
EMP1431,2026-07-01,5,Excited
EMP1431,2026-07-03,4,Happy
EMP1431,2026-07-05,4,Happy
EMP1431,2026-07-09,4,Happy
EMP1431,2026-07-11,4,Happy
EMP1431,2026-07-13,5,Excited
EMP1431,2026-07-15,4,Happy
EMP1431,2026-07-17,4,Happy
EMP1431,2026-07-19,3,Okay
EMP1431,2026-07-21,4,Happy
EMP1431,2026-07-23,4,Happy
EMP1431,2026-07-25,3,Okay
EMP1431,2026-07-27,4,Happy
EMP1431,2026-07-29,3,Okay
EMP1431,2026-07-31,3,Okay
EMP1431,2026-08-02,3,Okay
EMP1431,2026-08-04,4,Happy
EMP1431,2026-08-06,3,Okay
EMP1431,2026-08-08,4,Happy
EMP1431,2026-08-12,4,Happy
EMP1431,2026-08-16,4,Happy
EMP1431,2026-08-18,3,Okay
EMP1431,2026-08-20,5,Excited
EMP1431,2026-08-22,3,Okay
EMP1431,2026-08-24,4,Happy
EMP1432,2026-04-28,3,Okay
EMP1432,2026-04-30,4,Happy
EMP1432,2026-05-02,4,Happy
EMP1432,2026-05-04,4,Happy
EMP1432,2026-05-06,4,Happy
EMP1432,2026-05-08,3,Okay
EMP1432,2026-05-10,3,Okay
EMP1432,2026-05-12,4,Happy
EMP1432,2026-05-16,3,Okay
EMP1432,2026-05-18,4,Happy
EMP1432,2026-05-20,2,Sad
EMP1432,2026-05-22,3,Okay
EMP1432,2026-05-24,4,Happy
EMP1432,2026-05-28,4,Happy
EMP1432,2026-05-30,3,Okay
EMP1432,2026-06-01,3,Okay
EMP1432,2026-06-03,4,Happy
EMP1432,2026-06-05,3,Okay
EMP1432,2026-06-07,4,Happy
EMP1432,2026-06-09,3,Okay
EMP1432,2026-06-13,3,Okay
EMP1432,2026-06-15,3,Okay
EMP1432,2026-06-17,3,Okay
EMP1432,2026-06-19,3,Okay
EMP1432,2026-06-21,4,Happy
EMP1432,2026-06-23,4,Happy
EMP1432,2026-06-25,4,Happy
EMP1432,2026-06-27,3,Okay
EMP1432,2026-06-29,4,Happy
EMP1432,2026-07-01,2,Sad
EMP1432,2026-07-03,4,Happy
EMP1432,2026-07-05,4,Happy
EMP1432,2026-07-07,4,Happy
EMP1432,2026-07-09,3,Okay
EMP1432,2026-07-11,3,Okay
EMP1432,2026-07-13,4,Happy
EMP1432,2026-07-17,3,Okay
EMP1432,2026-07-19,3,Okay
EMP1432,2026-07-21,3,Okay
EMP1432,2026-07-25,4,Happy
EMP1432,2026-07-27,3,Okay
EMP1432,2026-07-29,4,Happy
EMP1432,2026-07-31,4,Happy
EMP1432,2026-08-02,3,Okay
EMP1432,2026-08-04,4,Happy
EMP1432,2026-08-06,3,Okay
EMP1432,2026-08-08,3,Okay
EMP1432,2026-08-10,4,Happy
EMP1432,2026-08-12,4,Happy
EMP1432,2026-08-14,3,Okay
EMP1432,2026-08-16,4,Happy
EMP1432,2026-08-20,4,Happy
EMP1432,2026-08-22,4,Happy
EMP1432,2026-08-24,3,Okay
EMP1432,2026-08-26,5,Excited
EMP1433,2026-04-28,3,Okay
EMP1433,2026-04-30,2,Sad
EMP1433,2026-05-02,4,Happy
EMP1433,2026-05-04,3,Okay
EMP1433,2026-05-06,2,Sad
EMP1433,2026-05-08,3,Okay
EMP1433,2026-05-10,3,Okay
EMP1433,2026-05-12,2,Sad
EMP1433,2026-05-16,3,Okay
EMP1433,2026-05-18,5,Excited
EMP1433,2026-05-22,3,Okay
EMP1433,2026-05-28,4,Happy
EMP1433,2026-05-30,5,Excited
EMP1433,2026-06-01,2,Sad
EMP1433,2026-06-03,3,Okay
EMP1433,2026-06-05,4,Happy
EMP1433,2026-06-07,5,Excited
EMP1433,2026-06-09,3,Okay
EMP1433,2026-06-11,4,Happy
EMP1433,2026-06-13,3,Okay
EMP1433,2026-06-15,3,Okay
EMP1433,2026-06-17,3,Okay
EMP1433,2026-06-19,5,Excited
EMP1433,2026-06-21,3,Okay
EMP1433,2026-06-23,4,Happy
EMP1433,2026-06-25,4,Happy
EMP1433,2026-06-27,4,Happy
EMP1433,2026-07-01,4,Happy
EMP1433,2026-07-03,5,Excited
EMP1433,2026-07-05,4,Happy
EMP1433,2026-07-07,3,Okay
EMP1433,2026-07-09,4,Happy
EMP1433,2026-07-11,4,Happy
EMP1433,2026-07-13,3,Okay
EMP1433,2026-07-15,3,Okay
EMP1433,2026-07-17,3,Okay
EMP1433,2026-07-19,3,Okay
EMP1433,2026-07-21,2,Sad
EMP1433,2026-07-23,5,Excited
EMP1433,2026-07-27,3,Okay
EMP1433,2026-07-29,3,Okay
EMP1433,2026-08-02,3,Okay
EMP1433,2026-08-04,3,Okay
EMP1433,2026-08-06,4,Happy
EMP1433,2026-08-08,4,Happy
EMP1433,2026-08-10,4,Happy
EMP1433,2026-08-12,4,Happy
EMP1433,2026-08-14,4,Happy
EMP1433,2026-08-16,3,Okay
EMP1433,2026-08-18,4,Happy
EMP1433,2026-08-20,4,Happy
EMP1433,2026-08-22,4,Happy
EMP1433,2026-08-24,3,Okay
EMP1434,2026-04-30,3,Okay
EMP1434,2026-05-02,2,Sad
EMP1434,2026-05-04,1,Frustrated
EMP1434,2026-05-06,3,Okay
EMP1434,2026-05-08,2,Sad
EMP1434,2026-05-10,2,Sad
EMP1434,2026-05-12,3,Okay
EMP1434,2026-05-14,3,Okay
EMP1434,2026-05-16,2,Sad
EMP1434,2026-05-18,2,Sad
EMP1434,2026-05-20,3,Okay
EMP1434,2026-05-22,3,Okay
EMP1434,2026-05-24,2,Sad
EMP1434,2026-05-28,3,Okay
EMP1434,2026-05-30,2,Sad
EMP1434,2026-06-03,2,Sad
EMP1434,2026-06-05,2,Sad
EMP1434,2026-06-07,2,Sad
EMP1434,2026-06-09,2,Sad
EMP1434,2026-06-11,4,Happy
EMP1434,2026-06-13,2,Sad
EMP1434,2026-06-15,3,Okay
EMP1434,2026-06-17,2,Sad
EMP1434,2026-06-19,2,Sad
EMP1434,2026-06-21,3,Okay
EMP1434,2026-06-23,2,Sad
EMP1434,2026-06-25,2,Sad
EMP1434,2026-06-27,1,Frustrated
EMP1434,2026-06-29,2,Sad
EMP1434,2026-07-01,4,Happy
EMP1434,2026-07-03,2,Sad
EMP1434,2026-07-05,2,Sad
EMP1434,2026-07-07,2,Sad
EMP1434,2026-07-09,4,Happy
EMP1434,2026-07-11,1,Frustrated
EMP1434,2026-07-13,2,Sad
EMP1434,2026-07-15,1,Frustrated
EMP1434,2026-07-17,2,Sad
EMP1434,2026-07-21,2,Sad
EMP1434,2026-07-23,2,Sad
EMP1434,2026-07-25,3,Okay
EMP1434,2026-07-27,3,Okay
EMP1434,2026-07-31,1,Frustrated
EMP1434,2026-08-02,1,Frustrated
EMP1434,2026-08-04,2,Sad
EMP1434,2026-08-06,2,Sad
EMP1434,2026-08-10,3,Okay
EMP1434,2026-08-12,2,Sad
EMP1434,2026-08-14,3,Okay
EMP1434,2026-08-18,1,Frustrated
EMP1434,2026-08-20,1,Frustrated
EMP1434,2026-08-22,1,Frustrated
EMP1434,2026-08-24,1,Frustrated
EMP1434,2026-08-26,1,Frustrated
EMP1435,2026-04-28,3,Okay
EMP1435,2026-04-30,2,Sad
EMP1435,2026-05-02,1,Frustrated
EMP1435,2026-05-04,1,Frustrated
EMP1435,2026-05-06,3,Okay
EMP1435,2026-05-08,1,Frustrated
EMP1435,2026-05-10,1,Frustrated
EMP1435,2026-05-12,1,Frustrated
EMP1435,2026-05-14,1,Frustrated
EMP1435,2026-05-16,2,Sad
EMP1435,2026-05-18,2,Sad
EMP1435,2026-05-20,2,Sad
EMP1435,2026-05-24,3,Okay
EMP1435,2026-05-26,3,Okay
EMP1435,2026-05-28,2,Sad
EMP1435,2026-05-30,3,Okay
EMP1435,2026-06-03,1,Frustrated
EMP1435,2026-06-05,1,Frustrated
EMP1435,2026-06-07,1,Frustrated
EMP1435,2026-06-09,2,Sad
EMP1435,2026-06-11,2,Sad
EMP1435,2026-06-13,1,Frustrated
EMP1435,2026-06-15,2,Sad
EMP1435,2026-06-17,2,Sad
EMP1435,2026-06-19,1,Frustrated
EMP1435,2026-06-21,1,Frustrated
EMP1435,2026-06-23,1,Frustrated
EMP1435,2026-06-27,1,Frustrated
EMP1435,2026-06-29,1,Frustrated
EMP1435,2026-07-01,2,Sad
EMP1435,2026-07-03,2,Sad
EMP1435,2026-07-05,1,Frustrated
EMP1435,2026-07-07,3,Okay
EMP1435,2026-07-09,1,Frustrated
EMP1435,2026-07-11,2,Sad
EMP1435,2026-07-13,1,Frustrated
EMP1435,2026-07-15,2,Sad
EMP1435,2026-07-17,1,Frustrated
EMP1435,2026-07-19,1,Frustrated
EMP1435,2026-07-21,2,Sad
EMP1435,2026-07-23,1,Frustrated
EMP1435,2026-07-25,1,Frustrated
EMP1435,2026-07-27,1,Frustrated
EMP1435,2026-07-29,1,Frustrated
EMP1435,2026-07-31,1,Frustrated
EMP1435,2026-08-02,1,Frustrated
EMP1435,2026-08-04,2,Sad
EMP1435,2026-08-06,1,Frustrated
EMP1435,2026-08-08,1,Frustrated
EMP1435,2026-08-10,1,Frustrated
EMP1435,2026-08-12,1,Frustrated
EMP1435,2026-08-18,2,Sad
EMP1435,2026-08-20,2,Sad
EMP1435,2026-08-22,1,Frustrated
EMP1435,2026-08-26,2,Sad
EMP1436,2026-04-28,3,Okay
EMP1436,2026-04-30,3,Okay
EMP1436,2026-05-02,2,Sad
EMP1436,2026-05-04,3,Okay
EMP1436,2026-05-08,3,Okay
EMP1436,2026-05-12,2,Sad
EMP1436,2026-05-14,3,Okay
EMP1436,2026-05-16,2,Sad
EMP1436,2026-05-18,3,Okay
EMP1436,2026-05-20,2,Sad
EMP1436,2026-05-22,3,Okay
EMP1436,2026-05-24,2,Sad
EMP1436,2026-05-26,4,Happy
EMP1436,2026-05-28,3,Okay
EMP1436,2026-05-30,2,Sad
EMP1436,2026-06-01,2,Sad
EMP1436,2026-06-03,2,Sad
EMP1436,2026-06-05,3,Okay
EMP1436,2026-06-07,1,Frustrated
EMP1436,2026-06-09,1,Frustrated
EMP1436,2026-06-11,2,Sad
EMP1436,2026-06-17,2,Sad
EMP1436,2026-06-19,2,Sad
EMP1436,2026-06-21,2,Sad
EMP1436,2026-06-23,3,Okay
EMP1436,2026-06-25,3,Okay
EMP1436,2026-06-29,2,Sad
EMP1436,2026-07-01,1,Frustrated
EMP1436,2026-07-03,1,Frustrated
EMP1436,2026-07-05,2,Sad
EMP1436,2026-07-09,2,Sad
EMP1436,2026-07-11,2,Sad
EMP1436,2026-07-13,2,Sad
EMP1436,2026-07-15,3,Okay
EMP1436,2026-07-17,1,Frustrated
EMP1436,2026-07-19,2,Sad
EMP1436,2026-07-21,2,Sad
EMP1436,2026-07-23,2,Sad
EMP1436,2026-07-25,2,Sad
EMP1436,2026-07-27,1,Frustrated
EMP1436,2026-07-29,2,Sad
EMP1436,2026-08-04,2,Sad
EMP1436,2026-08-06,2,Sad
EMP1436,2026-08-08,2,Sad
EMP1436,2026-08-10,2,Sad
EMP1436,2026-08-12,2,Sad
EMP1436,2026-08-14,1,Frustrated
EMP1436,2026-08-16,2,Sad
EMP1436,2026-08-18,1,Frustrated
EMP1436,2026-08-20,1,Frustrated
EMP1436,2026-08-24,1,Frustrated
EMP1436,2026-08-26,1,Frustrated
EMP1437,2026-04-28,5,Excited
EMP1437,2026-04-30,3,Okay
EMP1437,2026-05-04,2,Sad
EMP1437,2026-05-06,2,Sad
EMP1437,2026-05-08,3,Okay
EMP1437,2026-05-10,3,Okay
EMP1437,2026-05-12,4,Happy
EMP1437,2026-05-14,4,Happy
EMP1437,2026-05-16,3,Okay
EMP1437,2026-05-18,3,Okay
EMP1437,2026-05-20,3,Okay
EMP1437,2026-05-22,5,Excited
EMP1437,2026-05-26,4,Happy
EMP1437,2026-05-28,4,Happy
EMP1437,2026-05-30,4,Happy
EMP1437,2026-06-01,4,Happy
EMP1437,2026-06-03,3,Okay
EMP1437,2026-06-05,4,Happy
EMP1437,2026-06-07,4,Happy
EMP1437,2026-06-09,3,Okay
EMP1437,2026-06-11,4,Happy
EMP1437,2026-06-13,3,Okay
EMP1437,2026-06-15,2,Sad
EMP1437,2026-06-17,4,Happy
EMP1437,2026-06-19,4,Happy
EMP1437,2026-06-21,4,Happy
EMP1437,2026-06-23,3,Okay
EMP1437,2026-06-25,3,Okay
EMP1437,2026-06-27,3,Okay
EMP1437,2026-06-29,3,Okay
EMP1437,2026-07-01,3,Okay
EMP1437,2026-07-03,4,Happy
EMP1437,2026-07-05,3,Okay
EMP1437,2026-07-07,4,Happy
EMP1437,2026-07-09,3,Okay
EMP1437,2026-07-11,4,Happy
EMP1437,2026-07-13,4,Happy
EMP1437,2026-07-15,4,Happy
EMP1437,2026-07-17,4,Happy
EMP1437,2026-07-23,3,Okay
EMP1437,2026-07-25,3,Okay
EMP1437,2026-07-27,3,Okay
EMP1437,2026-07-29,4,Happy
EMP1437,2026-07-31,3,Okay
EMP1437,2026-08-02,3,Okay
EMP1437,2026-08-04,4,Happy
EMP1437,2026-08-06,3,Okay
EMP1437,2026-08-10,4,Happy
EMP1437,2026-08-12,4,Happy
EMP1437,2026-08-14,4,Happy
EMP1437,2026-08-16,3,Okay
EMP1437,2026-08-18,4,Happy
EMP1437,2026-08-20,4,Happy
EMP1437,2026-08-22,5,Excited
EMP1437,2026-08-24,5,Excited
EMP1437,2026-08-26,4,Happy
EMP1438,2026-04-28,3,Okay
EMP1438,2026-04-30,1,Frustrated
EMP1438,2026-05-02,2,Sad
EMP1438,2026-05-04,1,Frustrated
EMP1438,2026-05-06,3,Okay
EMP1438,2026-05-10,2,Sad
EMP1438,2026-05-12,2,Sad
EMP1438,2026-05-16,2,Sad
EMP1438,2026-05-18,2,Sad
EMP1438,2026-05-20,3,Okay
EMP1438,2026-05-22,2,Sad
EMP1438,2026-05-26,2,Sad
EMP1438,2026-05-28,2,Sad
EMP1438,2026-05-30,1,Frustrated
EMP1438,2026-06-01,2,Sad
EMP1438,2026-06-03,1,Frustrated
EMP1438,2026-06-09,1,Frustrated
EMP1438,2026-06-11,2,Sad
EMP1438,2026-06-15,3,Okay
EMP1438,2026-06-17,2,Sad
EMP1438,2026-06-19,2,Sad
EMP1438,2026-06-21,3,Okay
EMP1438,2026-06-23,3,Okay
EMP1438,2026-06-25,2,Sad
EMP1438,2026-06-29,2,Sad
EMP1438,2026-07-01,2,Sad
EMP1438,2026-07-03,2,Sad
EMP1438,2026-07-05,1,Frustrated
EMP1438,2026-07-07,2,Sad
EMP1438,2026-07-09,1,Frustrated
EMP1438,2026-07-11,2,Sad
EMP1438,2026-07-13,2,Sad
EMP1438,2026-07-15,2,Sad
EMP1438,2026-07-19,3,Okay
EMP1438,2026-07-21,1,Frustrated
EMP1438,2026-07-25,1,Frustrated
EMP1438,2026-07-27,2,Sad
EMP1438,2026-07-29,1,Frustrated
EMP1438,2026-07-31,1,Frustrated
EMP1438,2026-08-02,1,Frustrated
EMP1438,2026-08-04,2,Sad
EMP1438,2026-08-06,3,Okay
EMP1438,2026-08-08,2,Sad
EMP1438,2026-08-12,2,Sad
EMP1438,2026-08-14,1,Frustrated
EMP1438,2026-08-16,1,Frustrated
EMP1438,2026-08-18,1,Frustrated
EMP1438,2026-08-20,1,Frustrated
EMP1438,2026-08-22,2,Sad
EMP1438,2026-08-26,2,Sad
EMP1439,2026-04-28,3,Okay
EMP1439,2026-04-30,5,Excited
EMP1439,2026-05-04,4,Happy
EMP1439,2026-05-06,5,Excited
EMP1439,2026-05-08,4,Happy
EMP1439,2026-05-10,4,Happy
EMP1439,2026-05-12,4,Happy
EMP1439,2026-05-14,3,Okay
EMP1439,2026-05-16,5,Excited
EMP1439,2026-05-18,4,Happy
EMP1439,2026-05-20,4,Happy
EMP1439,2026-05-22,4,Happy
EMP1439,2026-05-24,4,Happy
EMP1439,2026-05-26,3,Okay
EMP1439,2026-05-28,4,Happy
EMP1439,2026-06-01,4,Happy
EMP1439,2026-06-03,4,Happy
EMP1439,2026-06-09,3,Okay
EMP1439,2026-06-11,3,Okay
EMP1439,2026-06-13,4,Happy
EMP1439,2026-06-15,4,Happy
EMP1439,2026-06-17,4,Happy
EMP1439,2026-06-21,4,Happy
EMP1439,2026-06-23,4,Happy
EMP1439,2026-06-25,4,Happy
EMP1439,2026-06-27,4,Happy
EMP1439,2026-06-29,3,Okay
EMP1439,2026-07-01,4,Happy
EMP1439,2026-07-03,4,Happy
EMP1439,2026-07-05,4,Happy
EMP1439,2026-07-09,3,Okay
EMP1439,2026-07-11,4,Happy
EMP1439,2026-07-13,3,Okay
EMP1439,2026-07-15,3,Okay
EMP1439,2026-07-17,3,Okay
EMP1439,2026-07-19,2,Sad
EMP1439,2026-07-21,4,Happy
EMP1439,2026-07-25,3,Okay
EMP1439,2026-07-29,4,Happy
EMP1439,2026-07-31,3,Okay
EMP1439,2026-08-04,3,Okay
EMP1439,2026-08-06,3,Okay
EMP1439,2026-08-10,4,Happy
EMP1439,2026-08-12,3,Okay
EMP1439,2026-08-14,4,Happy
EMP1439,2026-08-16,4,Happy
EMP1439,2026-08-18,4,Happy
EMP1439,2026-08-20,4,Happy
EMP1439,2026-08-22,4,Happy
EMP1440,2026-04-28,1,Frustrated
EMP1440,2026-05-02,3,Okay
EMP1440,2026-05-04,3,Okay
EMP1440,2026-05-06,2,Sad
EMP1440,2026-05-08,2,Sad
EMP1440,2026-05-10,2,Sad
EMP1440,2026-05-12,2,Sad
EMP1440,2026-05-14,2,Sad
EMP1440,2026-05-16,3,Okay
EMP1440,2026-05-18,2,Sad
EMP1440,2026-05-20,2,Sad
EMP1440,2026-05-22,1,Frustrated
EMP1440,2026-05-24,4,Happy
EMP1440,2026-05-26,2,Sad
EMP1440,2026-05-28,2,Sad
EMP1440,2026-05-30,3,Okay
EMP1440,2026-06-01,2,Sad
EMP1440,2026-06-03,3,Okay
EMP1440,2026-06-05,1,Frustrated
EMP1440,2026-06-07,2,Sad
EMP1440,2026-06-09,2,Sad
EMP1440,2026-06-11,1,Frustrated
EMP1440,2026-06-13,1,Frustrated
EMP1440,2026-06-15,3,Okay
EMP1440,2026-06-19,3,Okay
EMP1440,2026-06-23,2,Sad
EMP1440,2026-06-25,1,Frustrated
EMP1440,2026-06-27,2,Sad
EMP1440,2026-06-29,2,Sad
EMP1440,2026-07-01,2,Sad
EMP1440,2026-07-03,2,Sad
EMP1440,2026-07-05,2,Sad
EMP1440,2026-07-09,2,Sad
EMP1440,2026-07-13,3,Okay
EMP1440,2026-07-15,3,Okay
EMP1440,2026-07-19,2,Sad
EMP1440,2026-07-21,2,Sad
EMP1440,2026-07-23,2,Sad
EMP1440,2026-07-25,2,Sad
EMP1440,2026-07-27,2,Sad
EMP1440,2026-07-29,2,Sad
EMP1440,2026-07-31,2,Sad
EMP1440,2026-08-02,2,Sad
EMP1440,2026-08-04,2,Sad
EMP1440,2026-08-10,1,Frustrated
EMP1440,2026-08-12,2,Sad
EMP1440,2026-08-14,1,Frustrated
EMP1440,2026-08-16,1,Frustrated
EMP1440,2026-08-18,2,Sad
EMP1440,2026-08-20,1,Frustrated
EMP1440,2026-08-22,1,Frustrated
EMP1440,2026-08-24,3,Okay
EMP1440,2026-08-26,2,Sad
EMP1441,2026-04-28,4,Happy
EMP1441,2026-05-02,2,Sad
EMP1441,2026-05-06,3,Okay
EMP1441,2026-05-08,3,Okay
EMP1441,2026-05-10,3,Okay
EMP1441,2026-05-12,3,Okay
EMP1441,2026-05-14,3,Okay
EMP1441,2026-05-16,2,Sad
EMP1441,2026-05-18,3,Okay
EMP1441,2026-05-22,3,Okay
EMP1441,2026-05-24,3,Okay
EMP1441,2026-05-26,2,Sad
EMP1441,2026-05-28,4,Happy
EMP1441,2026-05-30,2,Sad
EMP1441,2026-06-01,3,Okay
EMP1441,2026-06-03,3,Okay
EMP1441,2026-06-05,4,Happy
EMP1441,2026-06-07,3,Okay
EMP1441,2026-06-09,4,Happy
EMP1441,2026-06-11,3,Okay
EMP1441,2026-06-13,2,Sad
EMP1441,2026-06-15,2,Sad
EMP1441,2026-06-17,3,Okay
EMP1441,2026-06-19,3,Okay
EMP1441,2026-06-21,3,Okay
EMP1441,2026-06-23,2,Sad
EMP1441,2026-06-27,3,Okay
EMP1441,2026-06-29,4,Happy
EMP1441,2026-07-01,3,Okay
EMP1441,2026-07-03,2,Sad
EMP1441,2026-07-05,3,Okay
EMP1441,2026-07-07,3,Okay
EMP1441,2026-07-09,3,Okay
EMP1441,2026-07-13,2,Sad
EMP1441,2026-07-15,2,Sad
EMP1441,2026-07-17,3,Okay
EMP1441,2026-07-19,2,Sad
EMP1441,2026-07-21,2,Sad
EMP1441,2026-07-23,2,Sad
EMP1441,2026-07-25,2,Sad
EMP1441,2026-07-29,3,Okay
EMP1441,2026-07-31,3,Okay
EMP1441,2026-08-02,2,Sad
EMP1441,2026-08-04,2,Sad
EMP1441,2026-08-08,3,Okay
EMP1441,2026-08-10,3,Okay
EMP1441,2026-08-12,3,Okay
EMP1441,2026-08-14,3,Okay
EMP1441,2026-08-16,1,Frustrated
EMP1441,2026-08-22,3,Okay
EMP1441,2026-08-24,3,Okay
EMP1442,2026-04-28,3,Okay
EMP1442,2026-04-30,2,Sad
EMP1442,2026-05-02,3,Okay
EMP1442,2026-05-04,4,Happy
EMP1442,2026-05-06,4,Happy
EMP1442,2026-05-08,3,Okay
EMP1442,2026-05-10,3,Okay
EMP1442,2026-05-12,4,Happy
EMP1442,2026-05-14,4,Happy
EMP1442,2026-05-16,5,Excited
EMP1442,2026-05-18,4,Happy
EMP1442,2026-05-22,3,Okay
EMP1442,2026-05-24,5,Excited
EMP1442,2026-05-26,2,Sad
EMP1442,2026-05-30,4,Happy
EMP1442,2026-06-01,4,Happy
EMP1442,2026-06-03,3,Okay
EMP1442,2026-06-05,4,Happy
EMP1442,2026-06-09,5,Excited
EMP1442,2026-06-11,2,Sad
EMP1442,2026-06-13,4,Happy
EMP1442,2026-06-15,2,Sad
EMP1442,2026-06-17,4,Happy
EMP1442,2026-06-19,3,Okay
EMP1442,2026-06-21,4,Happy
EMP1442,2026-06-23,3,Okay
EMP1442,2026-06-25,3,Okay
EMP1442,2026-06-27,2,Sad
EMP1442,2026-06-29,3,Okay
EMP1442,2026-07-01,4,Happy
EMP1442,2026-07-05,3,Okay
EMP1442,2026-07-07,3,Okay
EMP1442,2026-07-09,4,Happy
EMP1442,2026-07-11,4,Happy
EMP1442,2026-07-13,2,Sad
EMP1442,2026-07-15,3,Okay
EMP1442,2026-07-17,3,Okay
EMP1442,2026-07-19,2,Sad
EMP1442,2026-07-21,4,Happy
EMP1442,2026-07-23,4,Happy
EMP1442,2026-07-25,3,Okay
EMP1442,2026-07-27,4,Happy
EMP1442,2026-07-29,4,Happy
EMP1442,2026-07-31,3,Okay
EMP1442,2026-08-02,4,Happy
EMP1442,2026-08-04,3,Okay
EMP1442,2026-08-06,3,Okay
EMP1442,2026-08-08,4,Happy
EMP1442,2026-08-12,5,Excited
EMP1442,2026-08-14,4,Happy
EMP1442,2026-08-16,3,Okay
EMP1442,2026-08-20,3,Okay
EMP1442,2026-08-22,3,Okay
EMP1442,2026-08-24,5,Excited
EMP1442,2026-08-26,4,Happy
EMP1443,2026-04-28,2,Sad
EMP1443,2026-04-30,2,Sad
EMP1443,2026-05-02,3,Okay
EMP1443,2026-05-04,3,Okay
EMP1443,2026-05-06,2,Sad
EMP1443,2026-05-08,3,Okay
EMP1443,2026-05-10,2,Sad
EMP1443,2026-05-12,2,Sad
EMP1443,2026-05-14,3,Okay
EMP1443,2026-05-16,2,Sad
EMP1443,2026-05-18,1,Frustrated
EMP1443,2026-05-20,2,Sad
EMP1443,2026-05-22,3,Okay
EMP1443,2026-05-24,2,Sad
EMP1443,2026-05-26,3,Okay
EMP1443,2026-05-28,3,Okay
EMP1443,2026-06-03,2,Sad
EMP1443,2026-06-05,2,Sad
EMP1443,2026-06-07,2,Sad
EMP1443,2026-06-09,2,Sad
EMP1443,2026-06-11,3,Okay
EMP1443,2026-06-15,2,Sad
EMP1443,2026-06-17,1,Frustrated
EMP1443,2026-06-19,2,Sad
EMP1443,2026-06-21,3,Okay
EMP1443,2026-06-23,2,Sad
EMP1443,2026-06-25,2,Sad
EMP1443,2026-06-27,2,Sad
EMP1443,2026-06-29,1,Frustrated
EMP1443,2026-07-01,1,Frustrated
EMP1443,2026-07-03,2,Sad
EMP1443,2026-07-05,2,Sad
EMP1443,2026-07-07,2,Sad
EMP1443,2026-07-09,3,Okay
EMP1443,2026-07-11,1,Frustrated
EMP1443,2026-07-13,1,Frustrated
EMP1443,2026-07-15,3,Okay
EMP1443,2026-07-19,1,Frustrated
EMP1443,2026-07-23,1,Frustrated
EMP1443,2026-07-25,1,Frustrated
EMP1443,2026-07-27,1,Frustrated
EMP1443,2026-07-29,1,Frustrated
EMP1443,2026-07-31,1,Frustrated
EMP1443,2026-08-04,1,Frustrated
EMP1443,2026-08-06,1,Frustrated
EMP1443,2026-08-08,2,Sad
EMP1443,2026-08-10,1,Frustrated
EMP1443,2026-08-12,1,Frustrated
EMP1443,2026-08-14,2,Sad
EMP1443,2026-08-18,2,Sad
EMP1443,2026-08-20,1,Frustrated
EMP1443,2026-08-22,2,Sad
EMP1443,2026-08-24,2,Sad
EMP1443,2026-08-26,1,Frustrated
EMP1444,2026-04-28,4,Happy
EMP1444,2026-04-30,4,Happy
EMP1444,2026-05-02,2,Sad
EMP1444,2026-05-04,4,Happy
EMP1444,2026-05-06,5,Excited
EMP1444,2026-05-08,4,Happy
EMP1444,2026-05-14,4,Happy
EMP1444,2026-05-16,5,Excited
EMP1444,2026-05-18,5,Excited
EMP1444,2026-05-22,5,Excited
EMP1444,2026-05-24,3,Okay
EMP1444,2026-05-26,3,Okay
EMP1444,2026-05-28,4,Happy
EMP1444,2026-05-30,4,Happy
EMP1444,2026-06-01,3,Okay
EMP1444,2026-06-03,4,Happy
EMP1444,2026-06-05,4,Happy
EMP1444,2026-06-07,5,Excited
EMP1444,2026-06-09,3,Okay
EMP1444,2026-06-11,4,Happy
EMP1444,2026-06-13,4,Happy
EMP1444,2026-06-15,5,Excited
EMP1444,2026-06-17,2,Sad
EMP1444,2026-06-19,3,Okay
EMP1444,2026-06-21,2,Sad
EMP1444,2026-06-23,4,Happy
EMP1444,2026-06-25,3,Okay
EMP1444,2026-06-27,4,Happy
EMP1444,2026-06-29,4,Happy
EMP1444,2026-07-01,4,Happy
EMP1444,2026-07-03,4,Happy
EMP1444,2026-07-05,4,Happy
EMP1444,2026-07-09,3,Okay
EMP1444,2026-07-11,4,Happy
EMP1444,2026-07-13,3,Okay
EMP1444,2026-07-15,4,Happy
EMP1444,2026-07-17,3,Okay
EMP1444,2026-07-19,4,Happy
EMP1444,2026-07-21,3,Okay
EMP1444,2026-07-23,4,Happy
EMP1444,2026-07-25,5,Excited
EMP1444,2026-07-27,3,Okay
EMP1444,2026-07-29,3,Okay
EMP1444,2026-07-31,4,Happy
EMP1444,2026-08-02,3,Okay
EMP1444,2026-08-04,2,Sad
EMP1444,2026-08-06,3,Okay
EMP1444,2026-08-08,4,Happy
EMP1444,2026-08-10,4,Happy
EMP1444,2026-08-12,4,Happy
EMP1444,2026-08-14,4,Happy
EMP1444,2026-08-16,4,Happy
EMP1444,2026-08-18,4,Happy
EMP1444,2026-08-20,5,Excited
EMP1444,2026-08-24,3,Okay
EMP1444,2026-08-26,5,Excited
EMP1445,2026-04-28,3,Okay
EMP1445,2026-04-30,2,Sad
EMP1445,2026-05-04,3,Okay
EMP1445,2026-05-06,1,Frustrated
EMP1445,2026-05-08,1,Frustrated
EMP1445,2026-05-10,3,Okay
EMP1445,2026-05-12,4,Happy
EMP1445,2026-05-18,1,Frustrated
EMP1445,2026-05-20,1,Frustrated
EMP1445,2026-05-22,2,Sad
EMP1445,2026-05-26,3,Okay
EMP1445,2026-05-28,2,Sad
EMP1445,2026-05-30,2,Sad
EMP1445,2026-06-03,3,Okay
EMP1445,2026-06-05,3,Okay
EMP1445,2026-06-07,3,Okay
EMP1445,2026-06-09,4,Happy
EMP1445,2026-06-11,2,Sad
EMP1445,2026-06-13,2,Sad
EMP1445,2026-06-15,1,Frustrated
EMP1445,2026-06-17,1,Frustrated
EMP1445,2026-06-19,3,Okay
EMP1445,2026-06-21,3,Okay
EMP1445,2026-06-23,2,Sad
EMP1445,2026-06-25,2,Sad
EMP1445,2026-06-29,1,Frustrated
EMP1445,2026-07-01,2,Sad
EMP1445,2026-07-03,2,Sad
EMP1445,2026-07-05,1,Frustrated
EMP1445,2026-07-07,4,Happy
EMP1445,2026-07-09,2,Sad
EMP1445,2026-07-11,3,Okay
EMP1445,2026-07-13,3,Okay
EMP1445,2026-07-15,4,Happy
EMP1445,2026-07-17,2,Sad
EMP1445,2026-07-19,3,Okay
EMP1445,2026-07-21,3,Okay
EMP1445,2026-07-23,2,Sad
EMP1445,2026-07-25,3,Okay
EMP1445,2026-07-27,2,Sad
EMP1445,2026-07-29,3,Okay
EMP1445,2026-07-31,2,Sad
EMP1445,2026-08-02,2,Sad
EMP1445,2026-08-06,3,Okay
EMP1445,2026-08-10,2,Sad
EMP1445,2026-08-14,5,Excited
EMP1445,2026-08-16,2,Sad
EMP1445,2026-08-18,3,Okay
EMP1445,2026-08-20,1,Frustrated
EMP1445,2026-08-22,2,Sad
EMP1445,2026-08-24,1,Frustrated
EMP1445,2026-08-26,2,Sad
EMP1446,2026-04-28,3,Okay
EMP1446,2026-04-30,3,Okay
EMP1446,2026-05-02,2,Sad
EMP1446,2026-05-04,3,Okay
EMP1446,2026-05-06,2,Sad
EMP1446,2026-05-10,2,Sad
EMP1446,2026-05-12,3,Okay
EMP1446,2026-05-16,2,Sad
EMP1446,2026-05-18,2,Sad
EMP1446,2026-05-20,2,Sad
EMP1446,2026-05-22,2,Sad
EMP1446,2026-05-28,3,Okay
EMP1446,2026-05-30,1,Frustrated
EMP1446,2026-06-01,2,Sad
EMP1446,2026-06-03,3,Okay
EMP1446,2026-06-05,3,Okay
EMP1446,2026-06-07,2,Sad
EMP1446,2026-06-09,2,Sad
EMP1446,2026-06-13,3,Okay
EMP1446,2026-06-17,2,Sad
EMP1446,2026-06-19,2,Sad
EMP1446,2026-06-21,1,Frustrated
EMP1446,2026-06-23,3,Okay
EMP1446,2026-06-27,2,Sad
EMP1446,2026-06-29,2,Sad
EMP1446,2026-07-03,1,Frustrated
EMP1446,2026-07-05,2,Sad
EMP1446,2026-07-07,2,Sad
EMP1446,2026-07-09,3,Okay
EMP1446,2026-07-11,2,Sad
EMP1446,2026-07-13,2,Sad
EMP1446,2026-07-15,1,Frustrated
EMP1446,2026-07-17,2,Sad
EMP1446,2026-07-19,2,Sad
EMP1446,2026-07-21,1,Frustrated
EMP1446,2026-07-23,1,Frustrated
EMP1446,2026-07-27,2,Sad
EMP1446,2026-07-29,3,Okay
EMP1446,2026-07-31,3,Okay
EMP1446,2026-08-02,1,Frustrated
EMP1446,2026-08-04,2,Sad
EMP1446,2026-08-06,1,Frustrated
EMP1446,2026-08-08,1,Frustrated
EMP1446,2026-08-10,1,Frustrated
EMP1446,2026-08-16,1,Frustrated
EMP1446,2026-08-18,1,Frustrated
EMP1446,2026-08-20,1,Frustrated
EMP1446,2026-08-22,2,Sad
EMP1446,2026-08-26,1,Frustrated
EMP1447,2026-04-28,2,Sad
EMP1447,2026-04-30,2,Sad
EMP1447,2026-05-02,3,Okay
EMP1447,2026-05-04,1,Frustrated
EMP1447,2026-05-06,2,Sad
EMP1447,2026-05-10,1,Frustrated
EMP1447,2026-05-12,3,Okay
EMP1447,2026-05-14,2,Sad
EMP1447,2026-05-16,2,Sad
EMP1447,2026-05-18,1,Frustrated
EMP1447,2026-05-20,3,Okay
EMP1447,2026-05-22,1,Frustrated
EMP1447,2026-05-24,1,Frustrated
EMP1447,2026-05-26,1,Frustrated
EMP1447,2026-05-28,2,Sad
EMP1447,2026-05-30,1,Frustrated
EMP1447,2026-06-01,1,Frustrated
EMP1447,2026-06-03,2,Sad
EMP1447,2026-06-05,2,Sad
EMP1447,2026-06-07,2,Sad
EMP1447,2026-06-09,2,Sad
EMP1447,2026-06-11,2,Sad
EMP1447,2026-06-15,2,Sad
EMP1447,2026-06-17,1,Frustrated
EMP1447,2026-06-19,3,Okay
EMP1447,2026-06-21,1,Frustrated
EMP1447,2026-06-25,1,Frustrated
EMP1447,2026-06-27,3,Okay
EMP1447,2026-07-01,2,Sad
EMP1447,2026-07-03,1,Frustrated
EMP1447,2026-07-05,1,Frustrated
EMP1447,2026-07-07,2,Sad
EMP1447,2026-07-11,2,Sad
EMP1447,2026-07-13,2,Sad
EMP1447,2026-07-17,1,Frustrated
EMP1447,2026-07-19,2,Sad
EMP1447,2026-07-23,2,Sad
EMP1447,2026-07-25,2,Sad
EMP1447,2026-07-27,1,Frustrated
EMP1447,2026-07-29,2,Sad
EMP1447,2026-08-02,1,Frustrated
EMP1447,2026-08-04,1,Frustrated
EMP1447,2026-08-06,2,Sad
EMP1447,2026-08-10,3,Okay
EMP1447,2026-08-12,2,Sad
EMP1447,2026-08-14,1,Frustrated
EMP1447,2026-08-16,1,Frustrated
EMP1447,2026-08-18,1,Frustrated
EMP1447,2026-08-20,2,Sad
EMP1447,2026-08-22,1,Frustrated
EMP1447,2026-08-24,1,Frustrated
EMP1447,2026-08-26,2,Sad
EMP1448,2026-04-28,5,Excited
EMP1448,2026-04-30,5,Excited
EMP1448,2026-05-02,5,Excited
EMP1448,2026-05-04,4,Happy
EMP1448,2026-05-06,5,Excited
EMP1448,2026-05-08,5,Excited
EMP1448,2026-05-12,5,Excited
EMP1448,2026-05-14,5,Excited
EMP1448,2026-05-18,5,Excited
EMP1448,2026-05-20,5,Excited
EMP1448,2026-05-22,4,Happy
EMP1448,2026-05-24,5,Excited
EMP1448,2026-05-26,5,Excited
EMP1448,2026-05-28,5,Excited
EMP1448,2026-05-30,4,Happy
EMP1448,2026-06-01,4,Happy
EMP1448,2026-06-03,5,Excited
EMP1448,2026-06-05,4,Happy
EMP1448,2026-06-07,5,Excited
EMP1448,2026-06-11,4,Happy
EMP1448,2026-06-13,4,Happy
EMP1448,2026-06-15,5,Excited
EMP1448,2026-06-17,5,Excited
EMP1448,2026-06-19,5,Excited
EMP1448,2026-06-21,5,Excited
EMP1448,2026-06-23,4,Happy
EMP1448,2026-06-29,5,Excited
EMP1448,2026-07-03,4,Happy
EMP1448,2026-07-05,5,Excited
EMP1448,2026-07-09,5,Excited
EMP1448,2026-07-11,5,Excited
EMP1448,2026-07-13,5,Excited
EMP1448,2026-07-17,5,Excited
EMP1448,2026-07-21,4,Happy
EMP1448,2026-07-23,4,Happy
EMP1448,2026-07-25,4,Happy
EMP1448,2026-07-27,5,Excited
EMP1448,2026-07-29,4,Happy
EMP1448,2026-08-02,4,Happy
EMP1448,2026-08-06,5,Excited
EMP1448,2026-08-08,4,Happy
EMP1448,2026-08-10,5,Excited
EMP1448,2026-08-12,5,Excited
EMP1448,2026-08-14,5,Excited
EMP1448,2026-08-16,4,Happy
EMP1448,2026-08-18,4,Happy
EMP1448,2026-08-20,5,Excited
EMP1448,2026-08-22,4,Happy
EMP1448,2026-08-24,4,Happy
EMP1448,2026-08-26,4,Happy
EMP1449,2026-04-28,2,Sad
EMP1449,2026-04-30,1,Frustrated
EMP1449,2026-05-02,3,Okay
EMP1449,2026-05-06,1,Frustrated
EMP1449,2026-05-08,2,Sad
EMP1449,2026-05-10,1,Frustrated
EMP1449,2026-05-12,1,Frustrated
EMP1449,2026-05-14,2,Sad
EMP1449,2026-05-16,3,Okay
EMP1449,2026-05-18,1,Frustrated
EMP1449,2026-05-20,1,Frustrated
EMP1449,2026-05-22,2,Sad
EMP1449,2026-05-24,2,Sad
EMP1449,2026-05-26,1,Frustrated
EMP1449,2026-05-28,1,Frustrated
EMP1449,2026-05-30,3,Okay
EMP1449,2026-06-01,1,Frustrated
EMP1449,2026-06-03,1,Frustrated
EMP1449,2026-06-05,1,Frustrated
EMP1449,2026-06-07,3,Okay
EMP1449,2026-06-09,2,Sad
EMP1449,2026-06-11,2,Sad
EMP1449,2026-06-13,1,Frustrated
EMP1449,2026-06-15,2,Sad
EMP1449,2026-06-17,3,Okay
EMP1449,2026-06-21,2,Sad
EMP1449,2026-06-23,1,Frustrated
EMP1449,2026-06-25,1,Frustrated
EMP1449,2026-06-29,3,Okay
EMP1449,2026-07-01,1,Frustrated
EMP1449,2026-07-03,1,Frustrated
EMP1449,2026-07-05,1,Frustrated
EMP1449,2026-07-11,1,Frustrated
EMP1449,2026-07-13,1,Frustrated
EMP1449,2026-07-15,1,Frustrated
EMP1449,2026-07-17,1,Frustrated
EMP1449,2026-07-19,1,Frustrated
EMP1449,2026-07-21,1,Frustrated
EMP1449,2026-07-23,2,Sad
EMP1449,2026-07-25,1,Frustrated
EMP1449,2026-07-27,1,Frustrated
EMP1449,2026-07-29,2,Sad
EMP1449,2026-07-31,1,Frustrated
EMP1449,2026-08-02,1,Frustrated
EMP1449,2026-08-04,2,Sad
EMP1449,2026-08-06,2,Sad
EMP1449,2026-08-08,1,Frustrated
EMP1449,2026-08-10,1,Frustrated
EMP1449,2026-08-14,1,Frustrated
EMP1449,2026-08-16,1,Frustrated
EMP1449,2026-08-18,2,Sad
EMP1449,2026-08-20,1,Frustrated
EMP1449,2026-08-22,1,Frustrated
EMP1449,2026-08-24,1,Frustrated
EMP1449,2026-08-26,1,Frustrated
EMP1450,2026-04-28,3,Okay
EMP1450,2026-05-02,4,Happy
EMP1450,2026-05-06,3,Okay
EMP1450,2026-05-10,3,Okay
EMP1450,2026-05-12,3,Okay
EMP1450,2026-05-14,3,Okay
EMP1450,2026-05-16,3,Okay
EMP1450,2026-05-18,4,Happy
EMP1450,2026-05-20,4,Happy
EMP1450,2026-05-22,4,Happy
EMP1450,2026-05-24,4,Happy
EMP1450,2026-05-26,3,Okay
EMP1450,2026-05-28,4,Happy
EMP1450,2026-05-30,4,Happy
EMP1450,2026-06-01,3,Okay
EMP1450,2026-06-03,3,Okay
EMP1450,2026-06-05,3,Okay
EMP1450,2026-06-07,5,Excited
EMP1450,2026-06-09,3,Okay
EMP1450,2026-06-11,3,Okay
EMP1450,2026-06-13,4,Happy
EMP1450,2026-06-15,3,Okay
EMP1450,2026-06-17,3,Okay
EMP1450,2026-06-19,4,Happy
EMP1450,2026-06-21,4,Happy
EMP1450,2026-06-23,3,Okay
EMP1450,2026-06-25,3,Okay
EMP1450,2026-06-27,2,Sad
EMP1450,2026-06-29,5,Excited
EMP1450,2026-07-01,3,Okay
EMP1450,2026-07-03,5,Excited
EMP1450,2026-07-07,4,Happy
EMP1450,2026-07-09,5,Excited
EMP1450,2026-07-11,3,Okay
EMP1450,2026-07-13,4,Happy
EMP1450,2026-07-15,4,Happy
EMP1450,2026-07-17,4,Happy
EMP1450,2026-07-19,3,Okay
EMP1450,2026-07-21,4,Happy
EMP1450,2026-07-23,4,Happy
EMP1450,2026-07-25,3,Okay
EMP1450,2026-07-27,4,Happy
EMP1450,2026-07-29,4,Happy
EMP1450,2026-07-31,4,Happy
EMP1450,2026-08-02,4,Happy
EMP1450,2026-08-04,4,Happy
EMP1450,2026-08-06,5,Excited
EMP1450,2026-08-08,3,Okay
EMP1450,2026-08-10,4,Happy
EMP1450,2026-08-12,5,Excited
EMP1450,2026-08-14,3,Okay
EMP1450,2026-08-16,4,Happy
EMP1450,2026-08-18,4,Happy
EMP1450,2026-08-22,4,Happy
EMP1450,2026-08-26,3,Okay
EMP1451,2026-04-28,3,Okay
EMP1451,2026-04-30,3,Okay
EMP1451,2026-05-02,5,Excited
EMP1451,2026-05-04,3,Okay
EMP1451,2026-05-06,3,Okay
EMP1451,2026-05-08,3,Okay
EMP1451,2026-05-10,4,Happy
EMP1451,2026-05-14,3,Okay
EMP1451,2026-05-16,3,Okay
EMP1451,2026-05-18,3,Okay
EMP1451,2026-05-20,3,Okay
EMP1451,2026-05-22,2,Sad
EMP1451,2026-05-24,4,Happy
EMP1451,2026-05-26,4,Happy
EMP1451,2026-05-28,3,Okay
EMP1451,2026-06-01,4,Happy
EMP1451,2026-06-03,3,Okay
EMP1451,2026-06-05,4,Happy
EMP1451,2026-06-07,3,Okay
EMP1451,2026-06-09,4,Happy
EMP1451,2026-06-11,2,Sad
EMP1451,2026-06-13,3,Okay
EMP1451,2026-06-15,5,Excited
EMP1451,2026-06-17,3,Okay
EMP1451,2026-06-19,3,Okay
EMP1451,2026-06-21,3,Okay
EMP1451,2026-06-23,2,Sad
EMP1451,2026-06-25,4,Happy
EMP1451,2026-06-27,4,Happy
EMP1451,2026-06-29,4,Happy
EMP1451,2026-07-01,3,Okay
EMP1451,2026-07-03,3,Okay
EMP1451,2026-07-05,5,Excited
EMP1451,2026-07-07,3,Okay
EMP1451,2026-07-09,3,Okay
EMP1451,2026-07-11,4,Happy
EMP1451,2026-07-13,3,Okay
EMP1451,2026-07-17,3,Okay
EMP1451,2026-07-19,4,Happy
EMP1451,2026-07-21,3,Okay
EMP1451,2026-07-23,4,Happy
EMP1451,2026-07-25,4,Happy
EMP1451,2026-07-27,3,Okay
EMP1451,2026-07-29,3,Okay
EMP1451,2026-07-31,4,Happy
EMP1451,2026-08-02,3,Okay
EMP1451,2026-08-06,3,Okay
EMP1451,2026-08-08,3,Okay
EMP1451,2026-08-10,3,Okay
EMP1451,2026-08-12,4,Happy
EMP1451,2026-08-14,5,Excited
EMP1451,2026-08-16,3,Okay
EMP1451,2026-08-18,4,Happy
EMP1451,2026-08-20,4,Happy
EMP1451,2026-08-22,3,Okay
EMP1451,2026-08-24,3,Okay
EMP1452,2026-04-30,2,Sad
EMP1452,2026-05-02,2,Sad
EMP1452,2026-05-04,4,Happy
EMP1452,2026-05-06,1,Frustrated
EMP1452,2026-05-10,4,Happy
EMP1452,2026-05-12,2,Sad
EMP1452,2026-05-14,4,Happy
EMP1452,2026-05-16,2,Sad
EMP1452,2026-05-18,2,Sad
EMP1452,2026-05-20,3,Okay
EMP1452,2026-05-22,2,Sad
EMP1452,2026-05-24,2,Sad
EMP1452,2026-05-26,3,Okay
EMP1452,2026-05-28,2,Sad
EMP1452,2026-05-30,3,Okay
EMP1452,2026-06-01,3,Okay
EMP1452,2026-06-03,2,Sad
EMP1452,2026-06-05,2,Sad
EMP1452,2026-06-07,2,Sad
EMP1452,2026-06-09,2,Sad
EMP1452,2026-06-11,3,Okay
EMP1452,2026-06-13,3,Okay
EMP1452,2026-06-15,2,Sad
EMP1452,2026-06-17,2,Sad
EMP1452,2026-06-19,2,Sad
EMP1452,2026-06-21,2,Sad
EMP1452,2026-06-23,2,Sad
EMP1452,2026-06-25,2,Sad
EMP1452,2026-06-27,2,Sad
EMP1452,2026-06-29,2,Sad
EMP1452,2026-07-01,3,Okay
EMP1452,2026-07-03,3,Okay
EMP1452,2026-07-07,2,Sad
EMP1452,2026-07-09,4,Happy
EMP1452,2026-07-11,2,Sad
EMP1452,2026-07-13,3,Okay
EMP1452,2026-07-15,4,Happy
EMP1452,2026-07-17,2,Sad
EMP1452,2026-07-19,2,Sad
EMP1452,2026-07-21,1,Frustrated
EMP1452,2026-07-23,3,Okay
EMP1452,2026-07-25,2,Sad
EMP1452,2026-07-27,2,Sad
EMP1452,2026-07-29,2,Sad
EMP1452,2026-07-31,2,Sad
EMP1452,2026-08-02,2,Sad
EMP1452,2026-08-04,2,Sad
EMP1452,2026-08-06,2,Sad
EMP1452,2026-08-08,2,Sad
EMP1452,2026-08-10,2,Sad
EMP1452,2026-08-12,2,Sad
EMP1452,2026-08-14,1,Frustrated
EMP1452,2026-08-16,1,Frustrated
EMP1452,2026-08-18,2,Sad
EMP1452,2026-08-22,1,Frustrated
EMP1452,2026-08-24,1,Frustrated
EMP1452,2026-08-26,1,Frustrated
EMP1453,2026-04-28,3,Okay
EMP1453,2026-04-30,3,Okay
EMP1453,2026-05-02,5,Excited
EMP1453,2026-05-04,4,Happy
EMP1453,2026-05-06,4,Happy
EMP1453,2026-05-08,4,Happy
EMP1453,2026-05-10,4,Happy
EMP1453,2026-05-12,3,Okay
EMP1453,2026-05-14,4,Happy
EMP1453,2026-05-16,4,Happy
EMP1453,2026-05-18,3,Okay
EMP1453,2026-05-20,4,Happy
EMP1453,2026-05-22,3,Okay
EMP1453,2026-05-24,3,Okay
EMP1453,2026-05-26,3,Okay
EMP1453,2026-05-28,4,Happy
EMP1453,2026-06-01,4,Happy
EMP1453,2026-06-03,4,Happy
EMP1453,2026-06-05,4,Happy
EMP1453,2026-06-07,3,Okay
EMP1453,2026-06-09,3,Okay
EMP1453,2026-06-11,4,Happy
EMP1453,2026-06-13,3,Okay
EMP1453,2026-06-15,3,Okay
EMP1453,2026-06-17,4,Happy
EMP1453,2026-06-19,3,Okay
EMP1453,2026-06-23,3,Okay
EMP1453,2026-06-25,5,Excited
EMP1453,2026-06-27,3,Okay
EMP1453,2026-06-29,3,Okay
EMP1453,2026-07-01,4,Happy
EMP1453,2026-07-03,4,Happy
EMP1453,2026-07-05,3,Okay
EMP1453,2026-07-07,3,Okay
EMP1453,2026-07-09,4,Happy
EMP1453,2026-07-11,4,Happy
EMP1453,2026-07-13,2,Sad
EMP1453,2026-07-15,3,Okay
EMP1453,2026-07-17,4,Happy
EMP1453,2026-07-19,5,Excited
EMP1453,2026-07-21,3,Okay
EMP1453,2026-07-23,4,Happy
EMP1453,2026-07-25,2,Sad
EMP1453,2026-07-27,2,Sad
EMP1453,2026-07-29,3,Okay
EMP1453,2026-07-31,4,Happy
EMP1453,2026-08-02,4,Happy
EMP1453,2026-08-04,4,Happy
EMP1453,2026-08-08,5,Excited
EMP1453,2026-08-10,3,Okay
EMP1453,2026-08-12,5,Excited
EMP1453,2026-08-14,4,Happy
EMP1453,2026-08-16,2,Sad
EMP1453,2026-08-18,4,Happy
EMP1453,2026-08-20,3,Okay
EMP1453,2026-08-22,5,Excited
EMP1453,2026-08-24,4,Happy
EMP1454,2026-04-30,3,Okay
EMP1454,2026-05-02,4,Happy
EMP1454,2026-05-04,4,Happy
EMP1454,2026-05-06,3,Okay
EMP1454,2026-05-10,4,Happy
EMP1454,2026-05-14,3,Okay
EMP1454,2026-05-16,3,Okay
EMP1454,2026-05-18,4,Happy
EMP1454,2026-05-20,4,Happy
EMP1454,2026-05-22,4,Happy
EMP1454,2026-05-24,4,Happy
EMP1454,2026-05-26,3,Okay
EMP1454,2026-05-28,3,Okay
EMP1454,2026-05-30,3,Okay
EMP1454,2026-06-01,5,Excited
EMP1454,2026-06-03,4,Happy
EMP1454,2026-06-05,4,Happy
EMP1454,2026-06-07,3,Okay
EMP1454,2026-06-09,4,Happy
EMP1454,2026-06-11,4,Happy
EMP1454,2026-06-13,3,Okay
EMP1454,2026-06-15,4,Happy
EMP1454,2026-06-17,4,Happy
EMP1454,2026-06-19,4,Happy
EMP1454,2026-06-21,4,Happy
EMP1454,2026-06-23,4,Happy
EMP1454,2026-06-27,4,Happy
EMP1454,2026-06-29,4,Happy
EMP1454,2026-07-01,3,Okay
EMP1454,2026-07-03,4,Happy
EMP1454,2026-07-05,4,Happy
EMP1454,2026-07-07,4,Happy
EMP1454,2026-07-09,4,Happy
EMP1454,2026-07-15,4,Happy
EMP1454,2026-07-17,2,Sad
EMP1454,2026-07-19,4,Happy
EMP1454,2026-07-21,3,Okay
EMP1454,2026-07-25,3,Okay
EMP1454,2026-07-27,4,Happy
EMP1454,2026-07-29,3,Okay
EMP1454,2026-07-31,4,Happy
EMP1454,2026-08-02,3,Okay
EMP1454,2026-08-04,3,Okay
EMP1454,2026-08-06,4,Happy
EMP1454,2026-08-08,4,Happy
EMP1454,2026-08-10,3,Okay
EMP1454,2026-08-12,5,Excited
EMP1454,2026-08-14,3,Okay
EMP1454,2026-08-16,4,Happy
EMP1454,2026-08-18,2,Sad
EMP1454,2026-08-20,3,Okay
EMP1454,2026-08-22,3,Okay
EMP1454,2026-08-24,3,Okay
EMP1455,2026-04-28,3,Okay
EMP1455,2026-04-30,3,Okay
EMP1455,2026-05-02,5,Excited
EMP1455,2026-05-04,4,Happy
EMP1455,2026-05-06,4,Happy
EMP1455,2026-05-08,2,Sad
EMP1455,2026-05-12,5,Excited
EMP1455,2026-05-14,3,Okay
EMP1455,2026-05-16,3,Okay
EMP1455,2026-05-18,3,Okay
EMP1455,2026-05-20,5,Excited
EMP1455,2026-05-22,3,Okay
EMP1455,2026-05-24,3,Okay
EMP1455,2026-05-26,2,Sad
EMP1455,2026-05-28,4,Happy
EMP1455,2026-05-30,4,Happy
EMP1455,2026-06-01,3,Okay
EMP1455,2026-06-03,4,Happy
EMP1455,2026-06-05,4,Happy
EMP1455,2026-06-07,3,Okay
EMP1455,2026-06-09,4,Happy
EMP1455,2026-06-11,5,Excited
EMP1455,2026-06-13,5,Excited
EMP1455,2026-06-15,4,Happy
EMP1455,2026-06-17,5,Excited
EMP1455,2026-06-19,4,Happy
EMP1455,2026-06-21,4,Happy
EMP1455,2026-06-23,5,Excited
EMP1455,2026-06-25,4,Happy
EMP1455,2026-06-27,3,Okay
EMP1455,2026-06-29,3,Okay
EMP1455,2026-07-01,3,Okay
EMP1455,2026-07-05,3,Okay
EMP1455,2026-07-07,3,Okay
EMP1455,2026-07-09,3,Okay
EMP1455,2026-07-11,3,Okay
EMP1455,2026-07-13,4,Happy
EMP1455,2026-07-15,4,Happy
EMP1455,2026-07-17,4,Happy
EMP1455,2026-07-19,4,Happy
EMP1455,2026-07-21,5,Excited
EMP1455,2026-07-23,3,Okay
EMP1455,2026-07-25,3,Okay
EMP1455,2026-07-27,4,Happy
EMP1455,2026-07-29,4,Happy
EMP1455,2026-07-31,3,Okay
EMP1455,2026-08-02,4,Happy
EMP1455,2026-08-04,5,Excited
EMP1455,2026-08-06,4,Happy
EMP1455,2026-08-08,3,Okay
EMP1455,2026-08-10,4,Happy
EMP1455,2026-08-12,3,Okay
EMP1455,2026-08-16,3,Okay
EMP1455,2026-08-18,3,Okay
EMP1455,2026-08-20,4,Happy
EMP1455,2026-08-22,3,Okay
EMP1455,2026-08-24,3,Okay
EMP1455,2026-08-26,4,Happy
EMP1456,2026-04-28,5,Excited
EMP1456,2026-04-30,4,Happy
EMP1456,2026-05-02,5,Excited
EMP1456,2026-05-04,5,Excited
EMP1456,2026-05-06,5,Excited
EMP1456,2026-05-08,5,Excited
EMP1456,2026-05-10,5,Excited
EMP1456,2026-05-12,5,Excited
EMP1456,2026-05-14,5,Excited
EMP1456,2026-05-16,5,Excited
EMP1456,2026-05-20,4,Happy
EMP1456,2026-05-22,5,Excited
EMP1456,2026-05-26,4,Happy
EMP1456,2026-05-28,4,Happy
EMP1456,2026-05-30,4,Happy
EMP1456,2026-06-01,5,Excited
EMP1456,2026-06-03,4,Happy
EMP1456,2026-06-05,4,Happy
EMP1456,2026-06-07,5,Excited
EMP1456,2026-06-11,5,Excited
EMP1456,2026-06-17,4,Happy
EMP1456,2026-06-19,5,Excited
EMP1456,2026-06-23,5,Excited
EMP1456,2026-06-25,5,Excited
EMP1456,2026-06-29,4,Happy
EMP1456,2026-07-01,4,Happy
EMP1456,2026-07-03,5,Excited
EMP1456,2026-07-05,4,Happy
EMP1456,2026-07-07,5,Excited
EMP1456,2026-07-09,4,Happy
EMP1456,2026-07-13,5,Excited
EMP1456,2026-07-15,4,Happy
EMP1456,2026-07-17,4,Happy
EMP1456,2026-07-21,5,Excited
EMP1456,2026-07-23,4,Happy
EMP1456,2026-07-25,5,Excited
EMP1456,2026-07-27,5,Excited
EMP1456,2026-07-29,5,Excited
EMP1456,2026-07-31,4,Happy
EMP1456,2026-08-02,5,Excited
EMP1456,2026-08-04,5,Excited
EMP1456,2026-08-06,5,Excited
EMP1456,2026-08-08,4,Happy
EMP1456,2026-08-10,5,Excited
EMP1456,2026-08-12,5,Excited
EMP1456,2026-08-14,5,Excited
EMP1456,2026-08-16,4,Happy
EMP1456,2026-08-18,5,Excited
EMP1456,2026-08-20,4,Happy
EMP1456,2026-08-22,5,Excited
EMP1456,2026-08-26,4,Happy
EMP1457,2026-04-28,2,Sad
EMP1457,2026-04-30,2,Sad
EMP1457,2026-05-02,2,Sad
EMP1457,2026-05-04,1,Frustrated
EMP1457,2026-05-06,3,Okay
EMP1457,2026-05-08,1,Frustrated
EMP1457,2026-05-10,2,Sad
EMP1457,2026-05-12,2,Sad
EMP1457,2026-05-14,3,Okay
EMP1457,2026-05-16,1,Frustrated
EMP1457,2026-05-18,2,Sad
EMP1457,2026-05-20,2,Sad
EMP1457,2026-05-22,1,Frustrated
EMP1457,2026-05-24,1,Frustrated
EMP1457,2026-05-26,1,Frustrated
EMP1457,2026-05-28,1,Frustrated
EMP1457,2026-06-01,2,Sad
EMP1457,2026-06-03,2,Sad
EMP1457,2026-06-05,1,Frustrated
EMP1457,2026-06-07,2,Sad
EMP1457,2026-06-09,2,Sad
EMP1457,2026-06-11,2,Sad
EMP1457,2026-06-13,2,Sad
EMP1457,2026-06-15,2,Sad
EMP1457,2026-06-17,1,Frustrated
EMP1457,2026-06-19,2,Sad
EMP1457,2026-06-21,2,Sad
EMP1457,2026-06-23,1,Frustrated
EMP1457,2026-06-25,1,Frustrated
EMP1457,2026-06-27,2,Sad
EMP1457,2026-06-29,2,Sad
EMP1457,2026-07-01,1,Frustrated
EMP1457,2026-07-03,2,Sad
EMP1457,2026-07-05,1,Frustrated
EMP1457,2026-07-07,1,Frustrated
EMP1457,2026-07-09,1,Frustrated
EMP1457,2026-07-13,3,Okay
EMP1457,2026-07-15,1,Frustrated
EMP1457,2026-07-17,1,Frustrated
EMP1457,2026-07-19,2,Sad
EMP1457,2026-07-21,2,Sad
EMP1457,2026-07-23,2,Sad
EMP1457,2026-07-25,1,Frustrated
EMP1457,2026-07-27,2,Sad
EMP1457,2026-07-29,1,Frustrated
EMP1457,2026-07-31,1,Frustrated
EMP1457,2026-08-02,2,Sad
EMP1457,2026-08-04,1,Frustrated
EMP1457,2026-08-06,2,Sad
EMP1457,2026-08-10,1,Frustrated
EMP1457,2026-08-12,2,Sad
EMP1457,2026-08-14,1,Frustrated
EMP1457,2026-08-16,2,Sad
EMP1457,2026-08-18,2,Sad
EMP1457,2026-08-20,1,Frustrated
EMP1457,2026-08-22,1,Frustrated
EMP1457,2026-08-24,1,Frustrated
EMP1458,2026-04-28,4,Happy
EMP1458,2026-04-30,5,Excited
EMP1458,2026-05-04,4,Happy
EMP1458,2026-05-06,5,Excited
EMP1458,2026-05-08,4,Happy
EMP1458,2026-05-10,4,Happy
EMP1458,2026-05-12,5,Excited
EMP1458,2026-05-14,5,Excited
EMP1458,2026-05-16,4,Happy
EMP1458,2026-05-18,5,Excited
EMP1458,2026-05-20,5,Excited
EMP1458,2026-05-22,5,Excited
EMP1458,2026-05-24,5,Excited
EMP1458,2026-05-26,5,Excited
EMP1458,2026-05-28,5,Excited
EMP1458,2026-06-01,5,Excited
EMP1458,2026-06-03,3,Okay
EMP1458,2026-06-05,4,Happy
EMP1458,2026-06-07,5,Excited
EMP1458,2026-06-09,4,Happy
EMP1458,2026-06-13,4,Happy
EMP1458,2026-06-15,4,Happy
EMP1458,2026-06-17,5,Excited
EMP1458,2026-06-19,5,Excited
EMP1458,2026-06-21,5,Excited
EMP1458,2026-06-23,5,Excited
EMP1458,2026-06-25,4,Happy
EMP1458,2026-06-27,4,Happy
EMP1458,2026-06-29,5,Excited
EMP1458,2026-07-01,4,Happy
EMP1458,2026-07-03,5,Excited
EMP1458,2026-07-05,5,Excited
EMP1458,2026-07-07,4,Happy
EMP1458,2026-07-09,4,Happy
EMP1458,2026-07-11,5,Excited
EMP1458,2026-07-13,5,Excited
EMP1458,2026-07-15,5,Excited
EMP1458,2026-07-17,5,Excited
EMP1458,2026-07-19,5,Excited
EMP1458,2026-07-21,4,Happy
EMP1458,2026-07-23,5,Excited
EMP1458,2026-07-25,5,Excited
EMP1458,2026-07-27,4,Happy
EMP1458,2026-07-29,5,Excited
EMP1458,2026-08-02,4,Happy
EMP1458,2026-08-04,4,Happy
EMP1458,2026-08-06,5,Excited
EMP1458,2026-08-08,4,Happy
EMP1458,2026-08-14,4,Happy
EMP1458,2026-08-16,5,Excited
EMP1458,2026-08-18,4,Happy
EMP1458,2026-08-20,4,Happy
EMP1458,2026-08-24,4,Happy
EMP1458,2026-08-26,4,Happy
EMP1459,2026-04-28,2,Sad
EMP1459,2026-05-02,1,Frustrated
EMP1459,2026-05-04,3,Okay
EMP1459,2026-05-06,3,Okay
EMP1459,2026-05-08,3,Okay
EMP1459,2026-05-10,3,Okay
EMP1459,2026-05-12,3,Okay
EMP1459,2026-05-14,2,Sad
EMP1459,2026-05-18,2,Sad
EMP1459,2026-05-20,1,Frustrated
EMP1459,2026-05-22,4,Happy
EMP1459,2026-05-24,2,Sad
EMP1459,2026-05-26,2,Sad
EMP1459,2026-05-28,2,Sad
EMP1459,2026-05-30,2,Sad
EMP1459,2026-06-05,1,Frustrated
EMP1459,2026-06-07,3,Okay
EMP1459,2026-06-09,2,Sad
EMP1459,2026-06-13,3,Okay
EMP1459,2026-06-15,3,Okay
EMP1459,2026-06-17,2,Sad
EMP1459,2026-06-19,2,Sad
EMP1459,2026-06-21,3,Okay
EMP1459,2026-06-23,2,Sad
EMP1459,2026-06-25,2,Sad
EMP1459,2026-06-27,3,Okay
EMP1459,2026-07-01,1,Frustrated
EMP1459,2026-07-03,3,Okay
EMP1459,2026-07-05,1,Frustrated
EMP1459,2026-07-07,2,Sad
EMP1459,2026-07-09,3,Okay
EMP1459,2026-07-11,2,Sad
EMP1459,2026-07-13,3,Okay
EMP1459,2026-07-15,3,Okay
EMP1459,2026-07-17,1,Frustrated
EMP1459,2026-07-19,3,Okay
EMP1459,2026-07-21,2,Sad
EMP1459,2026-07-23,2,Sad
EMP1459,2026-07-25,2,Sad
EMP1459,2026-07-27,2,Sad
EMP1459,2026-07-29,3,Okay
EMP1459,2026-07-31,3,Okay
EMP1459,2026-08-02,3,Okay
EMP1459,2026-08-06,4,Happy
EMP1459,2026-08-08,3,Okay
EMP1459,2026-08-10,3,Okay
EMP1459,2026-08-12,2,Sad
EMP1459,2026-08-14,3,Okay
EMP1459,2026-08-16,3,Okay
EMP1459,2026-08-18,3,Okay
EMP1459,2026-08-20,3,Okay
EMP1459,2026-08-22,3,Okay
EMP1459,2026-08-24,3,Okay
EMP1459,2026-08-26,1,Frustrated
EMP1460,2026-04-28,3,Okay
EMP1460,2026-04-30,3,Okay
EMP1460,2026-05-02,3,Okay
EMP1460,2026-05-04,4,Happy
EMP1460,2026-05-06,4,Happy
EMP1460,2026-05-08,3,Okay
EMP1460,2026-05-10,2,Sad
EMP1460,2026-05-12,3,Okay
EMP1460,2026-05-16,4,Happy
EMP1460,2026-05-18,3,Okay
EMP1460,2026-05-20,3,Okay
EMP1460,2026-05-22,2,Sad
EMP1460,2026-05-24,4,Happy
EMP1460,2026-05-26,3,Okay
EMP1460,2026-05-28,4,Happy
EMP1460,2026-05-30,3,Okay
EMP1460,2026-06-01,5,Excited
EMP1460,2026-06-03,3,Okay
EMP1460,2026-06-05,3,Okay
EMP1460,2026-06-07,4,Happy
EMP1460,2026-06-09,4,Happy
EMP1460,2026-06-11,4,Happy
EMP1460,2026-06-13,2,Sad
EMP1460,2026-06-15,3,Okay
EMP1460,2026-06-17,4,Happy
EMP1460,2026-06-19,4,Happy
EMP1460,2026-06-21,4,Happy
EMP1460,2026-06-23,3,Okay
EMP1460,2026-06-25,4,Happy
EMP1460,2026-06-27,3,Okay
EMP1460,2026-06-29,4,Happy
EMP1460,2026-07-01,4,Happy
EMP1460,2026-07-05,4,Happy
EMP1460,2026-07-07,5,Excited
EMP1460,2026-07-09,4,Happy
EMP1460,2026-07-11,3,Okay
EMP1460,2026-07-13,3,Okay
EMP1460,2026-07-15,2,Sad
EMP1460,2026-07-17,4,Happy
EMP1460,2026-07-19,3,Okay
EMP1460,2026-07-21,3,Okay
EMP1460,2026-07-23,4,Happy
EMP1460,2026-07-25,3,Okay
EMP1460,2026-07-27,4,Happy
EMP1460,2026-07-29,3,Okay
EMP1460,2026-08-02,4,Happy
EMP1460,2026-08-04,4,Happy
EMP1460,2026-08-06,4,Happy
EMP1460,2026-08-08,3,Okay
EMP1460,2026-08-12,4,Happy
EMP1460,2026-08-14,5,Excited
EMP1460,2026-08-16,4,Happy
EMP1460,2026-08-18,5,Excited
EMP1460,2026-08-20,3,Okay
EMP1460,2026-08-22,4,Happy
EMP1460,2026-08-24,4,Happy
EMP1460,2026-08-26,3,Okay
EMP1461,2026-04-28,4,Happy
EMP1461,2026-04-30,5,Excited
EMP1461,2026-05-02,4,Happy
EMP1461,2026-05-04,4,Happy
EMP1461,2026-05-06,5,Excited
EMP1461,2026-05-08,5,Excited
EMP1461,2026-05-10,4,Happy
EMP1461,2026-05-12,3,Okay
EMP1461,2026-05-14,4,Happy
EMP1461,2026-05-16,4,Happy
EMP1461,2026-05-18,3,Okay
EMP1461,2026-05-20,5,Excited
EMP1461,2026-05-22,3,Okay
EMP1461,2026-05-24,3,Okay
EMP1461,2026-05-28,3,Okay
EMP1461,2026-05-30,4,Happy
EMP1461,2026-06-01,4,Happy
EMP1461,2026-06-03,3,Okay
EMP1461,2026-06-05,4,Happy
EMP1461,2026-06-07,3,Okay
EMP1461,2026-06-09,2,Sad
EMP1461,2026-06-11,4,Happy
EMP1461,2026-06-13,4,Happy
EMP1461,2026-06-15,4,Happy
EMP1461,2026-06-17,3,Okay
EMP1461,2026-06-19,4,Happy
EMP1461,2026-06-21,3,Okay
EMP1461,2026-06-25,3,Okay
EMP1461,2026-06-27,4,Happy
EMP1461,2026-06-29,3,Okay
EMP1461,2026-07-01,4,Happy
EMP1461,2026-07-03,4,Happy
EMP1461,2026-07-05,2,Sad
EMP1461,2026-07-07,3,Okay
EMP1461,2026-07-11,4,Happy
EMP1461,2026-07-15,3,Okay
EMP1461,2026-07-17,4,Happy
EMP1461,2026-07-19,3,Okay
EMP1461,2026-07-21,3,Okay
EMP1461,2026-07-23,4,Happy
EMP1461,2026-07-25,4,Happy
EMP1461,2026-07-27,4,Happy
EMP1461,2026-07-29,4,Happy
EMP1461,2026-07-31,3,Okay
EMP1461,2026-08-02,4,Happy
EMP1461,2026-08-04,4,Happy
EMP1461,2026-08-06,4,Happy
EMP1461,2026-08-08,4,Happy
EMP1461,2026-08-10,4,Happy
EMP1461,2026-08-12,5,Excited
EMP1461,2026-08-14,5,Excited
EMP1461,2026-08-16,5,Excited
EMP1461,2026-08-18,4,Happy
EMP1461,2026-08-20,3,Okay
EMP1461,2026-08-22,3,Okay
EMP1461,2026-08-24,4,Happy
EMP1461,2026-08-26,3,Okay
EMP1462,2026-04-28,1,Frustrated
EMP1462,2026-05-04,3,Okay
EMP1462,2026-05-06,3,Okay
EMP1462,2026-05-08,3,Okay
EMP1462,2026-05-10,3,Okay
EMP1462,2026-05-12,2,Sad
EMP1462,2026-05-16,3,Okay
EMP1462,2026-05-18,3,Okay
EMP1462,2026-05-20,3,Okay
EMP1462,2026-05-22,3,Okay
EMP1462,2026-05-24,3,Okay
EMP1462,2026-05-26,2,Sad
EMP1462,2026-05-28,1,Frustrated
EMP1462,2026-05-30,2,Sad
EMP1462,2026-06-01,3,Okay
EMP1462,2026-06-03,3,Okay
EMP1462,2026-06-05,2,Sad
EMP1462,2026-06-07,3,Okay
EMP1462,2026-06-09,3,Okay
EMP1462,2026-06-11,3,Okay
EMP1462,2026-06-13,2,Sad
EMP1462,2026-06-15,3,Okay
EMP1462,2026-06-17,3,Okay
EMP1462,2026-06-19,2,Sad
EMP1462,2026-06-23,2,Sad
EMP1462,2026-06-27,2,Sad
EMP1462,2026-06-29,2,Sad
EMP1462,2026-07-01,3,Okay
EMP1462,2026-07-05,3,Okay
EMP1462,2026-07-07,3,Okay
EMP1462,2026-07-09,3,Okay
EMP1462,2026-07-11,4,Happy
EMP1462,2026-07-13,3,Okay
EMP1462,2026-07-15,2,Sad
EMP1462,2026-07-17,3,Okay
EMP1462,2026-07-19,2,Sad
EMP1462,2026-07-21,2,Sad
EMP1462,2026-07-23,2,Sad
EMP1462,2026-07-25,3,Okay
EMP1462,2026-07-27,2,Sad
EMP1462,2026-07-29,2,Sad
EMP1462,2026-07-31,2,Sad
EMP1462,2026-08-02,2,Sad
EMP1462,2026-08-04,2,Sad
EMP1462,2026-08-06,2,Sad
EMP1462,2026-08-08,3,Okay
EMP1462,2026-08-10,3,Okay
EMP1462,2026-08-12,3,Okay
EMP1462,2026-08-14,4,Happy
EMP1462,2026-08-18,2,Sad
EMP1462,2026-08-20,2,Sad
EMP1462,2026-08-22,4,Happy
EMP1462,2026-08-24,3,Okay
EMP1462,2026-08-26,3,Okay
EMP1463,2026-04-30,2,Sad
EMP1463,2026-05-02,3,Okay
EMP1463,2026-05-04,2,Sad
EMP1463,2026-05-06,2,Sad
EMP1463,2026-05-08,3,Okay
EMP1463,2026-05-10,3,Okay
EMP1463,2026-05-12,2,Sad
EMP1463,2026-05-14,2,Sad
EMP1463,2026-05-16,2,Sad
EMP1463,2026-05-18,2,Sad
EMP1463,2026-05-20,1,Frustrated
EMP1463,2026-05-24,3,Okay
EMP1463,2026-05-26,2,Sad
EMP1463,2026-05-28,2,Sad
EMP1463,2026-05-30,2,Sad
EMP1463,2026-06-01,2,Sad
EMP1463,2026-06-03,2,Sad
EMP1463,2026-06-05,2,Sad
EMP1463,2026-06-07,2,Sad
EMP1463,2026-06-09,2,Sad
EMP1463,2026-06-11,2,Sad
EMP1463,2026-06-13,2,Sad
EMP1463,2026-06-15,2,Sad
EMP1463,2026-06-17,2,Sad
EMP1463,2026-06-19,2,Sad
EMP1463,2026-06-21,3,Okay
EMP1463,2026-06-23,2,Sad
EMP1463,2026-06-25,3,Okay
EMP1463,2026-06-27,2,Sad
EMP1463,2026-06-29,2,Sad
EMP1463,2026-07-01,3,Okay
EMP1463,2026-07-03,2,Sad
EMP1463,2026-07-05,2,Sad
EMP1463,2026-07-07,2,Sad
EMP1463,2026-07-09,1,Frustrated
EMP1463,2026-07-11,1,Frustrated
EMP1463,2026-07-13,2,Sad
EMP1463,2026-07-15,1,Frustrated
EMP1463,2026-07-19,2,Sad
EMP1463,2026-07-21,2,Sad
EMP1463,2026-07-23,3,Okay
EMP1463,2026-07-25,3,Okay
EMP1463,2026-07-27,2,Sad
EMP1463,2026-07-29,1,Frustrated
EMP1463,2026-07-31,1,Frustrated
EMP1463,2026-08-02,2,Sad
EMP1463,2026-08-06,2,Sad
EMP1463,2026-08-08,1,Frustrated
EMP1463,2026-08-10,2,Sad
EMP1463,2026-08-12,2,Sad
EMP1463,2026-08-14,2,Sad
EMP1463,2026-08-16,1,Frustrated
EMP1463,2026-08-18,2,Sad
EMP1463,2026-08-20,1,Frustrated
EMP1463,2026-08-22,2,Sad
EMP1463,2026-08-24,1,Frustrated
EMP1463,2026-08-26,2,Sad
EMP1464,2026-04-28,2,Sad
EMP1464,2026-04-30,2,Sad
EMP1464,2026-05-02,1,Frustrated
EMP1464,2026-05-06,2,Sad
EMP1464,2026-05-08,2,Sad
EMP1464,2026-05-10,1,Frustrated
EMP1464,2026-05-12,1,Frustrated
EMP1464,2026-05-14,2,Sad
EMP1464,2026-05-20,3,Okay
EMP1464,2026-05-22,1,Frustrated
EMP1464,2026-05-24,2,Sad
EMP1464,2026-05-28,2,Sad
EMP1464,2026-05-30,2,Sad
EMP1464,2026-06-01,3,Okay
EMP1464,2026-06-03,2,Sad
EMP1464,2026-06-07,2,Sad
EMP1464,2026-06-09,2,Sad
EMP1464,2026-06-11,2,Sad
EMP1464,2026-06-13,2,Sad
EMP1464,2026-06-15,2,Sad
EMP1464,2026-06-17,1,Frustrated
EMP1464,2026-06-19,2,Sad
EMP1464,2026-06-23,2,Sad
EMP1464,2026-06-25,1,Frustrated
EMP1464,2026-06-27,1,Frustrated
EMP1464,2026-06-29,1,Frustrated
EMP1464,2026-07-01,1,Frustrated
EMP1464,2026-07-03,1,Frustrated
EMP1464,2026-07-05,1,Frustrated
EMP1464,2026-07-09,1,Frustrated
EMP1464,2026-07-11,1,Frustrated
EMP1464,2026-07-13,1,Frustrated
EMP1464,2026-07-15,1,Frustrated
EMP1464,2026-07-17,1,Frustrated
EMP1464,2026-07-19,1,Frustrated
EMP1464,2026-07-21,1,Frustrated
EMP1464,2026-07-23,1,Frustrated
EMP1464,2026-07-27,1,Frustrated
EMP1464,2026-07-29,1,Frustrated
EMP1464,2026-07-31,1,Frustrated
EMP1464,2026-08-02,1,Frustrated
EMP1464,2026-08-04,1,Frustrated
EMP1464,2026-08-06,1,Frustrated
EMP1464,2026-08-08,2,Sad
EMP1464,2026-08-10,1,Frustrated
EMP1464,2026-08-14,1,Frustrated
EMP1464,2026-08-18,1,Frustrated
EMP1464,2026-08-20,2,Sad
EMP1464,2026-08-22,1,Frustrated
EMP1464,2026-08-24,1,Frustrated
EMP1464,2026-08-26,1,Frustrated
EMP1465,2026-04-30,2,Sad
EMP1465,2026-05-02,3,Okay
EMP1465,2026-05-04,4,Happy
EMP1465,2026-05-06,2,Sad
EMP1465,2026-05-08,4,Happy
EMP1465,2026-05-10,3,Okay
EMP1465,2026-05-12,2,Sad
EMP1465,2026-05-14,3,Okay
EMP1465,2026-05-16,3,Okay
EMP1465,2026-05-18,2,Sad
EMP1465,2026-05-20,3,Okay
EMP1465,2026-05-22,1,Frustrated
EMP1465,2026-05-24,3,Okay
EMP1465,2026-06-01,3,Okay
EMP1465,2026-06-03,1,Frustrated
EMP1465,2026-06-05,4,Happy
EMP1465,2026-06-07,3,Okay
EMP1465,2026-06-09,3,Okay
EMP1465,2026-06-11,2,Sad
EMP1465,2026-06-13,1,Frustrated
EMP1465,2026-06-15,3,Okay
EMP1465,2026-06-17,2,Sad
EMP1465,2026-06-19,2,Sad
EMP1465,2026-06-21,3,Okay
EMP1465,2026-06-25,3,Okay
EMP1465,2026-06-27,2,Sad
EMP1465,2026-06-29,2,Sad
EMP1465,2026-07-01,3,Okay
EMP1465,2026-07-03,1,Frustrated
EMP1465,2026-07-05,2,Sad
EMP1465,2026-07-07,2,Sad
EMP1465,2026-07-11,2,Sad
EMP1465,2026-07-13,3,Okay
EMP1465,2026-07-15,1,Frustrated
EMP1465,2026-07-17,1,Frustrated
EMP1465,2026-07-19,2,Sad
EMP1465,2026-07-21,4,Happy
EMP1465,2026-07-25,2,Sad
EMP1465,2026-07-27,2,Sad
EMP1465,2026-07-29,3,Okay
EMP1465,2026-07-31,3,Okay
EMP1465,2026-08-02,1,Frustrated
EMP1465,2026-08-04,1,Frustrated
EMP1465,2026-08-06,4,Happy
EMP1465,2026-08-08,2,Sad
EMP1465,2026-08-10,2,Sad
EMP1465,2026-08-12,3,Okay
EMP1465,2026-08-14,2,Sad
EMP1465,2026-08-16,2,Sad
EMP1465,2026-08-18,2,Sad
EMP1465,2026-08-22,2,Sad
EMP1465,2026-08-24,2,Sad
EMP1466,2026-04-30,2,Sad
EMP1466,2026-05-02,2,Sad
EMP1466,2026-05-04,2,Sad
EMP1466,2026-05-06,3,Okay
EMP1466,2026-05-08,3,Okay
EMP1466,2026-05-10,2,Sad
EMP1466,2026-05-12,3,Okay
EMP1466,2026-05-14,1,Frustrated
EMP1466,2026-05-16,3,Okay
EMP1466,2026-05-18,2,Sad
EMP1466,2026-05-22,2,Sad
EMP1466,2026-05-24,2,Sad
EMP1466,2026-05-26,3,Okay
EMP1466,2026-05-28,3,Okay
EMP1466,2026-05-30,1,Frustrated
EMP1466,2026-06-03,3,Okay
EMP1466,2026-06-05,2,Sad
EMP1466,2026-06-07,2,Sad
EMP1466,2026-06-09,2,Sad
EMP1466,2026-06-11,2,Sad
EMP1466,2026-06-19,2,Sad
EMP1466,2026-06-21,1,Frustrated
EMP1466,2026-06-23,1,Frustrated
EMP1466,2026-06-25,2,Sad
EMP1466,2026-06-27,1,Frustrated
EMP1466,2026-06-29,2,Sad
EMP1466,2026-07-01,1,Frustrated
EMP1466,2026-07-03,2,Sad
EMP1466,2026-07-05,2,Sad
EMP1466,2026-07-07,2,Sad
EMP1466,2026-07-09,1,Frustrated
EMP1466,2026-07-11,1,Frustrated
EMP1466,2026-07-13,2,Sad
EMP1466,2026-07-17,1,Frustrated
EMP1466,2026-07-19,1,Frustrated
EMP1466,2026-07-23,1,Frustrated
EMP1466,2026-07-27,1,Frustrated
EMP1466,2026-07-29,2,Sad
EMP1466,2026-07-31,2,Sad
EMP1466,2026-08-02,1,Frustrated
EMP1466,2026-08-04,2,Sad
EMP1466,2026-08-06,1,Frustrated
EMP1466,2026-08-08,2,Sad
EMP1466,2026-08-10,1,Frustrated
EMP1466,2026-08-14,1,Frustrated
EMP1466,2026-08-16,1,Frustrated
EMP1466,2026-08-18,1,Frustrated
EMP1466,2026-08-20,1,Frustrated
EMP1466,2026-08-22,1,Frustrated
EMP1466,2026-08-24,1,Frustrated
EMP1466,2026-08-26,1,Frustrated
EMP1467,2026-04-28,3,Okay
EMP1467,2026-04-30,3,Okay
EMP1467,2026-05-02,4,Happy
EMP1467,2026-05-04,5,Excited
EMP1467,2026-05-06,3,Okay
EMP1467,2026-05-08,4,Happy
EMP1467,2026-05-10,3,Okay
EMP1467,2026-05-12,3,Okay
EMP1467,2026-05-14,3,Okay
EMP1467,2026-05-16,3,Okay
EMP1467,2026-05-18,3,Okay
EMP1467,2026-05-20,3,Okay
EMP1467,2026-05-22,3,Okay
EMP1467,2026-05-24,5,Excited
EMP1467,2026-05-26,3,Okay
EMP1467,2026-05-28,4,Happy
EMP1467,2026-05-30,4,Happy
EMP1467,2026-06-01,2,Sad
EMP1467,2026-06-03,2,Sad
EMP1467,2026-06-05,4,Happy
EMP1467,2026-06-07,3,Okay
EMP1467,2026-06-09,3,Okay
EMP1467,2026-06-11,2,Sad
EMP1467,2026-06-13,3,Okay
EMP1467,2026-06-15,3,Okay
EMP1467,2026-06-17,4,Happy
EMP1467,2026-06-19,5,Excited
EMP1467,2026-06-21,3,Okay
EMP1467,2026-06-23,5,Excited
EMP1467,2026-06-25,4,Happy
EMP1467,2026-06-27,3,Okay
EMP1467,2026-07-01,3,Okay
EMP1467,2026-07-03,3,Okay
EMP1467,2026-07-05,3,Okay
EMP1467,2026-07-07,3,Okay
EMP1467,2026-07-09,4,Happy
EMP1467,2026-07-17,3,Okay
EMP1467,2026-07-19,3,Okay
EMP1467,2026-07-21,4,Happy
EMP1467,2026-07-23,4,Happy
EMP1467,2026-07-25,4,Happy
EMP1467,2026-07-27,4,Happy
EMP1467,2026-07-29,3,Okay
EMP1467,2026-07-31,3,Okay
EMP1467,2026-08-02,4,Happy
EMP1467,2026-08-04,4,Happy
EMP1467,2026-08-06,5,Excited
EMP1467,2026-08-12,4,Happy
EMP1467,2026-08-14,3,Okay
EMP1467,2026-08-16,3,Okay
EMP1467,2026-08-18,3,Okay
EMP1467,2026-08-20,3,Okay
EMP1467,2026-08-22,5,Excited
EMP1467,2026-08-24,4,Happy
EMP1467,2026-08-26,3,Okay
EMP1468,2026-04-28,4,Happy
EMP1468,2026-04-30,4,Happy
EMP1468,2026-05-02,4,Happy
EMP1468,2026-05-04,4,Happy
EMP1468,2026-05-08,3,Okay
EMP1468,2026-05-10,4,Happy
EMP1468,2026-05-12,3,Okay
EMP1468,2026-05-14,3,Okay
EMP1468,2026-05-16,3,Okay
EMP1468,2026-05-18,4,Happy
EMP1468,2026-05-20,4,Happy
EMP1468,2026-05-24,4,Happy
EMP1468,2026-05-26,4,Happy
EMP1468,2026-05-28,4,Happy
EMP1468,2026-05-30,4,Happy
EMP1468,2026-06-01,5,Excited
EMP1468,2026-06-03,4,Happy
EMP1468,2026-06-05,3,Okay
EMP1468,2026-06-07,3,Okay
EMP1468,2026-06-09,4,Happy
EMP1468,2026-06-11,4,Happy
EMP1468,2026-06-13,3,Okay
EMP1468,2026-06-15,3,Okay
EMP1468,2026-06-19,4,Happy
EMP1468,2026-06-21,3,Okay
EMP1468,2026-06-27,4,Happy
EMP1468,2026-06-29,4,Happy
EMP1468,2026-07-01,5,Excited
EMP1468,2026-07-03,3,Okay
EMP1468,2026-07-05,4,Happy
EMP1468,2026-07-07,4,Happy
EMP1468,2026-07-09,3,Okay
EMP1468,2026-07-13,5,Excited
EMP1468,2026-07-15,3,Okay
EMP1468,2026-07-17,3,Okay
EMP1468,2026-07-19,5,Excited
EMP1468,2026-07-21,3,Okay
EMP1468,2026-07-23,3,Okay
EMP1468,2026-07-25,3,Okay
EMP1468,2026-07-29,4,Happy
EMP1468,2026-07-31,3,Okay
EMP1468,2026-08-02,3,Okay
EMP1468,2026-08-04,3,Okay
EMP1468,2026-08-06,4,Happy
EMP1468,2026-08-08,5,Excited
EMP1468,2026-08-10,4,Happy
EMP1468,2026-08-12,4,Happy
EMP1468,2026-08-14,5,Excited
EMP1468,2026-08-16,4,Happy
EMP1468,2026-08-18,4,Happy
EMP1468,2026-08-20,3,Okay
EMP1468,2026-08-22,2,Sad
EMP1468,2026-08-24,4,Happy
EMP1468,2026-08-26,3,Okay
EMP1469,2026-04-30,3,Okay
EMP1469,2026-05-02,3,Okay
EMP1469,2026-05-04,3,Okay
EMP1469,2026-05-06,3,Okay
EMP1469,2026-05-08,4,Happy
EMP1469,2026-05-10,3,Okay
EMP1469,2026-05-12,3,Okay
EMP1469,2026-05-14,5,Excited
EMP1469,2026-05-16,4,Happy
EMP1469,2026-05-20,4,Happy
EMP1469,2026-05-22,4,Happy
EMP1469,2026-05-24,3,Okay
EMP1469,2026-05-26,3,Okay
EMP1469,2026-05-28,3,Okay
EMP1469,2026-05-30,5,Excited
EMP1469,2026-06-01,4,Happy
EMP1469,2026-06-03,4,Happy
EMP1469,2026-06-05,5,Excited
EMP1469,2026-06-07,3,Okay
EMP1469,2026-06-09,4,Happy
EMP1469,2026-06-11,2,Sad
EMP1469,2026-06-13,3,Okay
EMP1469,2026-06-15,2,Sad
EMP1469,2026-06-17,4,Happy
EMP1469,2026-06-19,4,Happy
EMP1469,2026-06-21,3,Okay
EMP1469,2026-06-23,3,Okay
EMP1469,2026-06-25,5,Excited
EMP1469,2026-06-29,4,Happy
EMP1469,2026-07-01,3,Okay
EMP1469,2026-07-03,3,Okay
EMP1469,2026-07-05,4,Happy
EMP1469,2026-07-07,3,Okay
EMP1469,2026-07-09,3,Okay
EMP1469,2026-07-13,2,Sad
EMP1469,2026-07-15,4,Happy
EMP1469,2026-07-17,4,Happy
EMP1469,2026-07-21,4,Happy
EMP1469,2026-07-23,5,Excited
EMP1469,2026-07-25,3,Okay
EMP1469,2026-07-27,4,Happy
EMP1469,2026-07-29,5,Excited
EMP1469,2026-07-31,3,Okay
EMP1469,2026-08-04,3,Okay
EMP1469,2026-08-06,3,Okay
EMP1469,2026-08-08,3,Okay
EMP1469,2026-08-10,3,Okay
EMP1469,2026-08-12,5,Excited
EMP1469,2026-08-14,5,Excited
EMP1469,2026-08-16,4,Happy
EMP1469,2026-08-18,4,Happy
EMP1469,2026-08-20,4,Happy
EMP1469,2026-08-22,3,Okay
EMP1469,2026-08-26,3,Okay
EMP1470,2026-04-28,1,Frustrated
EMP1470,2026-04-30,2,Sad
EMP1470,2026-05-02,2,Sad
EMP1470,2026-05-04,2,Sad
EMP1470,2026-05-08,1,Frustrated
EMP1470,2026-05-10,3,Okay
EMP1470,2026-05-12,2,Sad
EMP1470,2026-05-14,3,Okay
EMP1470,2026-05-16,3,Okay
EMP1470,2026-05-18,2,Sad
EMP1470,2026-05-20,4,Happy
EMP1470,2026-05-22,2,Sad
EMP1470,2026-05-24,3,Okay
EMP1470,2026-05-26,3,Okay
EMP1470,2026-05-30,3,Okay
EMP1470,2026-06-01,3,Okay
EMP1470,2026-06-03,3,Okay
EMP1470,2026-06-05,4,Happy
EMP1470,2026-06-07,2,Sad
EMP1470,2026-06-09,2,Sad
EMP1470,2026-06-11,2,Sad
EMP1470,2026-06-13,3,Okay
EMP1470,2026-06-15,3,Okay
EMP1470,2026-06-17,1,Frustrated
EMP1470,2026-06-19,2,Sad
EMP1470,2026-06-21,3,Okay
EMP1470,2026-06-23,2,Sad
EMP1470,2026-06-25,2,Sad
EMP1470,2026-06-27,2,Sad
EMP1470,2026-06-29,2,Sad
EMP1470,2026-07-01,2,Sad
EMP1470,2026-07-03,3,Okay
EMP1470,2026-07-05,2,Sad
EMP1470,2026-07-09,1,Frustrated
EMP1470,2026-07-11,3,Okay
EMP1470,2026-07-13,2,Sad
EMP1470,2026-07-15,4,Happy
EMP1470,2026-07-17,2,Sad
EMP1470,2026-07-19,3,Okay
EMP1470,2026-07-21,4,Happy
EMP1470,2026-07-23,3,Okay
EMP1470,2026-07-27,2,Sad
EMP1470,2026-07-29,3,Okay
EMP1470,2026-07-31,3,Okay
EMP1470,2026-08-02,3,Okay
EMP1470,2026-08-04,3,Okay
EMP1470,2026-08-06,2,Sad
EMP1470,2026-08-08,3,Okay
EMP1470,2026-08-10,3,Okay
EMP1470,2026-08-12,2,Sad
EMP1470,2026-08-14,2,Sad
EMP1470,2026-08-16,2,Sad
EMP1470,2026-08-18,3,Okay
EMP1470,2026-08-20,3,Okay
EMP1470,2026-08-22,3,Okay
EMP1470,2026-08-24,2,Sad
EMP1470,2026-08-26,2,Sad
EMP1471,2026-04-28,3,Okay
EMP1471,2026-04-30,2,Sad
EMP1471,2026-05-02,2,Sad
EMP1471,2026-05-04,2,Sad
EMP1471,2026-05-06,2,Sad
EMP1471,2026-05-08,1,Frustrated
EMP1471,2026-05-10,2,Sad
EMP1471,2026-05-12,1,Frustrated
EMP1471,2026-05-14,1,Frustrated
EMP1471,2026-05-16,3,Okay
EMP1471,2026-05-20,2,Sad
EMP1471,2026-05-22,2,Sad
EMP1471,2026-05-24,3,Okay
EMP1471,2026-05-26,1,Frustrated
EMP1471,2026-05-28,2,Sad
EMP1471,2026-05-30,2,Sad
EMP1471,2026-06-01,2,Sad
EMP1471,2026-06-03,1,Frustrated
EMP1471,2026-06-05,2,Sad
EMP1471,2026-06-07,1,Frustrated
EMP1471,2026-06-09,2,Sad
EMP1471,2026-06-11,2,Sad
EMP1471,2026-06-13,2,Sad
EMP1471,2026-06-15,1,Frustrated
EMP1471,2026-06-17,1,Frustrated
EMP1471,2026-06-19,2,Sad
EMP1471,2026-06-21,2,Sad
EMP1471,2026-06-23,2,Sad
EMP1471,2026-06-25,2,Sad
EMP1471,2026-06-27,1,Frustrated
EMP1471,2026-06-29,1,Frustrated
EMP1471,2026-07-01,1,Frustrated
EMP1471,2026-07-03,1,Frustrated
EMP1471,2026-07-05,2,Sad
EMP1471,2026-07-07,1,Frustrated
EMP1471,2026-07-09,2,Sad
EMP1471,2026-07-11,1,Frustrated
EMP1471,2026-07-13,1,Frustrated
EMP1471,2026-07-15,1,Frustrated
EMP1471,2026-07-19,2,Sad
EMP1471,2026-07-21,2,Sad
EMP1471,2026-07-23,2,Sad
EMP1471,2026-07-27,2,Sad
EMP1471,2026-07-29,1,Frustrated
EMP1471,2026-08-02,1,Frustrated
EMP1471,2026-08-04,2,Sad
EMP1471,2026-08-06,1,Frustrated
EMP1471,2026-08-08,1,Frustrated
EMP1471,2026-08-12,1,Frustrated
EMP1471,2026-08-14,2,Sad
EMP1471,2026-08-16,1,Frustrated
EMP1471,2026-08-18,1,Frustrated
EMP1471,2026-08-20,1,Frustrated
EMP1471,2026-08-22,1,Frustrated
EMP1471,2026-08-24,1,Frustrated
EMP1471,2026-08-26,2,Sad
EMP1472,2026-04-28,4,Happy
EMP1472,2026-04-30,4,Happy
EMP1472,2026-05-02,4,Happy
EMP1472,2026-05-04,4,Happy
EMP1472,2026-05-06,3,Okay
EMP1472,2026-05-08,3,Okay
EMP1472,2026-05-10,4,Happy
EMP1472,2026-05-12,3,Okay
EMP1472,2026-05-14,4,Happy
EMP1472,2026-05-16,5,Excited
EMP1472,2026-05-20,3,Okay
EMP1472,2026-05-22,3,Okay
EMP1472,2026-05-24,3,Okay
EMP1472,2026-05-26,4,Happy
EMP1472,2026-05-28,3,Okay
EMP1472,2026-05-30,4,Happy
EMP1472,2026-06-03,4,Happy
EMP1472,2026-06-05,3,Okay
EMP1472,2026-06-07,4,Happy
EMP1472,2026-06-09,3,Okay
EMP1472,2026-06-11,2,Sad
EMP1472,2026-06-13,4,Happy
EMP1472,2026-06-15,4,Happy
EMP1472,2026-06-17,4,Happy
EMP1472,2026-06-19,3,Okay
EMP1472,2026-06-21,3,Okay
EMP1472,2026-06-23,4,Happy
EMP1472,2026-06-25,4,Happy
EMP1472,2026-06-27,5,Excited
EMP1472,2026-06-29,4,Happy
EMP1472,2026-07-01,3,Okay
EMP1472,2026-07-03,4,Happy
EMP1472,2026-07-05,3,Okay
EMP1472,2026-07-07,3,Okay
EMP1472,2026-07-09,4,Happy
EMP1472,2026-07-11,4,Happy
EMP1472,2026-07-15,4,Happy
EMP1472,2026-07-17,4,Happy
EMP1472,2026-07-19,3,Okay
EMP1472,2026-07-21,5,Excited
EMP1472,2026-07-25,4,Happy
EMP1472,2026-07-27,4,Happy
EMP1472,2026-07-29,4,Happy
EMP1472,2026-07-31,5,Excited
EMP1472,2026-08-02,2,Sad
EMP1472,2026-08-04,3,Okay
EMP1472,2026-08-06,3,Okay
EMP1472,2026-08-08,3,Okay
EMP1472,2026-08-10,3,Okay
EMP1472,2026-08-12,4,Happy
EMP1472,2026-08-14,3,Okay
EMP1472,2026-08-16,5,Excited
EMP1472,2026-08-18,2,Sad
EMP1472,2026-08-22,4,Happy
EMP1472,2026-08-24,4,Happy
EMP1472,2026-08-26,4,Happy
EMP1473,2026-04-28,2,Sad
EMP1473,2026-04-30,3,Okay
EMP1473,2026-05-02,2,Sad
EMP1473,2026-05-04,2,Sad
EMP1473,2026-05-06,2,Sad
EMP1473,2026-05-08,2,Sad
EMP1473,2026-05-12,2,Sad
EMP1473,2026-05-14,3,Okay
EMP1473,2026-05-16,2,Sad
EMP1473,2026-05-18,3,Okay
EMP1473,2026-05-20,3,Okay
EMP1473,2026-05-22,2,Sad
EMP1473,2026-05-24,3,Okay
EMP1473,2026-05-26,3,Okay
EMP1473,2026-05-28,3,Okay
EMP1473,2026-06-01,3,Okay
EMP1473,2026-06-03,2,Sad
EMP1473,2026-06-07,4,Happy
EMP1473,2026-06-09,2,Sad
EMP1473,2026-06-11,3,Okay
EMP1473,2026-06-13,3,Okay
EMP1473,2026-06-15,3,Okay
EMP1473,2026-06-17,3,Okay
EMP1473,2026-06-19,2,Sad
EMP1473,2026-06-21,3,Okay
EMP1473,2026-06-23,3,Okay
EMP1473,2026-06-25,3,Okay
EMP1473,2026-06-27,3,Okay
EMP1473,2026-06-29,4,Happy
EMP1473,2026-07-03,4,Happy
EMP1473,2026-07-05,3,Okay
EMP1473,2026-07-07,3,Okay
EMP1473,2026-07-09,3,Okay
EMP1473,2026-07-11,3,Okay
EMP1473,2026-07-13,2,Sad
EMP1473,2026-07-15,2,Sad
EMP1473,2026-07-21,2,Sad
EMP1473,2026-07-23,2,Sad
EMP1473,2026-07-25,3,Okay
EMP1473,2026-07-27,3,Okay
EMP1473,2026-07-29,2,Sad
EMP1473,2026-07-31,2,Sad
EMP1473,2026-08-02,2,Sad
EMP1473,2026-08-04,3,Okay
EMP1473,2026-08-06,3,Okay
EMP1473,2026-08-10,3,Okay
EMP1473,2026-08-12,2,Sad
EMP1473,2026-08-14,2,Sad
EMP1473,2026-08-16,2,Sad
EMP1473,2026-08-18,2,Sad
EMP1473,2026-08-20,2,Sad
EMP1473,2026-08-22,3,Okay
EMP1473,2026-08-24,2,Sad
EMP1473,2026-08-26,3,Okay
EMP1474,2026-04-30,4,Happy
EMP1474,2026-05-02,3,Okay
EMP1474,2026-05-06,4,Happy
EMP1474,2026-05-08,3,Okay
EMP1474,2026-05-10,4,Happy
EMP1474,2026-05-12,3,Okay
EMP1474,2026-05-14,3,Okay
EMP1474,2026-05-16,3,Okay
EMP1474,2026-05-18,4,Happy
EMP1474,2026-05-20,3,Okay
EMP1474,2026-05-22,3,Okay
EMP1474,2026-05-24,4,Happy
EMP1474,2026-05-26,2,Sad
EMP1474,2026-05-28,4,Happy
EMP1474,2026-05-30,5,Excited
EMP1474,2026-06-01,4,Happy
EMP1474,2026-06-03,3,Okay
EMP1474,2026-06-05,4,Happy
EMP1474,2026-06-07,4,Happy
EMP1474,2026-06-09,5,Excited
EMP1474,2026-06-11,3,Okay
EMP1474,2026-06-13,1,Frustrated
EMP1474,2026-06-15,4,Happy
EMP1474,2026-06-19,3,Okay
EMP1474,2026-06-21,3,Okay
EMP1474,2026-06-23,2,Sad
EMP1474,2026-06-25,4,Happy
EMP1474,2026-06-27,3,Okay
EMP1474,2026-07-01,3,Okay
EMP1474,2026-07-03,3,Okay
EMP1474,2026-07-05,2,Sad
EMP1474,2026-07-07,5,Excited
EMP1474,2026-07-09,4,Happy
EMP1474,2026-07-11,4,Happy
EMP1474,2026-07-15,4,Happy
EMP1474,2026-07-17,4,Happy
EMP1474,2026-07-19,2,Sad
EMP1474,2026-07-21,4,Happy
EMP1474,2026-07-23,4,Happy
EMP1474,2026-07-25,3,Okay
EMP1474,2026-07-27,3,Okay
EMP1474,2026-07-29,4,Happy
EMP1474,2026-07-31,3,Okay
EMP1474,2026-08-02,5,Excited
EMP1474,2026-08-04,3,Okay
EMP1474,2026-08-06,4,Happy
EMP1474,2026-08-08,4,Happy
EMP1474,2026-08-10,4,Happy
EMP1474,2026-08-12,3,Okay
EMP1474,2026-08-14,3,Okay
EMP1474,2026-08-16,3,Okay
EMP1474,2026-08-18,5,Excited
EMP1474,2026-08-20,3,Okay
EMP1474,2026-08-22,3,Okay
EMP1474,2026-08-24,4,Happy
EMP1474,2026-08-26,4,Happy
EMP1475,2026-04-28,3,Okay
EMP1475,2026-04-30,2,Sad
EMP1475,2026-05-02,2,Sad
EMP1475,2026-05-04,3,Okay
EMP1475,2026-05-06,2,Sad
EMP1475,2026-05-08,2,Sad
EMP1475,2026-05-10,1,Frustrated
EMP1475,2026-05-12,2,Sad
EMP1475,2026-05-14,2,Sad
EMP1475,2026-05-18,2,Sad
EMP1475,2026-05-20,2,Sad
EMP1475,2026-05-24,3,Okay
EMP1475,2026-05-26,3,Okay
EMP1475,2026-05-28,2,Sad
EMP1475,2026-05-30,3,Okay
EMP1475,2026-06-01,2,Sad
EMP1475,2026-06-03,1,Frustrated
EMP1475,2026-06-05,2,Sad
EMP1475,2026-06-07,1,Frustrated
EMP1475,2026-06-11,1,Frustrated
EMP1475,2026-06-13,3,Okay
EMP1475,2026-06-17,1,Frustrated
EMP1475,2026-06-19,1,Frustrated
EMP1475,2026-06-21,2,Sad
EMP1475,2026-06-23,1,Frustrated
EMP1475,2026-06-25,2,Sad
EMP1475,2026-06-27,2,Sad
EMP1475,2026-06-29,2,Sad
EMP1475,2026-07-01,2,Sad
EMP1475,2026-07-03,3,Okay
EMP1475,2026-07-05,2,Sad
EMP1475,2026-07-07,2,Sad
EMP1475,2026-07-09,1,Frustrated
EMP1475,2026-07-11,1,Frustrated
EMP1475,2026-07-13,2,Sad
EMP1475,2026-07-15,2,Sad
EMP1475,2026-07-17,2,Sad
EMP1475,2026-07-19,2,Sad
EMP1475,2026-07-21,1,Frustrated
EMP1475,2026-07-23,1,Frustrated
EMP1475,2026-07-25,2,Sad
EMP1475,2026-07-27,1,Frustrated
EMP1475,2026-07-29,1,Frustrated
EMP1475,2026-08-02,1,Frustrated
EMP1475,2026-08-04,2,Sad
EMP1475,2026-08-06,1,Frustrated
EMP1475,2026-08-08,1,Frustrated
EMP1475,2026-08-10,1,Frustrated
EMP1475,2026-08-12,1,Frustrated
EMP1475,2026-08-14,2,Sad
EMP1475,2026-08-16,3,Okay
EMP1475,2026-08-18,1,Frustrated
EMP1475,2026-08-20,2,Sad
EMP1475,2026-08-22,1,Frustrated
EMP1475,2026-08-24,1,Frustrated
EMP1475,2026-08-26,1,Frustrated
EMP1476,2026-04-28,2,Sad
EMP1476,2026-04-30,2,Sad
EMP1476,2026-05-02,2,Sad
EMP1476,2026-05-04,3,Okay
EMP1476,2026-05-08,2,Sad
EMP1476,2026-05-10,3,Okay
EMP1476,2026-05-12,3,Okay
EMP1476,2026-05-14,3,Okay
EMP1476,2026-05-16,3,Okay
EMP1476,2026-05-18,3,Okay
EMP1476,2026-05-20,2,Sad
EMP1476,2026-05-22,2,Sad
EMP1476,2026-05-24,2,Sad
EMP1476,2026-05-26,2,Sad
EMP1476,2026-05-28,2,Sad
EMP1476,2026-05-30,2,Sad
EMP1476,2026-06-01,2,Sad
EMP1476,2026-06-05,2,Sad
EMP1476,2026-06-09,3,Okay
EMP1476,2026-06-11,2,Sad
EMP1476,2026-06-13,2,Sad
EMP1476,2026-06-17,3,Okay
EMP1476,2026-06-19,3,Okay
EMP1476,2026-06-21,1,Frustrated
EMP1476,2026-06-25,1,Frustrated
EMP1476,2026-06-27,2,Sad
EMP1476,2026-07-03,1,Frustrated
EMP1476,2026-07-05,2,Sad
EMP1476,2026-07-07,2,Sad
EMP1476,2026-07-09,3,Okay
EMP1476,2026-07-11,2,Sad
EMP1476,2026-07-15,2,Sad
EMP1476,2026-07-17,2,Sad
EMP1476,2026-07-19,2,Sad
EMP1476,2026-07-21,2,Sad
EMP1476,2026-07-23,2,Sad
EMP1476,2026-07-25,2,Sad
EMP1476,2026-07-29,2,Sad
EMP1476,2026-07-31,3,Okay
EMP1476,2026-08-02,3,Okay
EMP1476,2026-08-04,1,Frustrated
EMP1476,2026-08-06,3,Okay
EMP1476,2026-08-08,3,Okay
EMP1476,2026-08-10,2,Sad
EMP1476,2026-08-12,1,Frustrated
EMP1476,2026-08-16,2,Sad
EMP1476,2026-08-18,3,Okay
EMP1476,2026-08-20,1,Frustrated
EMP1476,2026-08-22,1,Frustrated
EMP1476,2026-08-24,2,Sad
EMP1476,2026-08-26,2,Sad
EMP1477,2026-04-28,3,Okay
EMP1477,2026-04-30,2,Sad
EMP1477,2026-05-02,2,Sad
EMP1477,2026-05-04,2,Sad
EMP1477,2026-05-06,2,Sad
EMP1477,2026-05-10,2,Sad
EMP1477,2026-05-12,1,Frustrated
EMP1477,2026-05-14,3,Okay
EMP1477,2026-05-20,3,Okay
EMP1477,2026-05-22,1,Frustrated
EMP1477,2026-05-24,2,Sad
EMP1477,2026-05-26,2,Sad
EMP1477,2026-05-28,2,Sad
EMP1477,2026-05-30,2,Sad
EMP1477,2026-06-01,2,Sad
EMP1477,2026-06-05,2,Sad
EMP1477,2026-06-07,1,Frustrated
EMP1477,2026-06-09,3,Okay
EMP1477,2026-06-11,3,Okay
EMP1477,2026-06-13,2,Sad
EMP1477,2026-06-15,2,Sad
EMP1477,2026-06-17,2,Sad
EMP1477,2026-06-19,1,Frustrated
EMP1477,2026-06-21,3,Okay
EMP1477,2026-06-23,2,Sad
EMP1477,2026-06-25,3,Okay
EMP1477,2026-06-27,3,Okay
EMP1477,2026-06-29,1,Frustrated
EMP1477,2026-07-01,2,Sad
EMP1477,2026-07-03,2,Sad
EMP1477,2026-07-05,2,Sad
EMP1477,2026-07-07,1,Frustrated
EMP1477,2026-07-09,2,Sad
EMP1477,2026-07-11,1,Frustrated
EMP1477,2026-07-13,2,Sad
EMP1477,2026-07-15,2,Sad
EMP1477,2026-07-17,2,Sad
EMP1477,2026-07-19,2,Sad
EMP1477,2026-07-21,2,Sad
EMP1477,2026-07-23,1,Frustrated
EMP1477,2026-07-25,1,Frustrated
EMP1477,2026-07-27,1,Frustrated
EMP1477,2026-07-29,1,Frustrated
EMP1477,2026-07-31,1,Frustrated
EMP1477,2026-08-02,2,Sad
EMP1477,2026-08-04,2,Sad
EMP1477,2026-08-06,2,Sad
EMP1477,2026-08-08,3,Okay
EMP1477,2026-08-10,1,Frustrated
EMP1477,2026-08-14,2,Sad
EMP1477,2026-08-16,1,Frustrated
EMP1477,2026-08-18,2,Sad
EMP1477,2026-08-20,1,Frustrated
EMP1477,2026-08-22,2,Sad
EMP1477,2026-08-24,1,Frustrated
EMP1477,2026-08-26,1,Frustrated
EMP1478,2026-04-28,2,Sad
EMP1478,2026-04-30,3,Okay
EMP1478,2026-05-02,2,Sad
EMP1478,2026-05-04,3,Okay
EMP1478,2026-05-06,3,Okay
EMP1478,2026-05-08,2,Sad
EMP1478,2026-05-10,2,Sad
EMP1478,2026-05-12,2,Sad
EMP1478,2026-05-14,3,Okay
EMP1478,2026-05-16,3,Okay
EMP1478,2026-05-18,2,Sad
EMP1478,2026-05-20,1,Frustrated
EMP1478,2026-05-22,3,Okay
EMP1478,2026-05-24,1,Frustrated
EMP1478,2026-05-26,2,Sad
EMP1478,2026-05-28,2,Sad
EMP1478,2026-05-30,2,Sad
EMP1478,2026-06-01,1,Frustrated
EMP1478,2026-06-03,2,Sad
EMP1478,2026-06-05,2,Sad
EMP1478,2026-06-07,2,Sad
EMP1478,2026-06-09,1,Frustrated
EMP1478,2026-06-11,2,Sad
EMP1478,2026-06-13,2,Sad
EMP1478,2026-06-15,1,Frustrated
EMP1478,2026-06-19,3,Okay
EMP1478,2026-06-21,2,Sad
EMP1478,2026-06-23,2,Sad
EMP1478,2026-06-27,1,Frustrated
EMP1478,2026-06-29,2,Sad
EMP1478,2026-07-01,1,Frustrated
EMP1478,2026-07-03,2,Sad
EMP1478,2026-07-05,2,Sad
EMP1478,2026-07-07,2,Sad
EMP1478,2026-07-09,1,Frustrated
EMP1478,2026-07-11,1,Frustrated
EMP1478,2026-07-15,2,Sad
EMP1478,2026-07-17,1,Frustrated
EMP1478,2026-07-19,1,Frustrated
EMP1478,2026-07-21,1,Frustrated
EMP1478,2026-07-23,2,Sad
EMP1478,2026-07-25,1,Frustrated
EMP1478,2026-07-27,2,Sad
EMP1478,2026-07-31,2,Sad
EMP1478,2026-08-02,1,Frustrated
EMP1478,2026-08-04,1,Frustrated
EMP1478,2026-08-06,2,Sad
EMP1478,2026-08-08,1,Frustrated
EMP1478,2026-08-10,2,Sad
EMP1478,2026-08-12,1,Frustrated
EMP1478,2026-08-14,1,Frustrated
EMP1478,2026-08-16,1,Frustrated
EMP1478,2026-08-18,1,Frustrated
EMP1478,2026-08-20,1,Frustrated
EMP1478,2026-08-22,1,Frustrated
EMP1478,2026-08-24,1,Frustrated
EMP1478,2026-08-26,1,Frustrated
EMP1479,2026-04-28,3,Okay
EMP1479,2026-04-30,2,Sad
EMP1479,2026-05-02,1,Frustrated
EMP1479,2026-05-04,3,Okay
EMP1479,2026-05-06,3,Okay
EMP1479,2026-05-08,2,Sad
EMP1479,2026-05-12,2,Sad
EMP1479,2026-05-14,1,Frustrated
EMP1479,2026-05-16,2,Sad
EMP1479,2026-05-18,1,Frustrated
EMP1479,2026-05-20,3,Okay
EMP1479,2026-05-22,2,Sad
EMP1479,2026-05-26,1,Frustrated
EMP1479,2026-05-30,1,Frustrated
EMP1479,2026-06-01,3,Okay
EMP1479,2026-06-03,2,Sad
EMP1479,2026-06-05,1,Frustrated
EMP1479,2026-06-07,2,Sad
EMP1479,2026-06-09,2,Sad
EMP1479,2026-06-13,2,Sad
EMP1479,2026-06-15,2,Sad
EMP1479,2026-06-17,1,Frustrated
EMP1479,2026-06-21,1,Frustrated
EMP1479,2026-06-23,2,Sad
EMP1479,2026-06-25,2,Sad
EMP1479,2026-06-29,2,Sad
EMP1479,2026-07-03,2,Sad
EMP1479,2026-07-05,2,Sad
EMP1479,2026-07-09,1,Frustrated
EMP1479,2026-07-11,2,Sad
EMP1479,2026-07-13,2,Sad
EMP1479,2026-07-15,1,Frustrated
EMP1479,2026-07-17,1,Frustrated
EMP1479,2026-07-19,1,Frustrated
EMP1479,2026-07-21,1,Frustrated
EMP1479,2026-07-23,1,Frustrated
EMP1479,2026-07-25,2,Sad
EMP1479,2026-07-27,2,Sad
EMP1479,2026-07-29,1,Frustrated
EMP1479,2026-08-02,1,Frustrated
EMP1479,2026-08-04,2,Sad
EMP1479,2026-08-06,3,Okay
EMP1479,2026-08-08,1,Frustrated
EMP1479,2026-08-10,1,Frustrated
EMP1479,2026-08-12,2,Sad
EMP1479,2026-08-14,1,Frustrated
EMP1479,2026-08-16,1,Frustrated
EMP1479,2026-08-18,1,Frustrated
EMP1479,2026-08-20,1,Frustrated
EMP1479,2026-08-24,1,Frustrated
EMP1479,2026-08-26,2,Sad
EMP1480,2026-04-28,2,Sad
EMP1480,2026-04-30,2,Sad
EMP1480,2026-05-02,3,Okay
EMP1480,2026-05-04,2,Sad
EMP1480,2026-05-06,2,Sad
EMP1480,2026-05-08,3,Okay
EMP1480,2026-05-10,2,Sad
EMP1480,2026-05-12,2,Sad
EMP1480,2026-05-14,3,Okay
EMP1480,2026-05-16,1,Frustrated
EMP1480,2026-05-18,2,Sad
EMP1480,2026-05-20,1,Frustrated
EMP1480,2026-05-22,1,Frustrated
EMP1480,2026-05-24,2,Sad
EMP1480,2026-05-28,2,Sad
EMP1480,2026-05-30,1,Frustrated
EMP1480,2026-06-01,2,Sad
EMP1480,2026-06-03,2,Sad
EMP1480,2026-06-05,2,Sad
EMP1480,2026-06-07,3,Okay
EMP1480,2026-06-09,1,Frustrated
EMP1480,2026-06-11,2,Sad
EMP1480,2026-06-13,2,Sad
EMP1480,2026-06-15,2,Sad
EMP1480,2026-06-19,2,Sad
EMP1480,2026-06-21,1,Frustrated
EMP1480,2026-06-23,2,Sad
EMP1480,2026-06-25,2,Sad
EMP1480,2026-06-27,2,Sad
EMP1480,2026-06-29,2,Sad
EMP1480,2026-07-01,2,Sad
EMP1480,2026-07-03,3,Okay
EMP1480,2026-07-07,2,Sad
EMP1480,2026-07-09,3,Okay
EMP1480,2026-07-11,3,Okay
EMP1480,2026-07-15,2,Sad
EMP1480,2026-07-17,1,Frustrated
EMP1480,2026-07-19,2,Sad
EMP1480,2026-07-21,2,Sad
EMP1480,2026-07-23,2,Sad
EMP1480,2026-07-25,1,Frustrated
EMP1480,2026-07-27,2,Sad
EMP1480,2026-07-31,2,Sad
EMP1480,2026-08-02,2,Sad
EMP1480,2026-08-04,1,Frustrated
EMP1480,2026-08-06,1,Frustrated
EMP1480,2026-08-08,3,Okay
EMP1480,2026-08-10,1,Frustrated
EMP1480,2026-08-12,1,Frustrated
EMP1480,2026-08-14,2,Sad
EMP1480,2026-08-16,3,Okay
EMP1480,2026-08-18,1,Frustrated
EMP1480,2026-08-20,3,Okay
EMP1480,2026-08-22,1,Frustrated
EMP1480,2026-08-24,2,Sad
EMP1480,2026-08-26,1,Frustrated
EMP1481,2026-04-28,3,Okay
EMP1481,2026-04-30,3,Okay
EMP1481,2026-05-02,3,Okay
EMP1481,2026-05-04,3,Okay
EMP1481,2026-05-06,3,Okay
EMP1481,2026-05-08,4,Happy
EMP1481,2026-05-10,3,Okay
EMP1481,2026-05-12,5,Excited
EMP1481,2026-05-14,3,Okay
EMP1481,2026-05-16,3,Okay
EMP1481,2026-05-18,4,Happy
EMP1481,2026-05-20,5,Excited
EMP1481,2026-05-22,3,Okay
EMP1481,2026-05-24,4,Happy
EMP1481,2026-05-26,4,Happy
EMP1481,2026-05-28,3,Okay
EMP1481,2026-05-30,4,Happy
EMP1481,2026-06-01,3,Okay
EMP1481,2026-06-03,3,Okay
EMP1481,2026-06-05,4,Happy
EMP1481,2026-06-07,3,Okay
EMP1481,2026-06-09,4,Happy
EMP1481,2026-06-11,3,Okay
EMP1481,2026-06-13,3,Okay
EMP1481,2026-06-15,3,Okay
EMP1481,2026-06-17,3,Okay
EMP1481,2026-06-19,3,Okay
EMP1481,2026-06-21,3,Okay
EMP1481,2026-06-23,4,Happy
EMP1481,2026-06-25,2,Sad
EMP1481,2026-06-27,3,Okay
EMP1481,2026-07-01,4,Happy
EMP1481,2026-07-03,2,Sad
EMP1481,2026-07-05,2,Sad
EMP1481,2026-07-07,2,Sad
EMP1481,2026-07-09,3,Okay
EMP1481,2026-07-11,3,Okay
EMP1481,2026-07-13,4,Happy
EMP1481,2026-07-15,3,Okay
EMP1481,2026-07-17,3,Okay
EMP1481,2026-07-19,3,Okay
EMP1481,2026-07-21,4,Happy
EMP1481,2026-07-23,3,Okay
EMP1481,2026-07-25,3,Okay
EMP1481,2026-07-27,4,Happy
EMP1481,2026-07-29,4,Happy
EMP1481,2026-07-31,3,Okay
EMP1481,2026-08-04,4,Happy
EMP1481,2026-08-06,4,Happy
EMP1481,2026-08-08,4,Happy
EMP1481,2026-08-10,5,Excited
EMP1481,2026-08-12,3,Okay
EMP1481,2026-08-14,4,Happy
EMP1481,2026-08-16,5,Excited
EMP1481,2026-08-18,3,Okay
EMP1481,2026-08-22,4,Happy
EMP1481,2026-08-24,4,Happy
EMP1481,2026-08-26,5,Excited
EMP1482,2026-05-02,3,Okay
EMP1482,2026-05-04,2,Sad
EMP1482,2026-05-10,2,Sad
EMP1482,2026-05-12,2,Sad
EMP1482,2026-05-16,3,Okay
EMP1482,2026-05-18,3,Okay
EMP1482,2026-05-20,4,Happy
EMP1482,2026-05-22,2,Sad
EMP1482,2026-05-24,4,Happy
EMP1482,2026-05-26,2,Sad
EMP1482,2026-05-28,2,Sad
EMP1482,2026-05-30,3,Okay
EMP1482,2026-06-01,2,Sad
EMP1482,2026-06-03,4,Happy
EMP1482,2026-06-05,2,Sad
EMP1482,2026-06-07,3,Okay
EMP1482,2026-06-09,3,Okay
EMP1482,2026-06-11,2,Sad
EMP1482,2026-06-13,2,Sad
EMP1482,2026-06-15,2,Sad
EMP1482,2026-06-17,3,Okay
EMP1482,2026-06-19,3,Okay
EMP1482,2026-06-21,3,Okay
EMP1482,2026-06-23,2,Sad
EMP1482,2026-06-25,3,Okay
EMP1482,2026-06-27,4,Happy
EMP1482,2026-06-29,3,Okay
EMP1482,2026-07-01,4,Happy
EMP1482,2026-07-05,3,Okay
EMP1482,2026-07-07,3,Okay
EMP1482,2026-07-09,3,Okay
EMP1482,2026-07-11,3,Okay
EMP1482,2026-07-13,3,Okay
EMP1482,2026-07-15,2,Sad
EMP1482,2026-07-17,2,Sad
EMP1482,2026-07-19,3,Okay
EMP1482,2026-07-21,2,Sad
EMP1482,2026-07-23,2,Sad
EMP1482,2026-07-27,3,Okay
EMP1482,2026-07-29,3,Okay
EMP1482,2026-07-31,3,Okay
EMP1482,2026-08-02,2,Sad
EMP1482,2026-08-04,3,Okay
EMP1482,2026-08-06,2,Sad
EMP1482,2026-08-08,1,Frustrated
EMP1482,2026-08-10,2,Sad
EMP1482,2026-08-12,2,Sad
EMP1482,2026-08-16,2,Sad
EMP1482,2026-08-18,3,Okay
EMP1482,2026-08-20,3,Okay
EMP1482,2026-08-22,3,Okay
EMP1482,2026-08-24,3,Okay
EMP1482,2026-08-26,2,Sad
EMP1483,2026-04-28,5,Excited
EMP1483,2026-04-30,5,Excited
EMP1483,2026-05-02,4,Happy
EMP1483,2026-05-04,5,Excited
EMP1483,2026-05-06,4,Happy
EMP1483,2026-05-08,4,Happy
EMP1483,2026-05-10,5,Excited
EMP1483,2026-05-12,4,Happy
EMP1483,2026-05-14,5,Excited
EMP1483,2026-05-16,5,Excited
EMP1483,2026-05-20,5,Excited
EMP1483,2026-05-22,5,Excited
EMP1483,2026-05-24,5,Excited
EMP1483,2026-05-26,5,Excited
EMP1483,2026-05-30,4,Happy
EMP1483,2026-06-01,5,Excited
EMP1483,2026-06-03,5,Excited
EMP1483,2026-06-05,5,Excited
EMP1483,2026-06-07,5,Excited
EMP1483,2026-06-09,4,Happy
EMP1483,2026-06-11,5,Excited
EMP1483,2026-06-13,4,Happy
EMP1483,2026-06-15,5,Excited
EMP1483,2026-06-17,5,Excited
EMP1483,2026-06-19,5,Excited
EMP1483,2026-06-21,5,Excited
EMP1483,2026-06-23,5,Excited
EMP1483,2026-06-25,4,Happy
EMP1483,2026-06-27,5,Excited
EMP1483,2026-06-29,5,Excited
EMP1483,2026-07-01,4,Happy
EMP1483,2026-07-03,5,Excited
EMP1483,2026-07-05,4,Happy
EMP1483,2026-07-07,4,Happy
EMP1483,2026-07-09,5,Excited
EMP1483,2026-07-13,5,Excited
EMP1483,2026-07-15,4,Happy
EMP1483,2026-07-17,5,Excited
EMP1483,2026-07-21,5,Excited
EMP1483,2026-07-25,5,Excited
EMP1483,2026-07-29,5,Excited
EMP1483,2026-07-31,5,Excited
EMP1483,2026-08-02,5,Excited
EMP1483,2026-08-04,4,Happy
EMP1483,2026-08-06,4,Happy
EMP1483,2026-08-08,5,Excited
EMP1483,2026-08-10,5,Excited
EMP1483,2026-08-12,4,Happy
EMP1483,2026-08-14,5,Excited
EMP1483,2026-08-16,4,Happy
EMP1483,2026-08-18,5,Excited
EMP1483,2026-08-20,5,Excited
EMP1483,2026-08-22,4,Happy
EMP1483,2026-08-26,5,Excited
EMP1484,2026-04-30,1,Frustrated
EMP1484,2026-05-02,1,Frustrated
EMP1484,2026-05-06,1,Frustrated
EMP1484,2026-05-10,2,Sad
EMP1484,2026-05-12,3,Okay
EMP1484,2026-05-16,4,Happy
EMP1484,2026-05-18,3,Okay
EMP1484,2026-05-20,2,Sad
EMP1484,2026-05-22,2,Sad
EMP1484,2026-05-26,2,Sad
EMP1484,2026-05-28,3,Okay
EMP1484,2026-05-30,2,Sad
EMP1484,2026-06-01,2,Sad
EMP1484,2026-06-05,1,Frustrated
EMP1484,2026-06-07,2,Sad
EMP1484,2026-06-11,2,Sad
EMP1484,2026-06-13,1,Frustrated
EMP1484,2026-06-17,2,Sad
EMP1484,2026-06-19,1,Frustrated
EMP1484,2026-06-21,2,Sad
EMP1484,2026-06-25,2,Sad
EMP1484,2026-06-27,1,Frustrated
EMP1484,2026-06-29,2,Sad
EMP1484,2026-07-01,1,Frustrated
EMP1484,2026-07-05,2,Sad
EMP1484,2026-07-07,2,Sad
EMP1484,2026-07-11,3,Okay
EMP1484,2026-07-13,2,Sad
EMP1484,2026-07-15,3,Okay
EMP1484,2026-07-17,1,Frustrated
EMP1484,2026-07-19,1,Frustrated
EMP1484,2026-07-25,2,Sad
EMP1484,2026-07-27,1,Frustrated
EMP1484,2026-07-29,1,Frustrated
EMP1484,2026-07-31,2,Sad
EMP1484,2026-08-02,1,Frustrated
EMP1484,2026-08-04,2,Sad
EMP1484,2026-08-06,2,Sad
EMP1484,2026-08-08,2,Sad
EMP1484,2026-08-10,2,Sad
EMP1484,2026-08-12,1,Frustrated
EMP1484,2026-08-14,1,Frustrated
EMP1484,2026-08-16,2,Sad
EMP1484,2026-08-18,2,Sad
EMP1484,2026-08-20,1,Frustrated
EMP1484,2026-08-24,2,Sad
EMP1484,2026-08-26,1,Frustrated
EMP1485,2026-04-28,4,Happy
EMP1485,2026-04-30,3,Okay
EMP1485,2026-05-02,4,Happy
EMP1485,2026-05-04,4,Happy
EMP1485,2026-05-06,3,Okay
EMP1485,2026-05-10,5,Excited
EMP1485,2026-05-12,3,Okay
EMP1485,2026-05-14,3,Okay
EMP1485,2026-05-16,3,Okay
EMP1485,2026-05-18,3,Okay
EMP1485,2026-05-20,3,Okay
EMP1485,2026-05-22,3,Okay
EMP1485,2026-05-24,4,Happy
EMP1485,2026-05-26,4,Happy
EMP1485,2026-05-28,4,Happy
EMP1485,2026-05-30,3,Okay
EMP1485,2026-06-01,3,Okay
EMP1485,2026-06-03,5,Excited
EMP1485,2026-06-05,4,Happy
EMP1485,2026-06-07,4,Happy
EMP1485,2026-06-09,4,Happy
EMP1485,2026-06-11,4,Happy
EMP1485,2026-06-13,4,Happy
EMP1485,2026-06-15,4,Happy
EMP1485,2026-06-17,4,Happy
EMP1485,2026-06-19,3,Okay
EMP1485,2026-06-23,5,Excited
EMP1485,2026-06-25,4,Happy
EMP1485,2026-06-27,4,Happy
EMP1485,2026-06-29,5,Excited
EMP1485,2026-07-01,4,Happy
EMP1485,2026-07-03,4,Happy
EMP1485,2026-07-05,4,Happy
EMP1485,2026-07-07,4,Happy
EMP1485,2026-07-09,3,Okay
EMP1485,2026-07-13,3,Okay
EMP1485,2026-07-15,4,Happy
EMP1485,2026-07-21,3,Okay
EMP1485,2026-07-23,5,Excited
EMP1485,2026-07-25,4,Happy
EMP1485,2026-07-27,3,Okay
EMP1485,2026-07-29,4,Happy
EMP1485,2026-07-31,3,Okay
EMP1485,2026-08-02,2,Sad
EMP1485,2026-08-04,4,Happy
EMP1485,2026-08-06,3,Okay
EMP1485,2026-08-08,3,Okay
EMP1485,2026-08-10,3,Okay
EMP1485,2026-08-12,3,Okay
EMP1485,2026-08-14,3,Okay
EMP1485,2026-08-16,2,Sad
EMP1485,2026-08-18,4,Happy
EMP1485,2026-08-20,3,Okay
EMP1485,2026-08-22,3,Okay
EMP1485,2026-08-24,3,Okay
EMP1485,2026-08-26,4,Happy
EMP1486,2026-04-28,4,Happy
EMP1486,2026-04-30,5,Excited
EMP1486,2026-05-02,2,Sad
EMP1486,2026-05-04,4,Happy
EMP1486,2026-05-06,4,Happy
EMP1486,2026-05-10,4,Happy
EMP1486,2026-05-12,4,Happy
EMP1486,2026-05-14,4,Happy
EMP1486,2026-05-16,4,Happy
EMP1486,2026-05-18,4,Happy
EMP1486,2026-05-20,3,Okay
EMP1486,2026-05-22,3,Okay
EMP1486,2026-05-24,4,Happy
EMP1486,2026-05-26,4,Happy
EMP1486,2026-05-28,4,Happy
EMP1486,2026-05-30,5,Excited
EMP1486,2026-06-01,3,Okay
EMP1486,2026-06-03,3,Okay
EMP1486,2026-06-05,3,Okay
EMP1486,2026-06-07,4,Happy
EMP1486,2026-06-09,5,Excited
EMP1486,2026-06-11,4,Happy
EMP1486,2026-06-13,4,Happy
EMP1486,2026-06-15,5,Excited
EMP1486,2026-06-17,2,Sad
EMP1486,2026-06-19,3,Okay
EMP1486,2026-06-21,3,Okay
EMP1486,2026-06-23,4,Happy
EMP1486,2026-06-25,3,Okay
EMP1486,2026-06-27,5,Excited
EMP1486,2026-06-29,3,Okay
EMP1486,2026-07-01,3,Okay
EMP1486,2026-07-03,3,Okay
EMP1486,2026-07-05,3,Okay
EMP1486,2026-07-07,4,Happy
EMP1486,2026-07-09,3,Okay
EMP1486,2026-07-11,4,Happy
EMP1486,2026-07-13,3,Okay
EMP1486,2026-07-15,4,Happy
EMP1486,2026-07-17,4,Happy
EMP1486,2026-07-23,3,Okay
EMP1486,2026-07-25,4,Happy
EMP1486,2026-07-27,3,Okay
EMP1486,2026-07-29,3,Okay
EMP1486,2026-07-31,4,Happy
EMP1486,2026-08-02,3,Okay
EMP1486,2026-08-04,3,Okay
EMP1486,2026-08-06,3,Okay
EMP1486,2026-08-08,3,Okay
EMP1486,2026-08-10,4,Happy
EMP1486,2026-08-12,3,Okay
EMP1486,2026-08-14,5,Excited
EMP1486,2026-08-16,5,Excited
EMP1486,2026-08-18,4,Happy
EMP1486,2026-08-22,4,Happy
EMP1486,2026-08-24,3,Okay
EMP1486,2026-08-26,4,Happy
EMP1487,2026-04-28,2,Sad
EMP1487,2026-04-30,3,Okay
EMP1487,2026-05-02,4,Happy
EMP1487,2026-05-04,4,Happy
EMP1487,2026-05-06,4,Happy
EMP1487,2026-05-08,3,Okay
EMP1487,2026-05-10,4,Happy
EMP1487,2026-05-12,3,Okay
EMP1487,2026-05-14,4,Happy
EMP1487,2026-05-16,4,Happy
EMP1487,2026-05-18,4,Happy
EMP1487,2026-05-20,4,Happy
EMP1487,2026-05-24,2,Sad
EMP1487,2026-05-26,4,Happy
EMP1487,2026-05-28,4,Happy
EMP1487,2026-05-30,3,Okay
EMP1487,2026-06-01,3,Okay
EMP1487,2026-06-05,4,Happy
EMP1487,2026-06-07,3,Okay
EMP1487,2026-06-09,3,Okay
EMP1487,2026-06-11,4,Happy
EMP1487,2026-06-13,3,Okay
EMP1487,2026-06-15,4,Happy
EMP1487,2026-06-17,5,Excited
EMP1487,2026-06-19,3,Okay
EMP1487,2026-06-21,5,Excited
EMP1487,2026-06-23,3,Okay
EMP1487,2026-06-25,4,Happy
EMP1487,2026-06-27,4,Happy
EMP1487,2026-06-29,4,Happy
EMP1487,2026-07-01,4,Happy
EMP1487,2026-07-05,3,Okay
EMP1487,2026-07-07,3,Okay
EMP1487,2026-07-09,3,Okay
EMP1487,2026-07-11,3,Okay
EMP1487,2026-07-13,4,Happy
EMP1487,2026-07-15,4,Happy
EMP1487,2026-07-19,4,Happy
EMP1487,2026-07-21,3,Okay
EMP1487,2026-07-23,4,Happy
EMP1487,2026-07-27,4,Happy
EMP1487,2026-07-29,4,Happy
EMP1487,2026-07-31,3,Okay
EMP1487,2026-08-04,2,Sad
EMP1487,2026-08-06,5,Excited
EMP1487,2026-08-08,2,Sad
EMP1487,2026-08-12,3,Okay
EMP1487,2026-08-14,4,Happy
EMP1487,2026-08-16,4,Happy
EMP1487,2026-08-18,4,Happy
EMP1487,2026-08-22,4,Happy
EMP1487,2026-08-26,3,Okay
EMP1488,2026-04-28,2,Sad
EMP1488,2026-04-30,2,Sad
EMP1488,2026-05-02,3,Okay
EMP1488,2026-05-06,3,Okay
EMP1488,2026-05-08,1,Frustrated
EMP1488,2026-05-10,2,Sad
EMP1488,2026-05-12,3,Okay
EMP1488,2026-05-14,1,Frustrated
EMP1488,2026-05-16,3,Okay
EMP1488,2026-05-20,2,Sad
EMP1488,2026-05-22,2,Sad
EMP1488,2026-05-24,2,Sad
EMP1488,2026-05-26,2,Sad
EMP1488,2026-05-28,2,Sad
EMP1488,2026-05-30,3,Okay
EMP1488,2026-06-01,3,Okay
EMP1488,2026-06-03,3,Okay
EMP1488,2026-06-07,1,Frustrated
EMP1488,2026-06-09,1,Frustrated
EMP1488,2026-06-11,2,Sad
EMP1488,2026-06-13,2,Sad
EMP1488,2026-06-15,3,Okay
EMP1488,2026-06-17,2,Sad
EMP1488,2026-06-19,1,Frustrated
EMP1488,2026-06-21,2,Sad
EMP1488,2026-06-23,2,Sad
EMP1488,2026-06-25,2,Sad
EMP1488,2026-06-27,2,Sad
EMP1488,2026-06-29,2,Sad
EMP1488,2026-07-01,1,Frustrated
EMP1488,2026-07-03,1,Frustrated
EMP1488,2026-07-05,1,Frustrated
EMP1488,2026-07-07,2,Sad
EMP1488,2026-07-09,4,Happy
EMP1488,2026-07-11,3,Okay
EMP1488,2026-07-13,2,Sad
EMP1488,2026-07-15,3,Okay
EMP1488,2026-07-17,1,Frustrated
EMP1488,2026-07-19,2,Sad
EMP1488,2026-07-21,2,Sad
EMP1488,2026-07-23,1,Frustrated
EMP1488,2026-07-25,1,Frustrated
EMP1488,2026-07-27,2,Sad
EMP1488,2026-07-29,2,Sad
EMP1488,2026-07-31,1,Frustrated
EMP1488,2026-08-02,1,Frustrated
EMP1488,2026-08-04,2,Sad
EMP1488,2026-08-06,1,Frustrated
EMP1488,2026-08-08,1,Frustrated
EMP1488,2026-08-10,2,Sad
EMP1488,2026-08-12,1,Frustrated
EMP1488,2026-08-14,1,Frustrated
EMP1488,2026-08-16,1,Frustrated
EMP1488,2026-08-20,1,Frustrated
EMP1488,2026-08-22,1,Frustrated
EMP1488,2026-08-24,2,Sad
EMP1488,2026-08-26,1,Frustrated
EMP1489,2026-04-28,4,Happy
EMP1489,2026-04-30,4,Happy
EMP1489,2026-05-02,5,Excited
EMP1489,2026-05-04,4,Happy
EMP1489,2026-05-06,3,Okay
EMP1489,2026-05-08,4,Happy
EMP1489,2026-05-10,3,Okay
EMP1489,2026-05-12,3,Okay
EMP1489,2026-05-14,4,Happy
EMP1489,2026-05-16,4,Happy
EMP1489,2026-05-18,3,Okay
EMP1489,2026-05-20,4,Happy
EMP1489,2026-05-22,4,Happy
EMP1489,2026-05-24,3,Okay
EMP1489,2026-05-26,5,Excited
EMP1489,2026-05-28,4,Happy
EMP1489,2026-05-30,4,Happy
EMP1489,2026-06-01,4,Happy
EMP1489,2026-06-03,4,Happy
EMP1489,2026-06-07,4,Happy
EMP1489,2026-06-11,4,Happy
EMP1489,2026-06-13,4,Happy
EMP1489,2026-06-17,4,Happy
EMP1489,2026-06-19,2,Sad
EMP1489,2026-06-21,3,Okay
EMP1489,2026-06-23,4,Happy
EMP1489,2026-06-25,3,Okay
EMP1489,2026-06-27,3,Okay
EMP1489,2026-06-29,4,Happy
EMP1489,2026-07-01,2,Sad
EMP1489,2026-07-05,4,Happy
EMP1489,2026-07-07,4,Happy
EMP1489,2026-07-09,4,Happy
EMP1489,2026-07-11,3,Okay
EMP1489,2026-07-13,4,Happy
EMP1489,2026-07-15,3,Okay
EMP1489,2026-07-17,4,Happy
EMP1489,2026-07-19,1,Frustrated
EMP1489,2026-07-21,3,Okay
EMP1489,2026-07-23,4,Happy
EMP1489,2026-07-25,3,Okay
EMP1489,2026-07-27,4,Happy
EMP1489,2026-07-29,1,Frustrated
EMP1489,2026-08-04,5,Excited
EMP1489,2026-08-06,3,Okay
EMP1489,2026-08-08,4,Happy
EMP1489,2026-08-10,4,Happy
EMP1489,2026-08-12,3,Okay
EMP1489,2026-08-14,4,Happy
EMP1489,2026-08-16,4,Happy
EMP1489,2026-08-18,4,Happy
EMP1489,2026-08-22,4,Happy
EMP1489,2026-08-24,3,Okay
EMP1490,2026-04-28,5,Excited
EMP1490,2026-04-30,5,Excited
EMP1490,2026-05-02,5,Excited
EMP1490,2026-05-04,5,Excited
EMP1490,2026-05-08,4,Happy
EMP1490,2026-05-10,4,Happy
EMP1490,2026-05-12,5,Excited
EMP1490,2026-05-14,5,Excited
EMP1490,2026-05-16,5,Excited
EMP1490,2026-05-18,5,Excited
EMP1490,2026-05-20,4,Happy
EMP1490,2026-05-22,5,Excited
EMP1490,2026-05-24,5,Excited
EMP1490,2026-05-26,5,Excited
EMP1490,2026-05-28,4,Happy
EMP1490,2026-05-30,5,Excited
EMP1490,2026-06-01,5,Excited
EMP1490,2026-06-03,5,Excited
EMP1490,2026-06-07,5,Excited
EMP1490,2026-06-09,5,Excited
EMP1490,2026-06-11,5,Excited
EMP1490,2026-06-13,4,Happy
EMP1490,2026-06-17,4,Happy
EMP1490,2026-06-19,5,Excited
EMP1490,2026-06-21,5,Excited
EMP1490,2026-06-23,5,Excited
EMP1490,2026-06-25,5,Excited
EMP1490,2026-06-27,4,Happy
EMP1490,2026-06-29,4,Happy
EMP1490,2026-07-03,5,Excited
EMP1490,2026-07-05,4,Happy
EMP1490,2026-07-07,5,Excited
EMP1490,2026-07-09,4,Happy
EMP1490,2026-07-11,4,Happy
EMP1490,2026-07-13,5,Excited
EMP1490,2026-07-15,5,Excited
EMP1490,2026-07-17,5,Excited
EMP1490,2026-07-19,5,Excited
EMP1490,2026-07-21,5,Excited
EMP1490,2026-07-23,5,Excited
EMP1490,2026-07-25,5,Excited
EMP1490,2026-07-27,4,Happy
EMP1490,2026-07-29,5,Excited
EMP1490,2026-07-31,4,Happy
EMP1490,2026-08-02,5,Excited
EMP1490,2026-08-06,4,Happy
EMP1490,2026-08-08,5,Excited
EMP1490,2026-08-10,4,Happy
EMP1490,2026-08-12,4,Happy
EMP1490,2026-08-14,5,Excited
EMP1490,2026-08-16,5,Excited
EMP1490,2026-08-18,4,Happy
EMP1490,2026-08-20,4,Happy
EMP1490,2026-08-22,5,Excited
EMP1490,2026-08-24,4,Happy
EMP1490,2026-08-26,5,Excited
EMP1491,2026-04-30,1,Frustrated
EMP1491,2026-05-02,2,Sad
EMP1491,2026-05-04,2,Sad
EMP1491,2026-05-06,1,Frustrated
EMP1491,2026-05-08,2,Sad
EMP1491,2026-05-10,3,Okay
EMP1491,2026-05-12,3,Okay
EMP1491,2026-05-14,3,Okay
EMP1491,2026-05-16,2,Sad
EMP1491,2026-05-18,2,Sad
EMP1491,2026-05-20,1,Frustrated
EMP1491,2026-05-22,3,Okay
EMP1491,2026-05-24,2,Sad
EMP1491,2026-05-28,2,Sad
EMP1491,2026-05-30,3,Okay
EMP1491,2026-06-01,1,Frustrated
EMP1491,2026-06-03,3,Okay
EMP1491,2026-06-09,2,Sad
EMP1491,2026-06-13,2,Sad
EMP1491,2026-06-15,2,Sad
EMP1491,2026-06-19,2,Sad
EMP1491,2026-06-21,2,Sad
EMP1491,2026-06-23,2,Sad
EMP1491,2026-06-25,2,Sad
EMP1491,2026-06-27,3,Okay
EMP1491,2026-06-29,2,Sad
EMP1491,2026-07-01,2,Sad
EMP1491,2026-07-05,3,Okay
EMP1491,2026-07-07,2,Sad
EMP1491,2026-07-09,1,Frustrated
EMP1491,2026-07-11,1,Frustrated
EMP1491,2026-07-13,2,Sad
EMP1491,2026-07-15,1,Frustrated
EMP1491,2026-07-17,1,Frustrated
EMP1491,2026-07-19,2,Sad
EMP1491,2026-07-21,3,Okay
EMP1491,2026-07-25,1,Frustrated
EMP1491,2026-07-27,2,Sad
EMP1491,2026-07-29,2,Sad
EMP1491,2026-08-04,2,Sad
EMP1491,2026-08-06,2,Sad
EMP1491,2026-08-08,2,Sad
EMP1491,2026-08-10,2,Sad
EMP1491,2026-08-14,1,Frustrated
EMP1491,2026-08-18,2,Sad
EMP1491,2026-08-20,2,Sad
EMP1491,2026-08-22,2,Sad
EMP1491,2026-08-24,1,Frustrated
EMP1491,2026-08-26,1,Frustrated
EMP1492,2026-04-28,4,Happy
EMP1492,2026-04-30,4,Happy
EMP1492,2026-05-02,4,Happy
EMP1492,2026-05-04,5,Excited
EMP1492,2026-05-06,4,Happy
EMP1492,2026-05-08,2,Sad
EMP1492,2026-05-12,4,Happy
EMP1492,2026-05-14,4,Happy
EMP1492,2026-05-16,4,Happy
EMP1492,2026-05-18,4,Happy
EMP1492,2026-05-20,5,Excited
EMP1492,2026-05-22,3,Okay
EMP1492,2026-05-24,4,Happy
EMP1492,2026-05-26,4,Happy
EMP1492,2026-05-28,4,Happy
EMP1492,2026-05-30,5,Excited
EMP1492,2026-06-01,3,Okay
EMP1492,2026-06-03,3,Okay
EMP1492,2026-06-05,4,Happy
EMP1492,2026-06-09,4,Happy
EMP1492,2026-06-11,3,Okay
EMP1492,2026-06-13,3,Okay
EMP1492,2026-06-15,5,Excited
EMP1492,2026-06-17,4,Happy
EMP1492,2026-06-19,4,Happy
EMP1492,2026-06-21,4,Happy
EMP1492,2026-06-23,5,Excited
EMP1492,2026-06-25,4,Happy
EMP1492,2026-06-27,4,Happy
EMP1492,2026-06-29,3,Okay
EMP1492,2026-07-01,3,Okay
EMP1492,2026-07-03,4,Happy
EMP1492,2026-07-07,3,Okay
EMP1492,2026-07-09,3,Okay
EMP1492,2026-07-11,3,Okay
EMP1492,2026-07-13,2,Sad
EMP1492,2026-07-15,3,Okay
EMP1492,2026-07-17,4,Happy
EMP1492,2026-07-21,5,Excited
EMP1492,2026-07-23,4,Happy
EMP1492,2026-07-27,4,Happy
EMP1492,2026-07-29,3,Okay
EMP1492,2026-07-31,4,Happy
EMP1492,2026-08-02,4,Happy
EMP1492,2026-08-04,3,Okay
EMP1492,2026-08-06,3,Okay
EMP1492,2026-08-08,5,Excited
EMP1492,2026-08-10,5,Excited
EMP1492,2026-08-12,4,Happy
EMP1492,2026-08-14,2,Sad
EMP1492,2026-08-16,4,Happy
EMP1492,2026-08-18,4,Happy
EMP1492,2026-08-20,4,Happy
EMP1492,2026-08-22,4,Happy
EMP1492,2026-08-24,4,Happy
EMP1492,2026-08-26,4,Happy
EMP1493,2026-04-28,2,Sad
EMP1493,2026-04-30,2,Sad
EMP1493,2026-05-02,3,Okay
EMP1493,2026-05-04,2,Sad
EMP1493,2026-05-06,1,Frustrated
EMP1493,2026-05-08,1,Frustrated
EMP1493,2026-05-10,2,Sad
EMP1493,2026-05-12,2,Sad
EMP1493,2026-05-14,2,Sad
EMP1493,2026-05-18,3,Okay
EMP1493,2026-05-20,1,Frustrated
EMP1493,2026-05-22,1,Frustrated
EMP1493,2026-05-24,2,Sad
EMP1493,2026-05-26,2,Sad
EMP1493,2026-05-28,3,Okay
EMP1493,2026-05-30,2,Sad
EMP1493,2026-06-01,1,Frustrated
EMP1493,2026-06-03,2,Sad
EMP1493,2026-06-05,2,Sad
EMP1493,2026-06-07,2,Sad
EMP1493,2026-06-09,2,Sad
EMP1493,2026-06-11,3,Okay
EMP1493,2026-06-13,2,Sad
EMP1493,2026-06-15,2,Sad
EMP1493,2026-06-17,2,Sad
EMP1493,2026-06-19,1,Frustrated
EMP1493,2026-06-21,1,Frustrated
EMP1493,2026-06-23,1,Frustrated
EMP1493,2026-06-25,2,Sad
EMP1493,2026-06-27,1,Frustrated
EMP1493,2026-06-29,3,Okay
EMP1493,2026-07-01,2,Sad
EMP1493,2026-07-03,1,Frustrated
EMP1493,2026-07-05,1,Frustrated
EMP1493,2026-07-09,1,Frustrated
EMP1493,2026-07-11,1,Frustrated
EMP1493,2026-07-13,1,Frustrated
EMP1493,2026-07-15,2,Sad
EMP1493,2026-07-17,3,Okay
EMP1493,2026-07-19,1,Frustrated
EMP1493,2026-07-21,1,Frustrated
EMP1493,2026-07-23,2,Sad
EMP1493,2026-07-25,1,Frustrated
EMP1493,2026-07-27,3,Okay
EMP1493,2026-07-29,2,Sad
EMP1493,2026-07-31,1,Frustrated
EMP1493,2026-08-04,1,Frustrated
EMP1493,2026-08-06,2,Sad
EMP1493,2026-08-10,2,Sad
EMP1493,2026-08-12,1,Frustrated
EMP1493,2026-08-14,2,Sad
EMP1493,2026-08-16,3,Okay
EMP1493,2026-08-18,1,Frustrated
EMP1493,2026-08-20,1,Frustrated
EMP1493,2026-08-22,1,Frustrated
EMP1493,2026-08-24,1,Frustrated
EMP1493,2026-08-26,1,Frustrated
EMP1494,2026-04-28,3,Okay
EMP1494,2026-04-30,3,Okay
EMP1494,2026-05-02,2,Sad
EMP1494,2026-05-06,2,Sad
EMP1494,2026-05-08,1,Frustrated
EMP1494,2026-05-10,2,Sad
EMP1494,2026-05-14,1,Frustrated
EMP1494,2026-05-16,2,Sad
EMP1494,2026-05-18,2,Sad
EMP1494,2026-05-20,1,Frustrated
EMP1494,2026-05-22,2,Sad
EMP1494,2026-05-24,1,Frustrated
EMP1494,2026-05-26,3,Okay
EMP1494,2026-05-28,2,Sad
EMP1494,2026-05-30,3,Okay
EMP1494,2026-06-01,3,Okay
EMP1494,2026-06-03,3,Okay
EMP1494,2026-06-05,2,Sad
EMP1494,2026-06-07,3,Okay
EMP1494,2026-06-09,2,Sad
EMP1494,2026-06-11,2,Sad
EMP1494,2026-06-13,4,Happy
EMP1494,2026-06-15,2,Sad
EMP1494,2026-06-17,2,Sad
EMP1494,2026-06-19,2,Sad
EMP1494,2026-06-21,3,Okay
EMP1494,2026-06-23,3,Okay
EMP1494,2026-06-25,1,Frustrated
EMP1494,2026-06-27,2,Sad
EMP1494,2026-06-29,2,Sad
EMP1494,2026-07-03,3,Okay
EMP1494,2026-07-05,3,Okay
EMP1494,2026-07-09,2,Sad
EMP1494,2026-07-11,1,Frustrated
EMP1494,2026-07-13,1,Frustrated
EMP1494,2026-07-15,3,Okay
EMP1494,2026-07-17,4,Happy
EMP1494,2026-07-19,2,Sad
EMP1494,2026-07-21,1,Frustrated
EMP1494,2026-07-23,2,Sad
EMP1494,2026-07-25,2,Sad
EMP1494,2026-07-27,2,Sad
EMP1494,2026-07-29,2,Sad
EMP1494,2026-07-31,3,Okay
EMP1494,2026-08-02,3,Okay
EMP1494,2026-08-04,2,Sad
EMP1494,2026-08-06,1,Frustrated
EMP1494,2026-08-08,2,Sad
EMP1494,2026-08-10,3,Okay
EMP1494,2026-08-12,1,Frustrated
EMP1494,2026-08-14,3,Okay
EMP1494,2026-08-16,2,Sad
EMP1494,2026-08-18,3,Okay
EMP1494,2026-08-20,2,Sad
EMP1494,2026-08-22,2,Sad
EMP1494,2026-08-24,1,Frustrated
EMP1494,2026-08-26,2,Sad
EMP1495,2026-04-28,4,Happy
EMP1495,2026-05-02,4,Happy
EMP1495,2026-05-04,4,Happy
EMP1495,2026-05-06,3,Okay
EMP1495,2026-05-08,4,Happy
EMP1495,2026-05-10,2,Sad
EMP1495,2026-05-12,3,Okay
EMP1495,2026-05-16,3,Okay
EMP1495,2026-05-18,4,Happy
EMP1495,2026-05-20,2,Sad
EMP1495,2026-05-22,3,Okay
EMP1495,2026-05-24,3,Okay
EMP1495,2026-05-26,2,Sad
EMP1495,2026-05-28,4,Happy
EMP1495,2026-05-30,3,Okay
EMP1495,2026-06-01,3,Okay
EMP1495,2026-06-03,3,Okay
EMP1495,2026-06-05,4,Happy
EMP1495,2026-06-07,3,Okay
EMP1495,2026-06-09,4,Happy
EMP1495,2026-06-11,4,Happy
EMP1495,2026-06-13,3,Okay
EMP1495,2026-06-15,4,Happy
EMP1495,2026-06-17,5,Excited
EMP1495,2026-06-19,2,Sad
EMP1495,2026-06-21,2,Sad
EMP1495,2026-06-23,5,Excited
EMP1495,2026-06-25,3,Okay
EMP1495,2026-06-27,5,Excited
EMP1495,2026-06-29,4,Happy
EMP1495,2026-07-01,2,Sad
EMP1495,2026-07-03,4,Happy
EMP1495,2026-07-05,3,Okay
EMP1495,2026-07-07,4,Happy
EMP1495,2026-07-09,4,Happy
EMP1495,2026-07-11,3,Okay
EMP1495,2026-07-13,3,Okay
EMP1495,2026-07-15,4,Happy
EMP1495,2026-07-17,2,Sad
EMP1495,2026-07-19,3,Okay
EMP1495,2026-07-21,4,Happy
EMP1495,2026-07-23,4,Happy
EMP1495,2026-07-25,4,Happy
EMP1495,2026-07-27,3,Okay
EMP1495,2026-07-29,2,Sad
EMP1495,2026-07-31,3,Okay
EMP1495,2026-08-04,4,Happy
EMP1495,2026-08-06,4,Happy
EMP1495,2026-08-08,4,Happy
EMP1495,2026-08-10,2,Sad
EMP1495,2026-08-12,3,Okay
EMP1495,2026-08-14,4,Happy
EMP1495,2026-08-16,4,Happy
EMP1495,2026-08-18,4,Happy
EMP1495,2026-08-20,4,Happy
EMP1495,2026-08-22,3,Okay
EMP1495,2026-08-26,4,Happy
EMP1496,2026-04-28,3,Okay
EMP1496,2026-05-02,3,Okay
EMP1496,2026-05-04,5,Excited
EMP1496,2026-05-06,4,Happy
EMP1496,2026-05-08,4,Happy
EMP1496,2026-05-10,4,Happy
EMP1496,2026-05-12,2,Sad
EMP1496,2026-05-14,4,Happy
EMP1496,2026-05-16,4,Happy
EMP1496,2026-05-20,4,Happy
EMP1496,2026-05-24,3,Okay
EMP1496,2026-05-26,2,Sad
EMP1496,2026-05-28,3,Okay
EMP1496,2026-05-30,3,Okay
EMP1496,2026-06-01,5,Excited
EMP1496,2026-06-05,3,Okay
EMP1496,2026-06-07,4,Happy
EMP1496,2026-06-09,3,Okay
EMP1496,2026-06-11,3,Okay
EMP1496,2026-06-13,3,Okay
EMP1496,2026-06-15,3,Okay
EMP1496,2026-06-17,4,Happy
EMP1496,2026-06-19,4,Happy
EMP1496,2026-06-21,2,Sad
EMP1496,2026-06-23,4,Happy
EMP1496,2026-06-25,3,Okay
EMP1496,2026-06-27,4,Happy
EMP1496,2026-06-29,4,Happy
EMP1496,2026-07-01,4,Happy
EMP1496,2026-07-03,4,Happy
EMP1496,2026-07-05,3,Okay
EMP1496,2026-07-07,3,Okay
EMP1496,2026-07-09,4,Happy
EMP1496,2026-07-11,3,Okay
EMP1496,2026-07-13,5,Excited
EMP1496,2026-07-15,3,Okay
EMP1496,2026-07-17,3,Okay
EMP1496,2026-07-19,5,Excited
EMP1496,2026-07-21,3,Okay
EMP1496,2026-07-25,3,Okay
EMP1496,2026-07-27,4,Happy
EMP1496,2026-07-29,5,Excited
EMP1496,2026-07-31,5,Excited
EMP1496,2026-08-02,3,Okay
EMP1496,2026-08-04,4,Happy
EMP1496,2026-08-06,4,Happy
EMP1496,2026-08-08,4,Happy
EMP1496,2026-08-10,5,Excited
EMP1496,2026-08-12,5,Excited
EMP1496,2026-08-14,5,Excited
EMP1496,2026-08-16,4,Happy
EMP1496,2026-08-18,4,Happy
EMP1496,2026-08-20,3,Okay
EMP1496,2026-08-22,3,Okay
EMP1496,2026-08-24,4,Happy
EMP1496,2026-08-26,3,Okay
EMP1497,2026-04-28,4,Happy
EMP1497,2026-04-30,3,Okay
EMP1497,2026-05-02,3,Okay
EMP1497,2026-05-04,3,Okay
EMP1497,2026-05-06,4,Happy
EMP1497,2026-05-08,3,Okay
EMP1497,2026-05-10,4,Happy
EMP1497,2026-05-12,4,Happy
EMP1497,2026-05-14,3,Okay
EMP1497,2026-05-16,4,Happy
EMP1497,2026-05-18,5,Excited
EMP1497,2026-05-20,4,Happy
EMP1497,2026-05-22,5,Excited
EMP1497,2026-05-24,5,Excited
EMP1497,2026-05-26,4,Happy
EMP1497,2026-05-28,4,Happy
EMP1497,2026-05-30,2,Sad
EMP1497,2026-06-01,4,Happy
EMP1497,2026-06-05,3,Okay
EMP1497,2026-06-07,4,Happy
EMP1497,2026-06-09,4,Happy
EMP1497,2026-06-11,4,Happy
EMP1497,2026-06-13,4,Happy
EMP1497,2026-06-17,4,Happy
EMP1497,2026-06-19,3,Okay
EMP1497,2026-06-21,3,Okay
EMP1497,2026-06-23,4,Happy
EMP1497,2026-06-25,4,Happy
EMP1497,2026-06-27,4,Happy
EMP1497,2026-07-01,3,Okay
EMP1497,2026-07-03,3,Okay
EMP1497,2026-07-05,3,Okay
EMP1497,2026-07-07,3,Okay
EMP1497,2026-07-09,5,Excited
EMP1497,2026-07-11,4,Happy
EMP1497,2026-07-13,2,Sad
EMP1497,2026-07-15,4,Happy
EMP1497,2026-07-17,4,Happy
EMP1497,2026-07-19,4,Happy
EMP1497,2026-07-21,3,Okay
EMP1497,2026-07-23,2,Sad
EMP1497,2026-07-25,5,Excited
EMP1497,2026-07-27,3,Okay
EMP1497,2026-07-31,4,Happy
EMP1497,2026-08-02,4,Happy
EMP1497,2026-08-06,3,Okay
EMP1497,2026-08-08,4,Happy
EMP1497,2026-08-10,3,Okay
EMP1497,2026-08-12,4,Happy
EMP1497,2026-08-16,5,Excited
EMP1497,2026-08-18,4,Happy
EMP1497,2026-08-20,3,Okay
EMP1497,2026-08-22,3,Okay
EMP1497,2026-08-26,3,Okay
EMP1498,2026-04-28,4,Happy
EMP1498,2026-04-30,4,Happy
EMP1498,2026-05-02,5,Excited
EMP1498,2026-05-04,5,Excited
EMP1498,2026-05-06,4,Happy
EMP1498,2026-05-08,4,Happy
EMP1498,2026-05-10,4,Happy
EMP1498,2026-05-12,4,Happy
EMP1498,2026-05-14,4,Happy
EMP1498,2026-05-18,4,Happy
EMP1498,2026-05-20,5,Excited
EMP1498,2026-05-22,5,Excited
EMP1498,2026-05-24,4,Happy
EMP1498,2026-05-28,5,Excited
EMP1498,2026-05-30,5,Excited
EMP1498,2026-06-01,4,Happy
EMP1498,2026-06-03,5,Excited
EMP1498,2026-06-05,5,Excited
EMP1498,2026-06-07,5,Excited
EMP1498,2026-06-09,4,Happy
EMP1498,2026-06-11,5,Excited
EMP1498,2026-06-13,5,Excited
EMP1498,2026-06-15,4,Happy
EMP1498,2026-06-17,4,Happy
EMP1498,2026-06-19,4,Happy
EMP1498,2026-06-21,3,Okay
EMP1498,2026-06-23,4,Happy
EMP1498,2026-06-25,5,Excited
EMP1498,2026-06-27,4,Happy
EMP1498,2026-06-29,5,Excited
EMP1498,2026-07-01,5,Excited
EMP1498,2026-07-03,5,Excited
EMP1498,2026-07-05,5,Excited
EMP1498,2026-07-07,4,Happy
EMP1498,2026-07-09,4,Happy
EMP1498,2026-07-11,4,Happy
EMP1498,2026-07-13,4,Happy
EMP1498,2026-07-17,5,Excited
EMP1498,2026-07-19,5,Excited
EMP1498,2026-07-21,5,Excited
EMP1498,2026-07-23,5,Excited
EMP1498,2026-07-25,5,Excited
EMP1498,2026-07-27,5,Excited
EMP1498,2026-07-31,4,Happy
EMP1498,2026-08-02,5,Excited
EMP1498,2026-08-04,5,Excited
EMP1498,2026-08-06,5,Excited
EMP1498,2026-08-08,5,Excited
EMP1498,2026-08-10,5,Excited
EMP1498,2026-08-12,5,Excited
EMP1498,2026-08-14,4,Happy
EMP1498,2026-08-16,5,Excited
EMP1498,2026-08-18,5,Excited
EMP1498,2026-08-24,4,Happy
EMP1498,2026-08-26,5,Excited
EMP1499,2026-04-28,2,Sad
EMP1499,2026-04-30,3,Okay
EMP1499,2026-05-02,3,Okay
EMP1499,2026-05-04,3,Okay
EMP1499,2026-05-06,3,Okay
EMP1499,2026-05-08,2,Sad
EMP1499,2026-05-10,3,Okay
EMP1499,2026-05-12,3,Okay
EMP1499,2026-05-14,3,Okay
EMP1499,2026-05-16,2,Sad
EMP1499,2026-05-18,2,Sad
EMP1499,2026-05-20,3,Okay
EMP1499,2026-05-22,3,Okay
EMP1499,2026-05-24,3,Okay
EMP1499,2026-05-26,3,Okay
EMP1499,2026-05-28,2,Sad
EMP1499,2026-05-30,2,Sad
EMP1499,2026-06-01,3,Okay
EMP1499,2026-06-03,3,Okay
EMP1499,2026-06-05,2,Sad
EMP1499,2026-06-07,2,Sad
EMP1499,2026-06-09,2,Sad
EMP1499,2026-06-13,2,Sad
EMP1499,2026-06-15,3,Okay
EMP1499,2026-06-17,3,Okay
EMP1499,2026-06-21,2,Sad
EMP1499,2026-06-25,2,Sad
EMP1499,2026-06-29,2,Sad
EMP1499,2026-07-01,2,Sad
EMP1499,2026-07-03,1,Frustrated
EMP1499,2026-07-05,1,Frustrated
EMP1499,2026-07-07,2,Sad
EMP1499,2026-07-09,2,Sad
EMP1499,2026-07-11,2,Sad
EMP1499,2026-07-13,2,Sad
EMP1499,2026-07-15,2,Sad
EMP1499,2026-07-17,2,Sad
EMP1499,2026-07-19,3,Okay
EMP1499,2026-07-21,2,Sad
EMP1499,2026-07-23,3,Okay
EMP1499,2026-07-25,1,Frustrated
EMP1499,2026-07-27,2,Sad
EMP1499,2026-07-31,1,Frustrated
EMP1499,2026-08-02,1,Frustrated
EMP1499,2026-08-04,1,Frustrated
EMP1499,2026-08-06,1,Frustrated
EMP1499,2026-08-10,1,Frustrated
EMP1499,2026-08-12,1,Frustrated
EMP1499,2026-08-14,2,Sad
EMP1499,2026-08-16,1,Frustrated
EMP1499,2026-08-18,2,Sad
EMP1499,2026-08-20,1,Frustrated
EMP1499,2026-08-22,3,Okay
EMP1499,2026-08-24,2,Sad
EMP1499,2026-08-26,1,Frustrated
